cell_identity,state,source_member,family,exposure_role,system,seed,typed_failure,n_candidates,verdict_slots,n_successes,successful_ordinals,chosen_ordinal,chosen_predicted_cost,chosen_in_success_band,top1_hit,top3_hit,chance_top1,chance_top3,auc,spearman_ordinal,spearman_drag_x,spearman_drag_y,bound_issue87_only,first_shot_success_issue87_only,arm,drag_x,drag_y,radius,angle_deg
decision--continuous-fixed-h1--seed20260908--issue-77-n1-001--grid,issue-77-n1-001-a00,issue-77-n1-001,type010103,training,continuous-fixed-h1,20260908,False,16,16,1,1,15,68.37496489286423,True,False,False,0.0625,0.1875,0.13333333333333333,-0.75,0.5699587188353825,-0.8124943438717155,True,False,grid,-160,80,178.88543819998318,26.56505117707799
decision--continuous-fixed-h1--seed20260909--issue-77-n1-001--grid,issue-77-n1-001-a00,issue-77-n1-001,type010103,training,continuous-fixed-h1,20260909,False,16,16,1,1,15,97.47998636960983,True,False,False,0.0625,0.1875,0.06666666666666667,-0.9558823529411766,0.8610014688789821,-0.49719803132448265,True,False,grid,-160,80,178.88543819998318,26.56505117707799
decision--continuous-fixed-h1--seed20260910--issue-77-n1-001--grid,issue-77-n1-001-a00,issue-77-n1-001,type010103,training,continuous-fixed-h1,20260910,False,16,16,1,1,15,91.6471688747406,True,False,False,0.0625,0.1875,0.06666666666666667,-0.9264705882352942,0.8124943438717155,-0.5699587188353825,True,False,grid,-160,80,178.88543819998318,26.56505117707799
decision--continuous-fixed-h5--seed20260908--issue-77-n1-001--grid,issue-77-n1-001-a00,issue-77-n1-001,type010103,training,continuous-fixed-h5,20260908,False,16,16,1,1,15,49.86604630947113,True,False,False,0.0625,0.1875,0.13333333333333333,-0.75,0.5699587188353825,-0.8124943438717155,True,False,grid,-160,80,178.88543819998318,26.56505117707799
decision--continuous-fixed-h5--seed20260909--issue-77-n1-001--grid,issue-77-n1-001-a00,issue-77-n1-001,type010103,training,continuous-fixed-h5,20260909,False,16,16,1,1,15,85.09927690029144,True,False,False,0.0625,0.1875,0.06666666666666667,-0.9264705882352942,0.8124943438717155,-0.5699587188353825,True,False,grid,-160,80,178.88543819998318,26.56505117707799
decision--continuous-fixed-h5--seed20260910--issue-77-n1-001--grid,issue-77-n1-001-a00,issue-77-n1-001,type010103,training,continuous-fixed-h5,20260910,False,16,16,1,1,15,79.85918200016022,True,False,False,0.0625,0.1875,0.06666666666666667,-0.9264705882352942,0.8124943438717155,-0.5699587188353825,True,False,grid,-160,80,178.88543819998318,26.56505117707799
decision--hybrid-fixed-h1--seed20260908--issue-77-n1-001--grid,issue-77-n1-001-a00,issue-77-n1-001,type010103,training,hybrid-fixed-h1,20260908,False,16,16,1,1,3,43.951701521873474,False,False,False,0.0625,0.1875,0.4666666666666667,0.0,-0.24253562503633297,-0.9701425001453319,True,False,grid,-40,80,89.44271909999159,63.43494882292201
decision--hybrid-fixed-h1--seed20260909--issue-77-n1-001--grid,issue-77-n1-001-a00,issue-77-n1-001,type010103,training,hybrid-fixed-h1,20260909,False,16,16,1,1,15,60.74497348070145,True,False,False,0.0625,0.1875,0.26666666666666666,-0.4705882352941176,0.24253562503633297,-0.9701425001453319,True,False,grid,-160,80,178.88543819998318,26.56505117707799
decision--hybrid-fixed-h1--seed20260910--issue-77-n1-001--grid,issue-77-n1-001-a00,issue-77-n1-001,type010103,training,hybrid-fixed-h1,20260910,False,16,16,1,1,15,57.03205472230911,True,False,False,0.0625,0.1875,0.06666666666666667,-0.9176470588235294,0.8003675626198988,-0.5820855000871992,True,False,grid,-160,80,178.88543819998318,26.56505117707799
decision--continuous-fixed-h1--seed20260908--issue-77-n1-001--offset,issue-77-n1-001-a00,issue-77-n1-001,type010103,training,continuous-fixed-h1,20260908,False,11,11,1,4,8,71.60673022270203,False,False,False,0.09090909090909091,0.2727272727272727,0.4,-0.881818181818182,-0.881818181818182,-0.881818181818182,True,False,offset,-34,72,79.62411694957753,64.72227776444704
decision--continuous-fixed-h1--seed20260909--issue-77-n1-001--offset,issue-77-n1-001-a00,issue-77-n1-001,type010103,training,continuous-fixed-h1,20260909,False,11,11,1,4,5,101.93085485696793,True,False,True,0.09090909090909091,0.2727272727272727,0.9,0.13636363636363638,0.13636363636363638,0.13636363636363638,True,False,offset,-58,55,79.93122043357026,43.47923033885623
decision--continuous-fixed-h1--seed20260910--issue-77-n1-001--offset,issue-77-n1-001-a00,issue-77-n1-001,type010103,training,continuous-fixed-h1,20260910,False,11,11,1,4,6,95.19271689653397,True,False,True,0.09090909090909091,0.2727272727272727,0.8,-0.33636363636363636,-0.33636363636363636,-0.33636363636363636,True,False,offset,-51,62,80.2807573457052,50.55994726330954
decision--continuous-fixed-h5--seed20260908--issue-77-n1-001--offset,issue-77-n1-001-a00,issue-77-n1-001,type010103,training,continuous-fixed-h5,20260908,False,11,11,1,4,8,61.26456707715988,False,False,False,0.09090909090909091,0.2727272727272727,0.4,-0.9,-0.9,-0.9,True,False,offset,-34,72,79.62411694957753,64.72227776444704
decision--continuous-fixed-h5--seed20260909--issue-77-n1-001--offset,issue-77-n1-001-a00,issue-77-n1-001,type010103,training,continuous-fixed-h5,20260909,False,11,11,1,4,6,100.01304650306702,True,False,False,0.09090909090909091,0.2727272727272727,0.7,-0.41818181818181827,-0.41818181818181827,-0.41818181818181827,True,False,offset,-51,62,80.2807573457052,50.55994726330954
decision--continuous-fixed-h5--seed20260910--issue-77-n1-001--offset,issue-77-n1-001-a00,issue-77-n1-001,type010103,training,continuous-fixed-h5,20260910,False,11,11,1,4,6,94.58322733640671,True,False,False,0.09090909090909091,0.2727272727272727,0.7,-0.36363636363636365,-0.36363636363636365,-0.36363636363636365,True,False,offset,-51,62,80.2807573457052,50.55994726330954
decision--hybrid-fixed-h1--seed20260908--issue-77-n1-001--offset,issue-77-n1-001-a00,issue-77-n1-001,type010103,training,hybrid-fixed-h1,20260908,False,11,11,1,4,10,43.90895164012909,False,False,False,0.09090909090909091,0.2727272727272727,0.4,-1.0,-1.0,-1.0,True,False,offset,-16,78,79.62411694957753,78.40782458970894
decision--hybrid-fixed-h1--seed20260909--issue-77-n1-001--offset,issue-77-n1-001-a00,issue-77-n1-001,type010103,training,hybrid-fixed-h1,20260909,False,11,11,1,4,10,62.755737602710724,False,False,False,0.09090909090909091,0.2727272727272727,0.4,-1.0,-1.0,-1.0,True,False,offset,-16,78,79.62411694957753,78.40782458970894
decision--hybrid-fixed-h1--seed20260910--issue-77-n1-001--offset,issue-77-n1-001-a00,issue-77-n1-001,type010103,training,hybrid-fixed-h1,20260910,False,11,11,1,4,7,60.92576885223389,False,False,False,0.09090909090909091,0.2727272727272727,0.4,-0.7818181818181819,-0.7818181818181819,-0.7818181818181819,True,False,offset,-43,67,79.61155694998057,57.30801581742793
decision--continuous-fixed-h1--seed20260908--issue-77-n1-003--grid,issue-77-n1-003-a00,issue-77-n1-003,type010103,training,continuous-fixed-h1,20260908,False,16,16,1,2,15,49.51633310317993,True,False,False,0.0625,0.1875,0.3333333333333333,-0.75,0.5699587188353825,-0.8124943438717155,True,False,grid,-160,80,178.88543819998318,26.56505117707799
decision--continuous-fixed-h1--seed20260909--issue-77-n1-003--grid,issue-77-n1-003-a00,issue-77-n1-003,type010103,training,continuous-fixed-h1,20260909,False,16,16,1,2,15,74.90562689304352,True,False,False,0.0625,0.1875,0.2,-0.9558823529411766,0.8610014688789821,-0.49719803132448265,True,False,grid,-160,80,178.88543819998318,26.56505117707799
decision--continuous-fixed-h1--seed20260910--issue-77-n1-003--grid,issue-77-n1-003-a00,issue-77-n1-003,type010103,training,continuous-fixed-h1,20260910,False,16,16,1,2,15,76.99536859989166,True,False,False,0.0625,0.1875,0.2,-0.9264705882352942,0.8124943438717155,-0.5699587188353825,True,False,grid,-160,80,178.88543819998318,26.56505117707799
decision--continuous-fixed-h5--seed20260908--issue-77-n1-003--grid,issue-77-n1-003-a00,issue-77-n1-003,type010103,training,continuous-fixed-h5,20260908,False,16,16,1,2,15,15.291563972830772,True,False,False,0.0625,0.1875,0.3333333333333333,-0.75,0.5699587188353825,-0.8124943438717155,True,False,grid,-160,80,178.88543819998318,26.56505117707799
decision--continuous-fixed-h5--seed20260909--issue-77-n1-003--grid,issue-77-n1-003-a00,issue-77-n1-003,type010103,training,continuous-fixed-h5,20260909,False,16,16,1,2,15,44.045629382133484,True,False,False,0.0625,0.1875,0.2,-0.9264705882352942,0.8124943438717155,-0.5699587188353825,True,False,grid,-160,80,178.88543819998318,26.56505117707799
decision--continuous-fixed-h5--seed20260910--issue-77-n1-003--grid,issue-77-n1-003-a00,issue-77-n1-003,type010103,training,continuous-fixed-h5,20260910,False,16,16,1,2,15,49.432870268821716,True,False,False,0.0625,0.1875,0.2,-0.9264705882352942,0.8124943438717155,-0.5699587188353825,True,False,grid,-160,80,178.88543819998318,26.56505117707799
decision--hybrid-fixed-h1--seed20260908--issue-77-n1-003--grid,issue-77-n1-003-a00,issue-77-n1-003,type010103,training,hybrid-fixed-h1,20260908,False,16,16,1,2,3,46.04742729663849,False,False,False,0.0625,0.1875,0.7333333333333333,0.0,-0.24253562503633297,-0.9701425001453319,True,False,grid,-40,80,89.44271909999159,63.43494882292201
decision--hybrid-fixed-h1--seed20260909--issue-77-n1-003--grid,issue-77-n1-003-a00,issue-77-n1-003,type010103,training,hybrid-fixed-h1,20260909,False,16,16,1,2,15,56.76395398378372,True,False,False,0.0625,0.1875,0.5333333333333333,-0.4705882352941176,0.24253562503633297,-0.9701425001453319,True,False,grid,-160,80,178.88543819998318,26.56505117707799
decision--hybrid-fixed-h1--seed20260910--issue-77-n1-003--grid,issue-77-n1-003-a00,issue-77-n1-003,type010103,training,hybrid-fixed-h1,20260910,False,16,16,1,2,15,50.19131934642792,True,False,False,0.0625,0.1875,0.3333333333333333,-0.75,0.5699587188353825,-0.8124943438717155,True,False,grid,-160,80,178.88543819998318,26.56505117707799
decision--continuous-fixed-h1--seed20260908--issue-77-n1-003--offset,issue-77-n1-003-a00,issue-77-n1-003,type010103,training,continuous-fixed-h1,20260908,False,11,11,1,6,8,52.545912742614746,False,False,False,0.09090909090909091,0.2727272727272727,0.7,-0.9,-0.9,-0.9,True,False,offset,-34,72,79.62411694957753,64.72227776444704
decision--continuous-fixed-h1--seed20260909--issue-77-n1-003--offset,issue-77-n1-003-a00,issue-77-n1-003,type010103,training,continuous-fixed-h1,20260909,False,11,11,1,6,5,79.26661479473114,True,False,True,0.09090909090909091,0.2727272727272727,0.9,0.11818181818181818,0.11818181818181818,0.11818181818181818,True,False,offset,-58,55,79.93122043357026,43.47923033885623
decision--continuous-fixed-h1--seed20260910--issue-77-n1-003--offset,issue-77-n1-003-a00,issue-77-n1-003,type010103,training,continuous-fixed-h1,20260910,False,11,11,1,6,6,80.2522599697113,True,True,True,0.09090909090909091,0.2727272727272727,1.0,-0.36363636363636365,-0.36363636363636365,-0.36363636363636365,True,True,offset,-51,62,80.2807573457052,50.55994726330954
decision--continuous-fixed-h5--seed20260908--issue-77-n1-003--offset,issue-77-n1-003-a00,issue-77-n1-003,type010103,training,continuous-fixed-h5,20260908,False,11,11,1,6,8,26.231081515550613,False,False,False,0.09090909090909091,0.2727272727272727,0.6,-0.9363636363636365,-0.9363636363636365,-0.9363636363636365,True,False,offset,-34,72,79.62411694957753,64.72227776444704
decision--continuous-fixed-h5--seed20260909--issue-77-n1-003--offset,issue-77-n1-003-a00,issue-77-n1-003,type010103,training,continuous-fixed-h5,20260909,False,11,11,1,6,6,58.64494824409485,True,True,True,0.09090909090909091,0.2727272727272727,1.0,-0.5454545454545455,-0.5454545454545455,-0.5454545454545455,True,True,offset,-51,62,80.2807573457052,50.55994726330954
decision--continuous-fixed-h5--seed20260910--issue-77-n1-003--offset,issue-77-n1-003-a00,issue-77-n1-003,type010103,training,continuous-fixed-h5,20260910,False,11,11,1,6,6,63.317134141922,True,True,True,0.09090909090909091,0.2727272727272727,1.0,-0.5454545454545455,-0.5454545454545455,-0.5454545454545455,True,True,offset,-51,62,80.2807573457052,50.55994726330954
decision--hybrid-fixed-h1--seed20260908--issue-77-n1-003--offset,issue-77-n1-003-a00,issue-77-n1-003,type010103,training,hybrid-fixed-h1,20260908,False,11,11,1,6,10,46.00485122203827,False,False,False,0.09090909090909091,0.2727272727272727,0.6,-1.0,-1.0,-1.0,True,False,offset,-16,78,79.62411694957753,78.40782458970894
decision--hybrid-fixed-h1--seed20260909--issue-77-n1-003--offset,issue-77-n1-003-a00,issue-77-n1-003,type010103,training,hybrid-fixed-h1,20260909,False,11,11,1,6,10,58.36341041326523,False,False,False,0.09090909090909091,0.2727272727272727,0.6,-1.0,-1.0,-1.0,True,False,offset,-16,78,79.62411694957753,78.40782458970894
decision--hybrid-fixed-h1--seed20260910--issue-77-n1-003--offset,issue-77-n1-003-a00,issue-77-n1-003,type010103,training,hybrid-fixed-h1,20260910,False,11,11,1,6,8,53.71946918964386,False,False,False,0.09090909090909091,0.2727272727272727,0.6,-0.9363636363636365,-0.9363636363636365,-0.9363636363636365,True,False,offset,-34,72,79.62411694957753,64.72227776444704
decision--continuous-fixed-h1--seed20260908--issue-77-n1-004--grid,issue-77-n1-004-a07,issue-77-n1-004,type010103,training,continuous-fixed-h1,20260908,False,16,16,1,7,15,99.75150632858276,True,False,False,0.0625,0.1875,0.8,-0.75,0.5699587188353825,-0.8124943438717155,True,False,grid,-160,80,178.88543819998318,26.56505117707799
decision--continuous-fixed-h1--seed20260909--issue-77-n1-004--grid,issue-77-n1-004-a07,issue-77-n1-004,type010103,training,continuous-fixed-h1,20260909,False,16,16,1,7,15,137.946342587471,True,False,False,0.0625,0.1875,0.6,-0.9558823529411766,0.8610014688789821,-0.49719803132448265,True,False,grid,-160,80,178.88543819998318,26.56505117707799
decision--continuous-fixed-h1--seed20260910--issue-77-n1-004--grid,issue-77-n1-004-a07,issue-77-n1-004,type010103,training,continuous-fixed-h1,20260910,False,16,16,1,7,15,124.00469648838043,True,False,False,0.0625,0.1875,0.6666666666666666,-0.9264705882352942,0.8124943438717155,-0.5699587188353825,True,False,grid,-160,80,178.88543819998318,26.56505117707799
decision--continuous-fixed-h5--seed20260908--issue-77-n1-004--grid,issue-77-n1-004-a07,issue-77-n1-004,type010103,training,continuous-fixed-h5,20260908,False,16,16,1,7,15,71.89397346973419,True,False,False,0.0625,0.1875,0.8,-0.75,0.5699587188353825,-0.8124943438717155,True,False,grid,-160,80,178.88543819998318,26.56505117707799
decision--continuous-fixed-h5--seed20260909--issue-77-n1-004--grid,issue-77-n1-004-a07,issue-77-n1-004,type010103,training,continuous-fixed-h5,20260909,False,16,16,1,7,15,127.49451488256454,True,False,False,0.0625,0.1875,0.6666666666666666,-0.9264705882352942,0.8124943438717155,-0.5699587188353825,True,False,grid,-160,80,178.88543819998318,26.56505117707799
decision--continuous-fixed-h5--seed20260910--issue-77-n1-004--grid,issue-77-n1-004-a07,issue-77-n1-004,type010103,training,continuous-fixed-h5,20260910,False,16,16,1,7,15,95.81666779518127,True,False,False,0.0625,0.1875,0.6666666666666666,-0.9264705882352942,0.8124943438717155,-0.5699587188353825,True,False,grid,-160,80,178.88543819998318,26.56505117707799
decision--hybrid-fixed-h1--seed20260908--issue-77-n1-004--grid,issue-77-n1-004-a07,issue-77-n1-004,type010103,training,hybrid-fixed-h1,20260908,False,16,16,1,7,3,83.34166204929352,False,False,True,0.0625,0.1875,0.9333333333333333,0.0,-0.24253562503633297,-0.9701425001453319,True,False,grid,-40,80,89.44271909999159,63.43494882292201
decision--hybrid-fixed-h1--seed20260909--issue-77-n1-004--grid,issue-77-n1-004-a07,issue-77-n1-004,type010103,training,hybrid-fixed-h1,20260909,False,16,16,1,7,15,101.5838628411293,True,False,True,0.0625,0.1875,0.8666666666666667,-0.4705882352941176,0.24253562503633297,-0.9701425001453319,True,False,grid,-160,80,178.88543819998318,26.56505117707799
decision--hybrid-fixed-h1--seed20260910--issue-77-n1-004--grid,issue-77-n1-004-a07,issue-77-n1-004,type010103,training,hybrid-fixed-h1,20260910,False,16,16,1,7,15,90.852101624012,True,False,False,0.0625,0.1875,0.8,-0.75,0.5699587188353825,-0.8124943438717155,True,False,grid,-160,80,178.88543819998318,26.56505117707799
decision--continuous-fixed-h1--seed20260908--issue-77-n1-004--offset,issue-77-n1-004-a07,issue-77-n1-004,type010103,training,continuous-fixed-h1,20260908,False,11,11,1,5,8,102.84002304077148,False,False,False,0.09090909090909091,0.2727272727272727,0.5,-0.9,-0.9,-0.9,True,False,offset,-34,72,79.62411694957753,64.72227776444704
decision--continuous-fixed-h1--seed20260909--issue-77-n1-004--offset,issue-77-n1-004-a07,issue-77-n1-004,type010103,training,continuous-fixed-h1,20260909,False,11,11,1,5,5,142.4217855334282,True,True,True,0.09090909090909091,0.2727272727272727,1.0,0.13636363636363638,0.13636363636363638,0.13636363636363638,True,True,offset,-58,55,79.93122043357026,43.47923033885623
decision--continuous-fixed-h1--seed20260910--issue-77-n1-004--offset,issue-77-n1-004-a07,issue-77-n1-004,type010103,training,continuous-fixed-h1,20260910,False,11,11,1,5,6,127.55572146177292,True,False,True,0.09090909090909091,0.2727272727272727,0.9,-0.33636363636363636,-0.33636363636363636,-0.33636363636363636,True,False,offset,-51,62,80.2807573457052,50.55994726330954
decision--continuous-fixed-h5--seed20260908--issue-77-n1-004--offset,issue-77-n1-004-a07,issue-77-n1-004,type010103,training,continuous-fixed-h5,20260908,False,11,11,1,5,9,82.69827830791473,False,False,False,0.09090909090909091,0.2727272727272727,0.5,-0.9454545454545454,-0.9454545454545454,-0.9454545454545454,True,False,offset,-25,76,80.00624975587844,71.79151552941917
decision--continuous-fixed-h5--seed20260909--issue-77-n1-004--offset,issue-77-n1-004-a07,issue-77-n1-004,type010103,training,continuous-fixed-h5,20260909,False,11,11,1,5,6,142.50522381067276,True,False,True,0.09090909090909091,0.2727272727272727,0.8,-0.5454545454545455,-0.5454545454545455,-0.5454545454545455,True,False,offset,-51,62,80.2807573457052,50.55994726330954
decision--continuous-fixed-h5--seed20260910--issue-77-n1-004--offset,issue-77-n1-004-a07,issue-77-n1-004,type010103,training,continuous-fixed-h5,20260910,False,11,11,1,5,6,110.5154435634613,True,False,True,0.09090909090909091,0.2727272727272727,0.9,-0.36363636363636365,-0.36363636363636365,-0.36363636363636365,True,False,offset,-51,62,80.2807573457052,50.55994726330954
decision--hybrid-fixed-h1--seed20260908--issue-77-n1-004--offset,issue-77-n1-004-a07,issue-77-n1-004,type010103,training,hybrid-fixed-h1,20260908,False,11,11,1,5,10,83.27656894922256,False,False,False,0.09090909090909091,0.2727272727272727,0.5,-1.0,-1.0,-1.0,True,False,offset,-16,78,79.62411694957753,78.40782458970894
decision--hybrid-fixed-h1--seed20260909--issue-77-n1-004--offset,issue-77-n1-004-a07,issue-77-n1-004,type010103,training,hybrid-fixed-h1,20260909,False,11,11,1,5,10,103.49442756175995,False,False,False,0.09090909090909091,0.2727272727272727,0.5,-1.0,-1.0,-1.0,True,False,offset,-16,78,79.62411694957753,78.40782458970894
decision--hybrid-fixed-h1--seed20260910--issue-77-n1-004--offset,issue-77-n1-004-a07,issue-77-n1-004,type010103,training,hybrid-fixed-h1,20260910,False,11,11,1,5,9,94.65026181936264,False,False,False,0.09090909090909091,0.2727272727272727,0.5,-0.9454545454545454,-0.9454545454545454,-0.9454545454545454,True,False,offset,-25,76,80.00624975587844,71.79151552941917
decision--continuous-fixed-h1--seed20260908--issue-77-n1-005--grid,issue-77-n1-005-a07,issue-77-n1-005,type010103,training,continuous-fixed-h1,20260908,False,16,8,1,7,15,92.96925181150436,True,False,False,0.125,0.375,0.5714285714285714,-0.75,0.5699587188353825,-0.8124943438717155,True,False,grid,-160,80,178.88543819998318,26.56505117707799
decision--continuous-fixed-h1--seed20260909--issue-77-n1-005--grid,issue-77-n1-005-a07,issue-77-n1-005,type010103,training,continuous-fixed-h1,20260909,False,16,8,1,7,15,131.45229828357697,True,False,False,0.125,0.375,0.42857142857142855,-0.9558823529411766,0.8610014688789821,-0.49719803132448265,True,False,grid,-160,80,178.88543819998318,26.56505117707799
decision--continuous-fixed-h1--seed20260910--issue-77-n1-005--grid,issue-77-n1-005-a07,issue-77-n1-005,type010103,training,continuous-fixed-h1,20260910,False,16,8,1,7,15,117.68686282634735,True,False,False,0.125,0.375,0.42857142857142855,-0.9264705882352942,0.8124943438717155,-0.5699587188353825,True,False,grid,-160,80,178.88543819998318,26.56505117707799
decision--continuous-fixed-h5--seed20260908--issue-77-n1-005--grid,issue-77-n1-005-a07,issue-77-n1-005,type010103,training,continuous-fixed-h5,20260908,False,16,8,1,7,15,65.23020845651627,True,False,False,0.125,0.375,0.5714285714285714,-0.75,0.5699587188353825,-0.8124943438717155,True,False,grid,-160,80,178.88543819998318,26.56505117707799
decision--continuous-fixed-h5--seed20260909--issue-77-n1-005--grid,issue-77-n1-005-a07,issue-77-n1-005,type010103,training,continuous-fixed-h5,20260909,False,16,8,1,7,15,123.6465095281601,True,False,False,0.125,0.375,0.42857142857142855,-0.9264705882352942,0.8124943438717155,-0.5699587188353825,True,False,grid,-160,80,178.88543819998318,26.56505117707799
decision--continuous-fixed-h5--seed20260910--issue-77-n1-005--grid,issue-77-n1-005-a07,issue-77-n1-005,type010103,training,continuous-fixed-h5,20260910,False,16,8,1,7,15,98.67533034086227,True,False,False,0.125,0.375,0.42857142857142855,-0.9264705882352942,0.8124943438717155,-0.5699587188353825,True,False,grid,-160,80,178.88543819998318,26.56505117707799
decision--hybrid-fixed-h1--seed20260908--issue-77-n1-005--grid,issue-77-n1-005-a07,issue-77-n1-005,type010103,training,hybrid-fixed-h1,20260908,False,16,8,1,7,3,74.65563082695007,False,False,True,0.125,0.375,0.8571428571428571,0.0,-0.24253562503633297,-0.9701425001453319,True,False,grid,-40,80,89.44271909999159,63.43494882292201
decision--hybrid-fixed-h1--seed20260909--issue-77-n1-005--grid,issue-77-n1-005-a07,issue-77-n1-005,type010103,training,hybrid-fixed-h1,20260909,False,16,8,1,7,15,92.3274757862091,True,False,True,0.125,0.375,0.7142857142857143,-0.4705882352941176,0.24253562503633297,-0.9701425001453319,True,False,grid,-160,80,178.88543819998318,26.56505117707799
decision--hybrid-fixed-h1--seed20260910--issue-77-n1-005--grid,issue-77-n1-005-a07,issue-77-n1-005,type010103,training,hybrid-fixed-h1,20260910,False,16,8,1,7,15,84.401575922966,True,False,False,0.125,0.375,0.5714285714285714,-0.75,0.5699587188353825,-0.8124943438717155,True,False,grid,-160,80,178.88543819998318,26.56505117707799
decision--continuous-fixed-h1--seed20260908--issue-77-n1-005--offset,issue-77-n1-005-a07,issue-77-n1-005,type010103,training,continuous-fixed-h1,20260908,False,11,5,1,5,8,96.09424370527267,False,False,True,0.2,0.6,0.5,-0.9,-0.9,-0.9,True,False,offset,-34,72,79.62411694957753,64.72227776444704
decision--continuous-fixed-h1--seed20260909--issue-77-n1-005--offset,issue-77-n1-005-a07,issue-77-n1-005,type010103,training,continuous-fixed-h1,20260909,False,11,5,1,5,5,135.90635234117508,True,True,True,0.2,0.6,1.0,0.13636363636363638,0.13636363636363638,0.13636363636363638,True,True,offset,-58,55,79.93122043357026,43.47923033885623
decision--continuous-fixed-h1--seed20260910--issue-77-n1-005--offset,issue-77-n1-005-a07,issue-77-n1-005,type010103,training,continuous-fixed-h1,20260910,False,11,5,1,5,6,121.23738318681717,True,False,True,0.2,0.6,0.75,-0.33636363636363636,-0.33636363636363636,-0.33636363636363636,True,False,offset,-51,62,80.2807573457052,50.55994726330954
decision--continuous-fixed-h5--seed20260908--issue-77-n1-005--offset,issue-77-n1-005-a07,issue-77-n1-005,type010103,training,continuous-fixed-h5,20260908,False,11,5,1,5,8,76.18962579965591,False,False,True,0.2,0.6,0.5,-0.9454545454545454,-0.9454545454545454,-0.9454545454545454,True,False,offset,-34,72,79.62411694957753,64.72227776444704
decision--continuous-fixed-h5--seed20260909--issue-77-n1-005--offset,issue-77-n1-005-a07,issue-77-n1-005,type010103,training,continuous-fixed-h5,20260909,False,11,5,1,5,6,138.59348618984222,True,False,True,0.2,0.6,0.75,-0.4909090909090909,-0.4909090909090909,-0.4909090909090909,True,False,offset,-51,62,80.2807573457052,50.55994726330954
decision--continuous-fixed-h5--seed20260910--issue-77-n1-005--offset,issue-77-n1-005-a07,issue-77-n1-005,type010103,training,continuous-fixed-h5,20260910,False,11,5,1,5,6,113.34106981754303,True,False,True,0.2,0.6,0.75,-0.36363636363636365,-0.36363636363636365,-0.36363636363636365,True,False,offset,-51,62,80.2807573457052,50.55994726330954
decision--hybrid-fixed-h1--seed20260908--issue-77-n1-005--offset,issue-77-n1-005-a07,issue-77-n1-005,type010103,training,hybrid-fixed-h1,20260908,False,11,5,1,5,8,75.05528539419174,False,False,True,0.2,0.6,0.5,-1.0,-1.0,-1.0,True,False,offset,-34,72,79.62411694957753,64.72227776444704
decision--hybrid-fixed-h1--seed20260909--issue-77-n1-005--offset,issue-77-n1-005-a07,issue-77-n1-005,type010103,training,hybrid-fixed-h1,20260909,False,11,5,1,5,8,94.59616833925247,False,False,True,0.2,0.6,0.5,-1.0,-1.0,-1.0,True,False,offset,-34,72,79.62411694957753,64.72227776444704
decision--hybrid-fixed-h1--seed20260910--issue-77-n1-005--offset,issue-77-n1-005-a07,issue-77-n1-005,type010103,training,hybrid-fixed-h1,20260910,False,11,5,1,5,8,88.24290037155151,False,False,True,0.2,0.6,0.5,-0.9,-0.9,-0.9,True,False,offset,-34,72,79.62411694957753,64.72227776444704
decision--continuous-fixed-h1--seed20260908--issue-77-n1-006--grid,issue-77-n1-006-a05,issue-77-n1-006,type010103,training,continuous-fixed-h1,20260908,False,16,16,1,6,15,94.13271307945251,True,False,False,0.0625,0.1875,0.5333333333333333,-0.75,0.5699587188353825,-0.8124943438717155,True,False,grid,-160,80,178.88543819998318,26.56505117707799
decision--continuous-fixed-h1--seed20260909--issue-77-n1-006--grid,issue-77-n1-006-a05,issue-77-n1-006,type010103,training,continuous-fixed-h1,20260909,False,16,16,1,6,15,111.83949053287506,True,False,False,0.0625,0.1875,0.4666666666666667,-0.9558823529411766,0.8610014688789821,-0.49719803132448265,True,False,grid,-160,80,178.88543819998318,26.56505117707799
decision--continuous-fixed-h1--seed20260910--issue-77-n1-006--grid,issue-77-n1-006-a05,issue-77-n1-006,type010103,training,continuous-fixed-h1,20260910,False,16,16,1,6,15,98.54773604869843,True,False,False,0.0625,0.1875,0.4666666666666667,-0.9264705882352942,0.8124943438717155,-0.5699587188353825,True,False,grid,-160,80,178.88543819998318,26.56505117707799
decision--continuous-fixed-h5--seed20260908--issue-77-n1-006--grid,issue-77-n1-006-a05,issue-77-n1-006,type010103,training,continuous-fixed-h5,20260908,False,16,16,1,6,15,86.15481758117676,True,False,False,0.0625,0.1875,0.5333333333333333,-0.75,0.5699587188353825,-0.8124943438717155,True,False,grid,-160,80,178.88543819998318,26.56505117707799
decision--continuous-fixed-h5--seed20260909--issue-77-n1-006--grid,issue-77-n1-006-a05,issue-77-n1-006,type010103,training,continuous-fixed-h5,20260909,False,16,16,1,6,15,123.86862993240356,True,False,False,0.0625,0.1875,0.4666666666666667,-0.9264705882352942,0.8124943438717155,-0.5699587188353825,True,False,grid,-160,80,178.88543819998318,26.56505117707799
decision--continuous-fixed-h5--seed20260910--issue-77-n1-006--grid,issue-77-n1-006-a05,issue-77-n1-006,type010103,training,continuous-fixed-h5,20260910,False,16,16,1,6,15,43.840027987957,True,False,False,0.0625,0.1875,0.4666666666666667,-0.9264705882352942,0.8124943438717155,-0.5699587188353825,True,False,grid,-160,80,178.88543819998318,26.56505117707799
decision--hybrid-fixed-h1--seed20260908--issue-77-n1-006--grid,issue-77-n1-006-a05,issue-77-n1-006,type010103,training,hybrid-fixed-h1,20260908,False,16,16,1,6,3,55.72884786128998,False,False,False,0.0625,0.1875,0.6666666666666666,0.0,-0.24253562503633297,-0.9701425001453319,True,False,grid,-40,80,89.44271909999159,63.43494882292201
decision--hybrid-fixed-h1--seed20260909--issue-77-n1-006--grid,issue-77-n1-006-a05,issue-77-n1-006,type010103,training,hybrid-fixed-h1,20260909,False,16,16,1,6,15,83.72840249538422,True,False,False,0.0625,0.1875,0.6,-0.4705882352941176,0.24253562503633297,-0.9701425001453319,True,False,grid,-160,80,178.88543819998318,26.56505117707799
decision--hybrid-fixed-h1--seed20260910--issue-77-n1-006--grid,issue-77-n1-006-a05,issue-77-n1-006,type010103,training,hybrid-fixed-h1,20260910,False,16,16,1,6,15,85.19495433568954,True,False,False,0.0625,0.1875,0.4666666666666667,-0.9264705882352942,0.8124943438717155,-0.5699587188353825,True,False,grid,-160,80,178.88543819998318,26.56505117707799
decision--continuous-fixed-h1--seed20260908--issue-77-n1-006--offset,issue-77-n1-006-a05,issue-77-n1-006,type010103,training,continuous-fixed-h1,20260908,False,11,11,1,3,8,97.24477314949036,False,False,False,0.09090909090909091,0.2727272727272727,0.3,-0.881818181818182,-0.881818181818182,-0.881818181818182,True,False,offset,-34,72,79.62411694957753,64.72227776444704
decision--continuous-fixed-h1--seed20260909--issue-77-n1-006--offset,issue-77-n1-006-a05,issue-77-n1-006,type010103,training,continuous-fixed-h1,20260909,False,11,11,1,3,5,116.39596140384674,True,False,False,0.09090909090909091,0.2727272727272727,0.7,0.13636363636363638,0.13636363636363638,0.13636363636363638,True,False,offset,-58,55,79.93122043357026,43.47923033885623
decision--continuous-fixed-h1--seed20260910--issue-77-n1-006--offset,issue-77-n1-006-a05,issue-77-n1-006,type010103,training,continuous-fixed-h1,20260910,False,11,11,1,3,6,102.25287157297134,True,False,False,0.09090909090909091,0.2727272727272727,0.5,-0.36363636363636365,-0.36363636363636365,-0.36363636363636365,True,False,offset,-51,62,80.2807573457052,50.55994726330954
decision--continuous-fixed-h5--seed20260908--issue-77-n1-006--offset,issue-77-n1-006-a05,issue-77-n1-006,type010103,training,continuous-fixed-h5,20260908,False,11,11,1,3,9,97.18816363811493,False,False,False,0.09090909090909091,0.2727272727272727,0.3,-0.9454545454545454,-0.9454545454545454,-0.9454545454545454,True,False,offset,-25,76,80.00624975587844,71.79151552941917
decision--continuous-fixed-h5--seed20260909--issue-77-n1-006--offset,issue-77-n1-006-a05,issue-77-n1-006,type010103,training,continuous-fixed-h5,20260909,False,11,11,1,3,6,139.38437283039093,True,False,False,0.09090909090909091,0.2727272727272727,0.5,-0.36363636363636365,-0.36363636363636365,-0.36363636363636365,True,False,offset,-51,62,80.2807573457052,50.55994726330954
decision--continuous-fixed-h5--seed20260910--issue-77-n1-006--offset,issue-77-n1-006-a05,issue-77-n1-006,type010103,training,continuous-fixed-h5,20260910,False,11,11,1,3,6,59.12554544210434,True,False,False,0.09090909090909091,0.2727272727272727,0.4,-0.5454545454545455,-0.5454545454545455,-0.5454545454545455,True,False,offset,-51,62,80.2807573457052,50.55994726330954
decision--hybrid-fixed-h1--seed20260908--issue-77-n1-006--offset,issue-77-n1-006-a05,issue-77-n1-006,type010103,training,hybrid-fixed-h1,20260908,False,11,11,1,3,10,55.699773013591766,False,False,False,0.09090909090909091,0.2727272727272727,0.3,-1.0,-1.0,-1.0,True,False,offset,-16,78,79.62411694957753,78.40782458970894
decision--hybrid-fixed-h1--seed20260909--issue-77-n1-006--offset,issue-77-n1-006-a05,issue-77-n1-006,type010103,training,hybrid-fixed-h1,20260909,False,11,11,1,3,10,86.11538273096085,False,False,False,0.09090909090909091,0.2727272727272727,0.3,-1.0,-1.0,-1.0,True,False,offset,-16,78,79.62411694957753,78.40782458970894
decision--hybrid-fixed-h1--seed20260910--issue-77-n1-006--offset,issue-77-n1-006-a05,issue-77-n1-006,type010103,training,hybrid-fixed-h1,20260910,False,11,11,1,3,6,88.74073976278305,True,False,False,0.09090909090909091,0.2727272727272727,0.4,-0.5454545454545455,-0.5454545454545455,-0.5454545454545455,True,False,offset,-51,62,80.2807573457052,50.55994726330954
decision--continuous-fixed-h1--seed20260908--issue-77-n1-007--grid,issue-77-n1-007-a05,issue-77-n1-007,type010103,calibration,continuous-fixed-h1,20260908,False,16,16,1,7,15,82.80625200271606,True,False,False,0.0625,0.1875,0.8,-0.75,0.5699587188353825,-0.8124943438717155,True,False,grid,-160,80,178.88543819998318,26.56505117707799
decision--continuous-fixed-h1--seed20260909--issue-77-n1-007--grid,issue-77-n1-007-a05,issue-77-n1-007,type010103,calibration,continuous-fixed-h1,20260909,False,16,16,1,7,15,90.62339967489243,True,False,False,0.0625,0.1875,0.6,-0.9558823529411766,0.8610014688789821,-0.49719803132448265,True,False,grid,-160,80,178.88543819998318,26.56505117707799
decision--continuous-fixed-h1--seed20260910--issue-77-n1-007--grid,issue-77-n1-007-a05,issue-77-n1-007,type010103,calibration,continuous-fixed-h1,20260910,False,16,16,1,7,15,73.33368331193924,True,False,False,0.0625,0.1875,0.6,-0.9558823529411766,0.8610014688789821,-0.49719803132448265,True,False,grid,-160,80,178.88543819998318,26.56505117707799
decision--continuous-fixed-h5--seed20260908--issue-77-n1-007--grid,issue-77-n1-007-a05,issue-77-n1-007,type010103,calibration,continuous-fixed-h5,20260908,False,16,16,1,7,15,92.06984931230545,True,False,False,0.0625,0.1875,0.8,-0.75,0.5699587188353825,-0.8124943438717155,True,False,grid,-160,80,178.88543819998318,26.56505117707799
decision--continuous-fixed-h5--seed20260909--issue-77-n1-007--grid,issue-77-n1-007-a05,issue-77-n1-007,type010103,calibration,continuous-fixed-h5,20260909,False,16,16,1,7,15,83.22549217939377,True,False,False,0.0625,0.1875,0.6666666666666666,-0.9264705882352942,0.8124943438717155,-0.5699587188353825,True,False,grid,-160,80,178.88543819998318,26.56505117707799
decision--continuous-fixed-h5--seed20260910--issue-77-n1-007--grid,issue-77-n1-007-a05,issue-77-n1-007,type010103,calibration,continuous-fixed-h5,20260910,False,16,16,1,7,15,0.6516265869140625,True,False,False,0.0625,0.1875,0.6666666666666666,-0.9264705882352942,0.8124943438717155,-0.5699587188353825,True,False,grid,-160,80,178.88543819998318,26.56505117707799
decision--hybrid-fixed-h1--seed20260908--issue-77-n1-007--grid,issue-77-n1-007-a05,issue-77-n1-007,type010103,calibration,hybrid-fixed-h1,20260908,False,16,16,1,7,3,58.86358958482742,False,False,True,0.0625,0.1875,0.9333333333333333,0.0,-0.24253562503633297,-0.9701425001453319,True,False,grid,-40,80,89.44271909999159,63.43494882292201
decision--hybrid-fixed-h1--seed20260909--issue-77-n1-007--grid,issue-77-n1-007-a05,issue-77-n1-007,type010103,calibration,hybrid-fixed-h1,20260909,False,16,16,1,7,15,67.55133509635925,True,False,True,0.0625,0.1875,0.8666666666666667,-0.4705882352941176,0.24253562503633297,-0.9701425001453319,True,False,grid,-160,80,178.88543819998318,26.56505117707799
decision--hybrid-fixed-h1--seed20260910--issue-77-n1-007--grid,issue-77-n1-007-a05,issue-77-n1-007,type010103,calibration,hybrid-fixed-h1,20260910,False,16,16,1,7,15,66.78264224529266,True,False,True,0.0625,0.1875,0.8666666666666667,-0.4705882352941176,0.24253562503633297,-0.9701425001453319,True,False,grid,-160,80,178.88543819998318,26.56505117707799
decision--continuous-fixed-h1--seed20260908--issue-77-n1-007--offset,issue-77-n1-007-a05,issue-77-n1-007,type010103,calibration,continuous-fixed-h1,20260908,False,11,11,1,5,8,85.90494924783707,False,False,False,0.09090909090909091,0.2727272727272727,0.5,-0.9,-0.9,-0.9,True,False,offset,-34,72,79.62411694957753,64.72227776444704
decision--continuous-fixed-h1--seed20260909--issue-77-n1-007--offset,issue-77-n1-007-a05,issue-77-n1-007,type010103,calibration,continuous-fixed-h1,20260909,False,11,11,1,5,5,95.0515569448471,True,True,True,0.09090909090909091,0.2727272727272727,1.0,0.13636363636363638,0.13636363636363638,0.13636363636363638,True,True,offset,-58,55,79.93122043357026,43.47923033885623
decision--continuous-fixed-h1--seed20260910--issue-77-n1-007--offset,issue-77-n1-007-a05,issue-77-n1-007,type010103,calibration,continuous-fixed-h1,20260910,False,11,11,1,5,6,77.2998930811882,True,False,True,0.09090909090909091,0.2727272727272727,0.9,-0.14545454545454548,-0.14545454545454548,-0.14545454545454548,True,False,offset,-51,62,80.2807573457052,50.55994726330954
decision--continuous-fixed-h5--seed20260908--issue-77-n1-007--offset,issue-77-n1-007-a05,issue-77-n1-007,type010103,calibration,continuous-fixed-h5,20260908,False,11,11,1,5,9,103.27150535583496,False,False,False,0.09090909090909091,0.2727272727272727,0.5,-0.9454545454545454,-0.9454545454545454,-0.9454545454545454,True,False,offset,-25,76,80.00624975587844,71.79151552941917
decision--continuous-fixed-h5--seed20260909--issue-77-n1-007--offset,issue-77-n1-007-a05,issue-77-n1-007,type010103,calibration,continuous-fixed-h5,20260909,False,11,11,1,5,6,98.62971717119217,True,False,True,0.09090909090909091,0.2727272727272727,0.8,-0.5454545454545455,-0.5454545454545455,-0.5454545454545455,True,False,offset,-51,62,80.2807573457052,50.55994726330954
decision--continuous-fixed-h5--seed20260910--issue-77-n1-007--offset,issue-77-n1-007-a05,issue-77-n1-007,type010103,calibration,continuous-fixed-h5,20260910,False,11,11,1,5,6,15.505914494395256,True,False,True,0.09090909090909091,0.2727272727272727,0.9,-0.36363636363636365,-0.36363636363636365,-0.36363636363636365,True,False,offset,-51,62,80.2807573457052,50.55994726330954
decision--hybrid-fixed-h1--seed20260908--issue-77-n1-007--offset,issue-77-n1-007-a05,issue-77-n1-007,type010103,calibration,hybrid-fixed-h1,20260908,False,11,11,1,5,10,58.81261557340622,False,False,False,0.09090909090909091,0.2727272727272727,0.5,-1.0,-1.0,-1.0,True,False,offset,-16,78,79.62411694957753,78.40782458970894
decision--hybrid-fixed-h1--seed20260909--issue-77-n1-007--offset,issue-77-n1-007-a05,issue-77-n1-007,type010103,calibration,hybrid-fixed-h1,20260909,False,11,11,1,5,10,69.65905505418777,False,False,False,0.09090909090909091,0.2727272727272727,0.5,-1.0,-1.0,-1.0,True,False,offset,-16,78,79.62411694957753,78.40782458970894
decision--hybrid-fixed-h1--seed20260910--issue-77-n1-007--offset,issue-77-n1-007-a05,issue-77-n1-007,type010103,calibration,hybrid-fixed-h1,20260910,False,11,11,1,5,10,68.95809763669968,False,False,False,0.09090909090909091,0.2727272727272727,0.5,-1.0,-1.0,-1.0,True,False,offset,-16,78,79.62411694957753,78.40782458970894
decision--continuous-fixed-h1--seed20260908--issue-77-n1-008--grid,issue-77-n1-008-a05,issue-77-n1-008,type010103,calibration,continuous-fixed-h1,20260908,False,16,16,1,7,15,85.03350293636322,True,False,False,0.0625,0.1875,0.8,-0.75,0.5699587188353825,-0.8124943438717155,True,False,grid,-160,80,178.88543819998318,26.56505117707799
decision--continuous-fixed-h1--seed20260909--issue-77-n1-008--grid,issue-77-n1-008-a05,issue-77-n1-008,type010103,calibration,continuous-fixed-h1,20260909,False,16,16,1,7,15,104.68894582986832,True,False,False,0.0625,0.1875,0.6,-0.9558823529411766,0.8610014688789821,-0.49719803132448265,True,False,grid,-160,80,178.88543819998318,26.56505117707799
decision--continuous-fixed-h1--seed20260910--issue-77-n1-008--grid,issue-77-n1-008-a05,issue-77-n1-008,type010103,calibration,continuous-fixed-h1,20260910,False,16,16,1,7,15,90.81771391630173,True,False,False,0.0625,0.1875,0.6666666666666666,-0.9264705882352942,0.8124943438717155,-0.5699587188353825,True,False,grid,-160,80,178.88543819998318,26.56505117707799
decision--continuous-fixed-h5--seed20260908--issue-77-n1-008--grid,issue-77-n1-008-a05,issue-77-n1-008,type010103,calibration,continuous-fixed-h5,20260908,False,16,16,1,7,15,71.99447947740555,True,False,False,0.0625,0.1875,0.8,-0.75,0.5699587188353825,-0.8124943438717155,True,False,grid,-160,80,178.88543819998318,26.56505117707799
decision--continuous-fixed-h5--seed20260909--issue-77-n1-008--grid,issue-77-n1-008-a05,issue-77-n1-008,type010103,calibration,continuous-fixed-h5,20260909,False,16,16,1,7,15,117.52177602052689,True,False,False,0.0625,0.1875,0.6666666666666666,-0.9264705882352942,0.8124943438717155,-0.5699587188353825,True,False,grid,-160,80,178.88543819998318,26.56505117707799
decision--continuous-fixed-h5--seed20260910--issue-77-n1-008--grid,issue-77-n1-008-a05,issue-77-n1-008,type010103,calibration,continuous-fixed-h5,20260910,False,16,16,1,7,15,38.096132695674896,True,False,False,0.0625,0.1875,0.6666666666666666,-0.9264705882352942,0.8124943438717155,-0.5699587188353825,True,False,grid,-160,80,178.88543819998318,26.56505117707799
decision--hybrid-fixed-h1--seed20260908--issue-77-n1-008--grid,issue-77-n1-008-a05,issue-77-n1-008,type010103,calibration,hybrid-fixed-h1,20260908,False,16,16,1,7,3,48.30801165103912,False,False,True,0.0625,0.1875,0.9333333333333333,0.0,-0.24253562503633297,-0.9701425001453319,True,False,grid,-40,80,89.44271909999159,63.43494882292201
decision--hybrid-fixed-h1--seed20260909--issue-77-n1-008--grid,issue-77-n1-008-a05,issue-77-n1-008,type010103,calibration,hybrid-fixed-h1,20260909,False,16,16,1,7,15,73.25083220005035,True,False,True,0.0625,0.1875,0.8666666666666667,-0.4705882352941176,0.24253562503633297,-0.9701425001453319,True,False,grid,-160,80,178.88543819998318,26.56505117707799
decision--hybrid-fixed-h1--seed20260910--issue-77-n1-008--grid,issue-77-n1-008-a05,issue-77-n1-008,type010103,calibration,hybrid-fixed-h1,20260910,False,16,16,1,7,15,78.42240273952484,True,False,False,0.0625,0.1875,0.6,-0.9558823529411766,0.8610014688789821,-0.49719803132448265,True,False,grid,-160,80,178.88543819998318,26.56505117707799
decision--continuous-fixed-h1--seed20260908--issue-77-n1-008--offset,issue-77-n1-008-a05,issue-77-n1-008,type010103,calibration,continuous-fixed-h1,20260908,False,11,11,1,5,8,88.16993397474289,False,False,False,0.09090909090909091,0.2727272727272727,0.5,-0.881818181818182,-0.881818181818182,-0.881818181818182,True,False,offset,-34,72,79.62411694957753,64.72227776444704
decision--continuous-fixed-h1--seed20260909--issue-77-n1-008--offset,issue-77-n1-008-a05,issue-77-n1-008,type010103,calibration,continuous-fixed-h1,20260909,False,11,11,1,5,5,109.2352802157402,True,True,True,0.09090909090909091,0.2727272727272727,1.0,0.13636363636363638,0.13636363636363638,0.13636363636363638,True,True,offset,-58,55,79.93122043357026,43.47923033885623
decision--continuous-fixed-h1--seed20260910--issue-77-n1-008--offset,issue-77-n1-008-a05,issue-77-n1-008,type010103,calibration,continuous-fixed-h1,20260910,False,11,11,1,5,6,94.51883554458618,True,False,True,0.09090909090909091,0.2727272727272727,0.9,-0.36363636363636365,-0.36363636363636365,-0.36363636363636365,True,False,offset,-51,62,80.2807573457052,50.55994726330954
decision--continuous-fixed-h5--seed20260908--issue-77-n1-008--offset,issue-77-n1-008-a05,issue-77-n1-008,type010103,calibration,continuous-fixed-h5,20260908,False,11,11,1,5,8,83.15805315971375,False,False,False,0.09090909090909091,0.2727272727272727,0.5,-0.9363636363636365,-0.9363636363636365,-0.9363636363636365,True,False,offset,-34,72,79.62411694957753,64.72227776444704
decision--continuous-fixed-h5--seed20260909--issue-77-n1-008--offset,issue-77-n1-008-a05,issue-77-n1-008,type010103,calibration,continuous-fixed-h5,20260909,False,11,11,1,5,6,133.01123428344727,True,False,True,0.09090909090909091,0.2727272727272727,0.9,-0.36363636363636365,-0.36363636363636365,-0.36363636363636365,True,False,offset,-51,62,80.2807573457052,50.55994726330954
decision--continuous-fixed-h5--seed20260910--issue-77-n1-008--offset,issue-77-n1-008-a05,issue-77-n1-008,type010103,calibration,continuous-fixed-h5,20260910,False,11,11,1,5,6,53.35406184196472,True,False,True,0.09090909090909091,0.2727272727272727,0.8,-0.5454545454545455,-0.5454545454545455,-0.5454545454545455,True,False,offset,-51,62,80.2807573457052,50.55994726330954
decision--hybrid-fixed-h1--seed20260908--issue-77-n1-008--offset,issue-77-n1-008-a05,issue-77-n1-008,type010103,calibration,hybrid-fixed-h1,20260908,False,11,11,1,5,10,48.284955620765686,False,False,False,0.09090909090909091,0.2727272727272727,0.5,-1.0,-1.0,-1.0,True,False,offset,-16,78,79.62411694957753,78.40782458970894
decision--hybrid-fixed-h1--seed20260909--issue-77-n1-008--offset,issue-77-n1-008-a05,issue-77-n1-008,type010103,calibration,hybrid-fixed-h1,20260909,False,11,11,1,5,10,75.64334905147552,False,False,False,0.09090909090909091,0.2727272727272727,0.5,-1.0,-1.0,-1.0,True,False,offset,-16,78,79.62411694957753,78.40782458970894
decision--hybrid-fixed-h1--seed20260910--issue-77-n1-008--offset,issue-77-n1-008-a05,issue-77-n1-008,type010103,calibration,hybrid-fixed-h1,20260910,False,11,11,1,5,6,81.93807488679886,True,False,True,0.09090909090909091,0.2727272727272727,0.9,-0.14545454545454548,-0.14545454545454548,-0.14545454545454548,True,False,offset,-51,62,80.2807573457052,50.55994726330954
decision--continuous-fixed-h1--seed20260908--issue-77-n1-009--grid,issue-77-n1-009-a00,issue-77-n1-009,type010105,training,continuous-fixed-h1,20260908,False,16,16,1,10,15,55.606063425540924,True,False,False,0.0625,0.1875,0.7333333333333333,-0.75,0.5699587188353825,-0.8124943438717155,True,False,grid,-160,80,178.88543819998318,26.56505117707799
decision--continuous-fixed-h1--seed20260909--issue-77-n1-009--grid,issue-77-n1-009-a00,issue-77-n1-009,type010105,training,continuous-fixed-h1,20260909,False,16,16,1,10,15,84.21806037425995,True,False,False,0.0625,0.1875,0.7333333333333333,-0.9558823529411766,0.8610014688789821,-0.49719803132448265,True,False,grid,-160,80,178.88543819998318,26.56505117707799
decision--continuous-fixed-h1--seed20260910--issue-77-n1-009--grid,issue-77-n1-009-a00,issue-77-n1-009,type010105,training,continuous-fixed-h1,20260910,False,16,16,1,10,15,75.53387039899826,True,False,False,0.0625,0.1875,0.7333333333333333,-0.9264705882352942,0.8124943438717155,-0.5699587188353825,True,False,grid,-160,80,178.88543819998318,26.56505117707799
decision--continuous-fixed-h5--seed20260908--issue-77-n1-009--grid,issue-77-n1-009-a00,issue-77-n1-009,type010105,training,continuous-fixed-h5,20260908,False,16,16,1,10,15,21.95637485384941,True,False,False,0.0625,0.1875,0.7333333333333333,-0.75,0.5699587188353825,-0.8124943438717155,True,False,grid,-160,80,178.88543819998318,26.56505117707799
decision--continuous-fixed-h5--seed20260909--issue-77-n1-009--grid,issue-77-n1-009-a00,issue-77-n1-009,type010105,training,continuous-fixed-h5,20260909,False,16,16,1,10,15,65.68808400630951,True,False,False,0.0625,0.1875,0.7333333333333333,-0.9264705882352942,0.8124943438717155,-0.5699587188353825,True,False,grid,-160,80,178.88543819998318,26.56505117707799
decision--continuous-fixed-h5--seed20260910--issue-77-n1-009--grid,issue-77-n1-009-a00,issue-77-n1-009,type010105,training,continuous-fixed-h5,20260910,False,16,16,1,10,15,69.98361414670944,True,False,False,0.0625,0.1875,0.7333333333333333,-0.9264705882352942,0.8124943438717155,-0.5699587188353825,True,False,grid,-160,80,178.88543819998318,26.56505117707799
decision--hybrid-fixed-h1--seed20260908--issue-77-n1-009--grid,issue-77-n1-009-a00,issue-77-n1-009,type010105,training,hybrid-fixed-h1,20260908,False,16,16,1,10,3,69.69699651002884,False,False,False,0.0625,0.1875,0.6,0.0,-0.24253562503633297,-0.9701425001453319,True,False,grid,-40,80,89.44271909999159,63.43494882292201
decision--hybrid-fixed-h1--seed20260909--issue-77-n1-009--grid,issue-77-n1-009-a00,issue-77-n1-009,type010105,training,hybrid-fixed-h1,20260909,False,16,16,1,10,15,56.29118192195892,True,False,False,0.0625,0.1875,0.6666666666666666,-0.4705882352941176,0.24253562503633297,-0.9701425001453319,True,False,grid,-160,80,178.88543819998318,26.56505117707799
decision--hybrid-fixed-h1--seed20260910--issue-77-n1-009--grid,issue-77-n1-009-a00,issue-77-n1-009,type010105,training,hybrid-fixed-h1,20260910,False,16,16,1,10,15,60.18779140710831,True,False,False,0.0625,0.1875,0.7333333333333333,-0.9558823529411766,0.8610014688789821,-0.49719803132448265,True,False,grid,-160,80,178.88543819998318,26.56505117707799
decision--continuous-fixed-h1--seed20260908--issue-77-n1-009--offset,issue-77-n1-009-a00,issue-77-n1-009,type010105,training,continuous-fixed-h1,20260908,False,11,11,1,2,8,58.57691413164139,False,False,False,0.09090909090909091,0.2727272727272727,0.2,-0.9,-0.9,-0.9,True,False,offset,-34,72,79.62411694957753,64.72227776444704
decision--continuous-fixed-h1--seed20260909--issue-77-n1-009--offset,issue-77-n1-009-a00,issue-77-n1-009,type010105,training,continuous-fixed-h1,20260909,False,11,11,1,2,6,88.39061224460602,True,False,False,0.09090909090909091,0.2727272727272727,0.4,-0.14545454545454548,-0.14545454545454548,-0.14545454545454548,True,False,offset,-51,62,80.2807573457052,50.55994726330954
decision--continuous-fixed-h1--seed20260910--issue-77-n1-009--offset,issue-77-n1-009-a00,issue-77-n1-009,type010105,training,continuous-fixed-h1,20260910,False,11,11,1,2,6,78.31226652860641,True,False,False,0.09090909090909091,0.2727272727272727,0.2,-0.6545454545454547,-0.6545454545454547,-0.6545454545454547,True,False,offset,-51,62,80.2807573457052,50.55994726330954
decision--continuous-fixed-h5--seed20260908--issue-77-n1-009--offset,issue-77-n1-009-a00,issue-77-n1-009,type010105,training,continuous-fixed-h5,20260908,False,11,11,1,2,8,32.678861156105995,False,False,False,0.09090909090909091,0.2727272727272727,0.2,-0.9363636363636365,-0.9363636363636365,-0.9363636363636365,True,False,offset,-34,72,79.62411694957753,64.72227776444704
decision--continuous-fixed-h5--seed20260909--issue-77-n1-009--offset,issue-77-n1-009-a00,issue-77-n1-009,type010105,training,continuous-fixed-h5,20260909,False,11,11,1,2,6,79.78077113628387,True,False,False,0.09090909090909091,0.2727272727272727,0.2,-0.5454545454545455,-0.5454545454545455,-0.5454545454545455,True,False,offset,-51,62,80.2807573457052,50.55994726330954
decision--continuous-fixed-h5--seed20260910--issue-77-n1-009--offset,issue-77-n1-009-a00,issue-77-n1-009,type010105,training,continuous-fixed-h5,20260910,False,11,11,1,2,6,83.17826515436172,True,False,False,0.09090909090909091,0.2727272727272727,0.2,-0.5454545454545455,-0.5454545454545455,-0.5454545454545455,True,False,offset,-51,62,80.2807573457052,50.55994726330954
decision--hybrid-fixed-h1--seed20260908--issue-77-n1-009--offset,issue-77-n1-009-a00,issue-77-n1-009,type010105,training,hybrid-fixed-h1,20260908,False,11,11,1,2,10,69.59016305208206,False,False,False,0.09090909090909091,0.2727272727272727,0.2,-1.0,-1.0,-1.0,True,False,offset,-16,78,79.62411694957753,78.40782458970894
decision--hybrid-fixed-h1--seed20260909--issue-77-n1-009--offset,issue-77-n1-009-a00,issue-77-n1-009,type010105,training,hybrid-fixed-h1,20260909,False,11,11,1,2,10,57.826239824295044,False,False,False,0.09090909090909091,0.2727272727272727,0.2,-1.0,-1.0,-1.0,True,False,offset,-16,78,79.62411694957753,78.40782458970894
decision--hybrid-fixed-h1--seed20260910--issue-77-n1-009--offset,issue-77-n1-009-a00,issue-77-n1-009,type010105,training,hybrid-fixed-h1,20260910,False,11,11,1,2,5,63.70730549097061,True,False,False,0.09090909090909091,0.2727272727272727,0.4,-0.13636363636363638,-0.13636363636363638,-0.13636363636363638,True,False,offset,-58,55,79.93122043357026,43.47923033885623
decision--continuous-fixed-h1--seed20260908--issue-77-n1-010--grid,issue-77-n1-010-a06,issue-77-n1-010,type010105,training,continuous-fixed-h1,20260908,False,16,16,2,9|13,15,86.70777922868729,True,False,False,0.125,0.35,0.5714285714285714,-0.75,0.5699587188353825,-0.8124943438717155,True,False,grid,-160,80,178.88543819998318,26.56505117707799
decision--continuous-fixed-h1--seed20260909--issue-77-n1-010--grid,issue-77-n1-010-a06,issue-77-n1-010,type010105,training,continuous-fixed-h1,20260909,False,16,16,2,9|13,15,107.11451256275177,True,False,False,0.125,0.35,0.6785714285714286,-0.9558823529411766,0.8610014688789821,-0.49719803132448265,True,False,grid,-160,80,178.88543819998318,26.56505117707799
decision--continuous-fixed-h1--seed20260910--issue-77-n1-010--grid,issue-77-n1-010-a06,issue-77-n1-010,type010105,training,continuous-fixed-h1,20260910,False,16,16,2,9|13,15,94.94953137636185,True,False,False,0.125,0.35,0.6785714285714286,-0.9264705882352942,0.8124943438717155,-0.5699587188353825,True,False,grid,-160,80,178.88543819998318,26.56505117707799
decision--continuous-fixed-h5--seed20260908--issue-77-n1-010--grid,issue-77-n1-010-a06,issue-77-n1-010,type010105,training,continuous-fixed-h5,20260908,False,16,16,2,9|13,15,70.34648615121841,True,False,False,0.125,0.35,0.5714285714285714,-0.75,0.5699587188353825,-0.8124943438717155,True,False,grid,-160,80,178.88543819998318,26.56505117707799
decision--continuous-fixed-h5--seed20260909--issue-77-n1-010--grid,issue-77-n1-010-a06,issue-77-n1-010,type010105,training,continuous-fixed-h5,20260909,False,16,16,2,9|13,15,114.41426748037338,True,False,False,0.125,0.35,0.6785714285714286,-0.9264705882352942,0.8124943438717155,-0.5699587188353825,True,False,grid,-160,80,178.88543819998318,26.56505117707799
decision--continuous-fixed-h5--seed20260910--issue-77-n1-010--grid,issue-77-n1-010-a06,issue-77-n1-010,type010105,training,continuous-fixed-h5,20260910,False,16,16,2,9|13,15,46.619304060935974,True,False,False,0.125,0.35,0.6785714285714286,-0.9264705882352942,0.8124943438717155,-0.5699587188353825,True,False,grid,-160,80,178.88543819998318,26.56505117707799
decision--hybrid-fixed-h1--seed20260908--issue-77-n1-010--grid,issue-77-n1-010-a06,issue-77-n1-010,type010105,training,hybrid-fixed-h1,20260908,False,16,16,2,9|13,3,50.91503202915192,False,False,False,0.125,0.35,0.2857142857142857,0.0,-0.24253562503633297,-0.9701425001453319,True,False,grid,-40,80,89.44271909999159,63.43494882292201
decision--hybrid-fixed-h1--seed20260909--issue-77-n1-010--grid,issue-77-n1-010-a06,issue-77-n1-010,type010105,training,hybrid-fixed-h1,20260909,False,16,16,2,9|13,15,74.52602028846741,True,False,False,0.125,0.35,0.42857142857142855,-0.4705882352941176,0.24253562503633297,-0.9701425001453319,True,False,grid,-160,80,178.88543819998318,26.56505117707799
decision--hybrid-fixed-h1--seed20260910--issue-77-n1-010--grid,issue-77-n1-010-a06,issue-77-n1-010,type010105,training,hybrid-fixed-h1,20260910,False,16,16,2,9|13,15,82.62363922595978,True,False,False,0.125,0.35,0.6785714285714286,-0.9558823529411766,0.8610014688789821,-0.49719803132448265,True,False,grid,-160,80,178.88543819998318,26.56505117707799
decision--continuous-fixed-h1--seed20260908--issue-77-n1-010--offset,issue-77-n1-010-a06,issue-77-n1-010,type010105,training,continuous-fixed-h1,20260908,False,11,11,0,,8,89.87161481380463,False,,,,,,-0.881818181818182,-0.881818181818182,-0.881818181818182,True,,offset,-34,72,79.62411694957753,64.72227776444704
decision--continuous-fixed-h1--seed20260909--issue-77-n1-010--offset,issue-77-n1-010-a06,issue-77-n1-010,type010105,training,continuous-fixed-h1,20260909,False,11,11,0,,5,111.66518521308899,True,,,,,,0.13636363636363638,0.13636363636363638,0.13636363636363638,True,,offset,-58,55,79.93122043357026,43.47923033885623
decision--continuous-fixed-h1--seed20260910--issue-77-n1-010--offset,issue-77-n1-010-a06,issue-77-n1-010,type010105,training,continuous-fixed-h1,20260910,False,11,11,0,,6,98.68690931797028,True,,,,,,-0.33636363636363636,-0.33636363636363636,-0.33636363636363636,True,,offset,-51,62,80.2807573457052,50.55994726330954
decision--continuous-fixed-h5--seed20260908--issue-77-n1-010--offset,issue-77-n1-010-a06,issue-77-n1-010,type010105,training,continuous-fixed-h5,20260908,False,11,11,0,,8,81.55564892292023,False,,,,,,-0.9363636363636365,-0.9363636363636365,-0.9363636363636365,True,,offset,-34,72,79.62411694957753,64.72227776444704
decision--continuous-fixed-h5--seed20260909--issue-77-n1-010--offset,issue-77-n1-010-a06,issue-77-n1-010,type010105,training,continuous-fixed-h5,20260909,False,11,11,0,,6,129.85237443447113,True,,,,,,-0.36363636363636365,-0.36363636363636365,-0.36363636363636365,True,,offset,-51,62,80.2807573457052,50.55994726330954
decision--continuous-fixed-h5--seed20260910--issue-77-n1-010--offset,issue-77-n1-010-a06,issue-77-n1-010,type010105,training,continuous-fixed-h5,20260910,False,11,11,0,,6,61.94174546003342,True,,,,,,-0.4909090909090909,-0.4909090909090909,-0.4909090909090909,True,,offset,-51,62,80.2807573457052,50.55994726330954
decision--hybrid-fixed-h1--seed20260908--issue-77-n1-010--offset,issue-77-n1-010-a06,issue-77-n1-010,type010105,training,hybrid-fixed-h1,20260908,False,11,11,0,,10,50.89286786317825,False,,,,,,-1.0,-1.0,-1.0,True,,offset,-16,78,79.62411694957753,78.40782458970894
decision--hybrid-fixed-h1--seed20260909--issue-77-n1-010--offset,issue-77-n1-010-a06,issue-77-n1-010,type010105,training,hybrid-fixed-h1,20260909,False,11,11,0,,10,76.85296899080276,False,,,,,,-1.0,-1.0,-1.0,True,,offset,-16,78,79.62411694957753,78.40782458970894
decision--hybrid-fixed-h1--seed20260910--issue-77-n1-010--offset,issue-77-n1-010-a06,issue-77-n1-010,type010105,training,hybrid-fixed-h1,20260910,False,11,11,0,,6,86.13836824893951,True,,,,,,-0.14545454545454548,-0.14545454545454548,-0.14545454545454548,True,,offset,-51,62,80.2807573457052,50.55994726330954
decision--continuous-fixed-h1--seed20260908--issue-77-n1-011--grid,issue-77-n1-011-a02,issue-77-n1-011,type010105,training,continuous-fixed-h1,20260908,False,16,16,1,15,15,56.981398820877075,True,True,True,0.0625,0.1875,1.0,-0.75,0.5699587188353825,-0.8124943438717155,True,True,grid,-160,80,178.88543819998318,26.56505117707799
decision--continuous-fixed-h1--seed20260909--issue-77-n1-011--grid,issue-77-n1-011-a02,issue-77-n1-011,type010105,training,continuous-fixed-h1,20260909,False,16,16,1,15,15,81.6690663099289,True,True,True,0.0625,0.1875,1.0,-0.9558823529411766,0.8610014688789821,-0.49719803132448265,True,True,grid,-160,80,178.88543819998318,26.56505117707799
decision--continuous-fixed-h1--seed20260910--issue-77-n1-011--grid,issue-77-n1-011-a02,issue-77-n1-011,type010105,training,continuous-fixed-h1,20260910,False,16,16,1,15,15,86.95730793476105,True,True,True,0.0625,0.1875,1.0,-0.9264705882352942,0.8124943438717155,-0.5699587188353825,True,True,grid,-160,80,178.88543819998318,26.56505117707799
decision--continuous-fixed-h5--seed20260908--issue-77-n1-011--grid,issue-77-n1-011-a02,issue-77-n1-011,type010105,training,continuous-fixed-h5,20260908,False,16,16,1,15,15,25.402760416269302,True,True,True,0.0625,0.1875,1.0,-0.75,0.5699587188353825,-0.8124943438717155,True,True,grid,-160,80,178.88543819998318,26.56505117707799
decision--continuous-fixed-h5--seed20260909--issue-77-n1-011--grid,issue-77-n1-011-a02,issue-77-n1-011,type010105,training,continuous-fixed-h5,20260909,False,16,16,1,15,15,51.457849740982056,True,True,True,0.0625,0.1875,1.0,-0.9264705882352942,0.8124943438717155,-0.5699587188353825,True,True,grid,-160,80,178.88543819998318,26.56505117707799
decision--continuous-fixed-h5--seed20260910--issue-77-n1-011--grid,issue-77-n1-011-a02,issue-77-n1-011,type010105,training,continuous-fixed-h5,20260910,False,16,16,1,15,15,62.43943190574646,True,True,True,0.0625,0.1875,1.0,-0.9264705882352942,0.8124943438717155,-0.5699587188353825,True,True,grid,-160,80,178.88543819998318,26.56505117707799
decision--hybrid-fixed-h1--seed20260908--issue-77-n1-011--grid,issue-77-n1-011-a02,issue-77-n1-011,type010105,training,hybrid-fixed-h1,20260908,False,16,16,1,15,3,52.4607492685318,False,False,False,0.0625,0.1875,0.8,0.0,-0.24253562503633297,-0.9701425001453319,True,False,grid,-40,80,89.44271909999159,63.43494882292201
decision--hybrid-fixed-h1--seed20260909--issue-77-n1-011--grid,issue-77-n1-011-a02,issue-77-n1-011,type010105,training,hybrid-fixed-h1,20260909,False,16,16,1,15,15,63.2700457572937,True,True,True,0.0625,0.1875,1.0,-0.4705882352941176,0.24253562503633297,-0.9701425001453319,True,True,grid,-160,80,178.88543819998318,26.56505117707799
decision--hybrid-fixed-h1--seed20260910--issue-77-n1-011--grid,issue-77-n1-011-a02,issue-77-n1-011,type010105,training,hybrid-fixed-h1,20260910,False,16,16,1,15,15,57.79319453239441,True,True,True,0.0625,0.1875,1.0,-0.75,0.5699587188353825,-0.8124943438717155,True,True,grid,-160,80,178.88543819998318,26.56505117707799
decision--continuous-fixed-h1--seed20260908--issue-77-n1-011--offset,issue-77-n1-011-a02,issue-77-n1-011,type010105,training,continuous-fixed-h1,20260908,False,11,11,0,,8,60.01583433151245,False,,,,,,-0.9,-0.9,-0.9,True,,offset,-34,72,79.62411694957753,64.72227776444704
decision--continuous-fixed-h1--seed20260909--issue-77-n1-011--offset,issue-77-n1-011-a02,issue-77-n1-011,type010105,training,continuous-fixed-h1,20260909,False,11,11,0,,5,86.03701090812683,True,,,,,,0.11818181818181818,0.11818181818181818,0.11818181818181818,True,,offset,-58,55,79.93122043357026,43.47923033885623
decision--continuous-fixed-h1--seed20260910--issue-77-n1-011--offset,issue-77-n1-011-a02,issue-77-n1-011,type010105,training,continuous-fixed-h1,20260910,False,11,11,0,,6,90.24836921691895,True,,,,,,-0.36363636363636365,-0.36363636363636365,-0.36363636363636365,True,,offset,-51,62,80.2807573457052,50.55994726330954
decision--continuous-fixed-h5--seed20260908--issue-77-n1-011--offset,issue-77-n1-011-a02,issue-77-n1-011,type010105,training,continuous-fixed-h5,20260908,False,11,11,0,,8,36.33842408657074,False,,,,,,-0.9363636363636365,-0.9363636363636365,-0.9363636363636365,True,,offset,-34,72,79.62411694957753,64.72227776444704
decision--continuous-fixed-h5--seed20260909--issue-77-n1-011--offset,issue-77-n1-011-a02,issue-77-n1-011,type010105,training,continuous-fixed-h5,20260909,False,11,11,0,,6,66.063392162323,True,,,,,,-0.5454545454545455,-0.5454545454545455,-0.5454545454545455,True,,offset,-51,62,80.2807573457052,50.55994726330954
decision--continuous-fixed-h5--seed20260910--issue-77-n1-011--offset,issue-77-n1-011-a02,issue-77-n1-011,type010105,training,continuous-fixed-h5,20260910,False,11,11,0,,6,76.37809562683105,True,,,,,,-0.5454545454545455,-0.5454545454545455,-0.5454545454545455,True,,offset,-51,62,80.2807573457052,50.55994726330954
decision--hybrid-fixed-h1--seed20260908--issue-77-n1-011--offset,issue-77-n1-011-a02,issue-77-n1-011,type010105,training,hybrid-fixed-h1,20260908,False,11,11,0,,10,52.41322636604309,False,,,,,,-1.0,-1.0,-1.0,True,,offset,-16,78,79.62411694957753,78.40782458970894
decision--hybrid-fixed-h1--seed20260909--issue-77-n1-011--offset,issue-77-n1-011-a02,issue-77-n1-011,type010105,training,hybrid-fixed-h1,20260909,False,11,11,0,,10,64.8702581524849,False,,,,,,-1.0,-1.0,-1.0,True,,offset,-16,78,79.62411694957753,78.40782458970894
decision--hybrid-fixed-h1--seed20260910--issue-77-n1-011--offset,issue-77-n1-011-a02,issue-77-n1-011,type010105,training,hybrid-fixed-h1,20260910,False,11,11,0,,9,61.29868745803833,False,,,,,,-0.9454545454545454,-0.9454545454545454,-0.9454545454545454,True,,offset,-25,76,80.00624975587844,71.79151552941917
decision--continuous-fixed-h1--seed20260908--issue-77-n1-012--grid,issue-77-n1-012-a08,issue-77-n1-012,type010105,training,continuous-fixed-h1,20260908,False,16,16,1,10,15,68.91091597080231,True,False,False,0.0625,0.1875,0.7333333333333333,-0.75,0.5699587188353825,-0.8124943438717155,True,False,grid,-160,80,178.88543819998318,26.56505117707799
decision--continuous-fixed-h1--seed20260909--issue-77-n1-012--grid,issue-77-n1-012-a08,issue-77-n1-012,type010105,training,continuous-fixed-h1,20260909,False,16,16,1,10,15,96.33355587720871,True,False,False,0.0625,0.1875,0.7333333333333333,-0.9558823529411766,0.8610014688789821,-0.49719803132448265,True,False,grid,-160,80,178.88543819998318,26.56505117707799
decision--continuous-fixed-h1--seed20260910--issue-77-n1-012--grid,issue-77-n1-012-a08,issue-77-n1-012,type010105,training,continuous-fixed-h1,20260910,False,16,16,1,10,15,87.84127753973007,True,False,False,0.0625,0.1875,0.7333333333333333,-0.9264705882352942,0.8124943438717155,-0.5699587188353825,True,False,grid,-160,80,178.88543819998318,26.56505117707799
decision--continuous-fixed-h5--seed20260908--issue-77-n1-012--grid,issue-77-n1-012-a08,issue-77-n1-012,type010105,training,continuous-fixed-h5,20260908,False,16,16,1,10,15,44.334134221076965,True,False,False,0.0625,0.1875,0.7333333333333333,-0.75,0.5699587188353825,-0.8124943438717155,True,False,grid,-160,80,178.88543819998318,26.56505117707799
decision--continuous-fixed-h5--seed20260909--issue-77-n1-012--grid,issue-77-n1-012-a08,issue-77-n1-012,type010105,training,continuous-fixed-h5,20260909,False,16,16,1,10,15,82.49430948495865,True,False,False,0.0625,0.1875,0.7333333333333333,-0.9264705882352942,0.8124943438717155,-0.5699587188353825,True,False,grid,-160,80,178.88543819998318,26.56505117707799
decision--continuous-fixed-h5--seed20260910--issue-77-n1-012--grid,issue-77-n1-012-a08,issue-77-n1-012,type010105,training,continuous-fixed-h5,20260910,False,16,16,1,10,15,84.86471718549728,True,False,False,0.0625,0.1875,0.7333333333333333,-0.9264705882352942,0.8124943438717155,-0.5699587188353825,True,False,grid,-160,80,178.88543819998318,26.56505117707799
decision--hybrid-fixed-h1--seed20260908--issue-77-n1-012--grid,issue-77-n1-012-a08,issue-77-n1-012,type010105,training,hybrid-fixed-h1,20260908,False,16,16,1,10,3,77.4943156838417,False,False,False,0.0625,0.1875,0.6,0.0,-0.24253562503633297,-0.9701425001453319,True,False,grid,-40,80,89.44271909999159,63.43494882292201
decision--hybrid-fixed-h1--seed20260909--issue-77-n1-012--grid,issue-77-n1-012-a08,issue-77-n1-012,type010105,training,hybrid-fixed-h1,20260909,False,16,16,1,10,15,66.03176480531693,True,False,False,0.0625,0.1875,0.6666666666666666,-0.4705882352941176,0.24253562503633297,-0.9701425001453319,True,False,grid,-160,80,178.88543819998318,26.56505117707799
decision--hybrid-fixed-h1--seed20260910--issue-77-n1-012--grid,issue-77-n1-012-a08,issue-77-n1-012,type010105,training,hybrid-fixed-h1,20260910,False,16,16,1,10,15,66.12259942293167,True,False,False,0.0625,0.1875,0.7333333333333333,-0.9411764705882352,0.8367479063753487,-0.5335783750799326,True,False,grid,-160,80,178.88543819998318,26.56505117707799
decision--continuous-fixed-h1--seed20260908--issue-77-n1-012--offset,issue-77-n1-012-a08,issue-77-n1-012,type010105,training,continuous-fixed-h1,20260908,False,11,11,0,,8,71.91006696224213,False,,,,,,-0.9,-0.9,-0.9,True,,offset,-34,72,79.62411694957753,64.72227776444704
decision--continuous-fixed-h1--seed20260909--issue-77-n1-012--offset,issue-77-n1-012-a08,issue-77-n1-012,type010105,training,continuous-fixed-h1,20260909,False,11,11,0,,6,100.52430647611618,True,,,,,,-0.14545454545454548,-0.14545454545454548,-0.14545454545454548,True,,offset,-51,62,80.2807573457052,50.55994726330954
decision--continuous-fixed-h1--seed20260910--issue-77-n1-012--offset,issue-77-n1-012-a08,issue-77-n1-012,type010105,training,continuous-fixed-h1,20260910,False,11,11,0,,6,90.68438798189163,True,,,,,,-0.5454545454545455,-0.5454545454545455,-0.5454545454545455,True,,offset,-51,62,80.2807573457052,50.55994726330954
decision--continuous-fixed-h5--seed20260908--issue-77-n1-012--offset,issue-77-n1-012-a08,issue-77-n1-012,type010105,training,continuous-fixed-h5,20260908,False,11,11,0,,8,55.097129702568054,False,,,,,,-0.9363636363636365,-0.9363636363636365,-0.9363636363636365,True,,offset,-34,72,79.62411694957753,64.72227776444704
decision--continuous-fixed-h5--seed20260909--issue-77-n1-012--offset,issue-77-n1-012-a08,issue-77-n1-012,type010105,training,continuous-fixed-h5,20260909,False,11,11,0,,6,96.67112535238266,True,,,,,,-0.5454545454545455,-0.5454545454545455,-0.5454545454545455,True,,offset,-51,62,80.2807573457052,50.55994726330954
decision--continuous-fixed-h5--seed20260910--issue-77-n1-012--offset,issue-77-n1-012-a08,issue-77-n1-012,type010105,training,continuous-fixed-h5,20260910,False,11,11,0,,6,98.26378065347672,True,,,,,,-0.5454545454545455,-0.5454545454545455,-0.5454545454545455,True,,offset,-51,62,80.2807573457052,50.55994726330954
decision--hybrid-fixed-h1--seed20260908--issue-77-n1-012--offset,issue-77-n1-012-a08,issue-77-n1-012,type010105,training,hybrid-fixed-h1,20260908,False,11,11,0,,10,77.3794258236885,False,,,,,,-1.0,-1.0,-1.0,True,,offset,-16,78,79.62411694957753,78.40782458970894
decision--hybrid-fixed-h1--seed20260909--issue-77-n1-012--offset,issue-77-n1-012-a08,issue-77-n1-012,type010105,training,hybrid-fixed-h1,20260909,False,11,11,0,,10,67.5661273598671,False,,,,,,-1.0,-1.0,-1.0,True,,offset,-16,78,79.62411694957753,78.40782458970894
decision--hybrid-fixed-h1--seed20260910--issue-77-n1-012--offset,issue-77-n1-012-a08,issue-77-n1-012,type010105,training,hybrid-fixed-h1,20260910,False,11,11,0,,6,69.63930588960648,True,,,,,,-0.22727272727272727,-0.22727272727272727,-0.22727272727272727,True,,offset,-51,62,80.2807573457052,50.55994726330954
decision--continuous-fixed-h1--seed20260908--issue-77-n1-013--grid,issue-77-n1-013-a04,issue-77-n1-013,type010105,training,continuous-fixed-h1,20260908,False,16,16,2,5|14,15,75.28449618816376,True,False,True,0.125,0.35,0.5714285714285714,-0.75,0.5699587188353825,-0.8124943438717155,True,False,grid,-160,80,178.88543819998318,26.56505117707799
decision--continuous-fixed-h1--seed20260909--issue-77-n1-013--grid,issue-77-n1-013-a04,issue-77-n1-013,type010105,training,continuous-fixed-h1,20260909,False,16,16,2,5|14,15,110.63384193181992,True,False,True,0.125,0.35,0.6071428571428571,-0.9558823529411766,0.8610014688789821,-0.49719803132448265,True,False,grid,-160,80,178.88543819998318,26.56505117707799
decision--continuous-fixed-h1--seed20260910--issue-77-n1-013--grid,issue-77-n1-013-a04,issue-77-n1-013,type010105,training,continuous-fixed-h1,20260910,False,16,16,2,5|14,15,89.2629719376564,True,False,True,0.125,0.35,0.6071428571428571,-0.9264705882352942,0.8124943438717155,-0.5699587188353825,True,False,grid,-160,80,178.88543819998318,26.56505117707799
decision--continuous-fixed-h5--seed20260908--issue-77-n1-013--grid,issue-77-n1-013-a04,issue-77-n1-013,type010105,training,continuous-fixed-h5,20260908,False,16,16,2,5|14,15,52.012895941734314,True,False,True,0.125,0.35,0.5714285714285714,-0.75,0.5699587188353825,-0.8124943438717155,True,False,grid,-160,80,178.88543819998318,26.56505117707799
decision--continuous-fixed-h5--seed20260909--issue-77-n1-013--grid,issue-77-n1-013-a04,issue-77-n1-013,type010105,training,continuous-fixed-h5,20260909,False,16,16,2,5|14,15,105.70400184392929,True,False,True,0.125,0.35,0.6071428571428571,-0.9264705882352942,0.8124943438717155,-0.5699587188353825,True,False,grid,-160,80,178.88543819998318,26.56505117707799
decision--continuous-fixed-h5--seed20260910--issue-77-n1-013--grid,issue-77-n1-013-a04,issue-77-n1-013,type010105,training,continuous-fixed-h5,20260910,False,16,16,2,5|14,15,85.10987573862076,True,False,True,0.125,0.35,0.6071428571428571,-0.9264705882352942,0.8124943438717155,-0.5699587188353825,True,False,grid,-160,80,178.88543819998318,26.56505117707799
decision--hybrid-fixed-h1--seed20260908--issue-77-n1-013--grid,issue-77-n1-013-a04,issue-77-n1-013,type010105,training,hybrid-fixed-h1,20260908,False,16,16,2,5|14,3,89.11396497488022,False,False,False,0.125,0.35,0.4642857142857143,0.0,-0.24253562503633297,-0.9701425001453319,True,False,grid,-40,80,89.44271909999159,63.43494882292201
decision--hybrid-fixed-h1--seed20260909--issue-77-n1-013--grid,issue-77-n1-013-a04,issue-77-n1-013,type010105,training,hybrid-fixed-h1,20260909,False,16,16,2,5|14,15,76.00949043035507,True,False,False,0.125,0.35,0.5357142857142857,-0.4705882352941176,0.24253562503633297,-0.9701425001453319,True,False,grid,-160,80,178.88543819998318,26.56505117707799
decision--hybrid-fixed-h1--seed20260910--issue-77-n1-013--grid,issue-77-n1-013-a04,issue-77-n1-013,type010105,training,hybrid-fixed-h1,20260910,False,16,16,2,5|14,15,68.61403578519821,True,False,True,0.125,0.35,0.6071428571428571,-0.9264705882352942,0.8124943438717155,-0.5699587188353825,True,False,grid,-160,80,178.88543819998318,26.56505117707799
decision--continuous-fixed-h1--seed20260908--issue-77-n1-013--offset,issue-77-n1-013-a04,issue-77-n1-013,type010105,training,continuous-fixed-h1,20260908,False,11,11,0,,8,78.29596674442291,False,,,,,,-0.9,-0.9,-0.9,True,,offset,-34,72,79.62411694957753,64.72227776444704
decision--continuous-fixed-h1--seed20260909--issue-77-n1-013--offset,issue-77-n1-013-a04,issue-77-n1-013,type010105,training,continuous-fixed-h1,20260909,False,11,11,0,,6,114.82738870382309,True,,,,,,-0.14545454545454548,-0.14545454545454548,-0.14545454545454548,True,,offset,-51,62,80.2807573457052,50.55994726330954
decision--continuous-fixed-h1--seed20260910--issue-77-n1-013--offset,issue-77-n1-013-a04,issue-77-n1-013,type010105,training,continuous-fixed-h1,20260910,False,11,11,0,,6,92.04168850183487,True,,,,,,-0.6545454545454547,-0.6545454545454547,-0.6545454545454547,True,,offset,-51,62,80.2807573457052,50.55994726330954
decision--continuous-fixed-h5--seed20260908--issue-77-n1-013--offset,issue-77-n1-013-a04,issue-77-n1-013,type010105,training,continuous-fixed-h5,20260908,False,11,11,0,,8,62.71623718738556,False,,,,,,-0.9363636363636365,-0.9363636363636365,-0.9363636363636365,True,,offset,-34,72,79.62411694957753,64.72227776444704
decision--continuous-fixed-h5--seed20260909--issue-77-n1-013--offset,issue-77-n1-013-a04,issue-77-n1-013,type010105,training,continuous-fixed-h5,20260909,False,11,11,0,,6,119.87567013502121,True,,,,,,-0.5454545454545455,-0.5454545454545455,-0.5454545454545455,True,,offset,-51,62,80.2807573457052,50.55994726330954
decision--continuous-fixed-h5--seed20260910--issue-77-n1-013--offset,issue-77-n1-013-a04,issue-77-n1-013,type010105,training,continuous-fixed-h5,20260910,False,11,11,0,,6,98.40030711889267,True,,,,,,-0.5454545454545455,-0.5454545454545455,-0.5454545454545455,True,,offset,-51,62,80.2807573457052,50.55994726330954
decision--hybrid-fixed-h1--seed20260908--issue-77-n1-013--offset,issue-77-n1-013-a04,issue-77-n1-013,type010105,training,hybrid-fixed-h1,20260908,False,11,11,0,,10,88.98490160703659,False,,,,,,-1.0,-1.0,-1.0,True,,offset,-16,78,79.62411694957753,78.40782458970894
decision--hybrid-fixed-h1--seed20260909--issue-77-n1-013--offset,issue-77-n1-013-a04,issue-77-n1-013,type010105,training,hybrid-fixed-h1,20260909,False,11,11,0,,10,77.42407482862473,False,,,,,,-1.0,-1.0,-1.0,True,,offset,-16,78,79.62411694957753,78.40782458970894
decision--hybrid-fixed-h1--seed20260910--issue-77-n1-013--offset,issue-77-n1-013-a04,issue-77-n1-013,type010105,training,hybrid-fixed-h1,20260910,False,11,11,0,,6,72.1602743268013,True,,,,,,-0.5454545454545455,-0.5454545454545455,-0.5454545454545455,True,,offset,-51,62,80.2807573457052,50.55994726330954
decision--continuous-fixed-h1--seed20260908--issue-77-n1-014--grid,issue-77-n1-014-a01,issue-77-n1-014,type010105,calibration,continuous-fixed-h1,20260908,False,16,16,1,10,15,48.857784390449524,True,False,False,0.0625,0.1875,0.7333333333333333,-0.75,0.5699587188353825,-0.8124943438717155,True,False,grid,-160,80,178.88543819998318,26.56505117707799
decision--continuous-fixed-h1--seed20260909--issue-77-n1-014--grid,issue-77-n1-014-a01,issue-77-n1-014,type010105,calibration,continuous-fixed-h1,20260909,False,16,16,1,10,15,75.12983471155167,True,False,False,0.0625,0.1875,0.7333333333333333,-0.9558823529411766,0.8610014688789821,-0.49719803132448265,True,False,grid,-160,80,178.88543819998318,26.56505117707799
decision--continuous-fixed-h1--seed20260910--issue-77-n1-014--grid,issue-77-n1-014-a01,issue-77-n1-014,type010105,calibration,continuous-fixed-h1,20260910,False,16,16,1,10,15,79.98862487077713,True,False,False,0.0625,0.1875,0.7333333333333333,-0.9264705882352942,0.8124943438717155,-0.5699587188353825,True,False,grid,-160,80,178.88543819998318,26.56505117707799
decision--continuous-fixed-h5--seed20260908--issue-77-n1-014--grid,issue-77-n1-014-a01,issue-77-n1-014,type010105,calibration,continuous-fixed-h5,20260908,False,16,16,1,10,15,10.484545812010765,True,False,False,0.0625,0.1875,0.7333333333333333,-0.75,0.5699587188353825,-0.8124943438717155,True,False,grid,-160,80,178.88543819998318,26.56505117707799
decision--continuous-fixed-h5--seed20260909--issue-77-n1-014--grid,issue-77-n1-014-a01,issue-77-n1-014,type010105,calibration,continuous-fixed-h5,20260909,False,16,16,1,10,15,41.20279222726822,True,False,False,0.0625,0.1875,0.7333333333333333,-0.9264705882352942,0.8124943438717155,-0.5699587188353825,True,False,grid,-160,80,178.88543819998318,26.56505117707799
decision--continuous-fixed-h5--seed20260910--issue-77-n1-014--grid,issue-77-n1-014-a01,issue-77-n1-014,type010105,calibration,continuous-fixed-h5,20260910,False,16,16,1,10,15,55.71980959177017,True,False,False,0.0625,0.1875,0.7333333333333333,-0.9264705882352942,0.8124943438717155,-0.5699587188353825,True,False,grid,-160,80,178.88543819998318,26.56505117707799
decision--hybrid-fixed-h1--seed20260908--issue-77-n1-014--grid,issue-77-n1-014-a01,issue-77-n1-014,type010105,calibration,hybrid-fixed-h1,20260908,False,16,16,1,10,3,49.92906194925308,False,False,False,0.0625,0.1875,0.6,0.0,-0.24253562503633297,-0.9701425001453319,True,False,grid,-40,80,89.44271909999159,63.43494882292201
decision--hybrid-fixed-h1--seed20260909--issue-77-n1-014--grid,issue-77-n1-014-a01,issue-77-n1-014,type010105,calibration,hybrid-fixed-h1,20260909,False,16,16,1,10,15,58.152951419353485,True,False,False,0.0625,0.1875,0.6666666666666666,-0.4705882352941176,0.24253562503633297,-0.9701425001453319,True,False,grid,-160,80,178.88543819998318,26.56505117707799
decision--hybrid-fixed-h1--seed20260910--issue-77-n1-014--grid,issue-77-n1-014-a01,issue-77-n1-014,type010105,calibration,hybrid-fixed-h1,20260910,False,16,16,1,10,15,52.98918777704239,True,False,False,0.0625,0.1875,0.7333333333333333,-0.75,0.5699587188353825,-0.8124943438717155,True,False,grid,-160,80,178.88543819998318,26.56505117707799
decision--continuous-fixed-h1--seed20260908--issue-77-n1-014--offset,issue-77-n1-014-a01,issue-77-n1-014,type010105,calibration,continuous-fixed-h1,20260908,False,11,11,1,2,8,51.8624392747879,False,False,False,0.09090909090909091,0.2727272727272727,0.2,-0.9,-0.9,-0.9,True,False,offset,-34,72,79.62411694957753,64.72227776444704
decision--continuous-fixed-h1--seed20260909--issue-77-n1-014--offset,issue-77-n1-014-a01,issue-77-n1-014,type010105,calibration,continuous-fixed-h1,20260909,False,11,11,1,2,5,79.46673935651779,True,False,False,0.09090909090909091,0.2727272727272727,0.5,0.11818181818181818,0.11818181818181818,0.11818181818181818,True,False,offset,-58,55,79.93122043357026,43.47923033885623
decision--continuous-fixed-h1--seed20260910--issue-77-n1-014--offset,issue-77-n1-014-a01,issue-77-n1-014,type010105,calibration,continuous-fixed-h1,20260910,False,11,11,1,2,6,83.18389338254929,True,False,False,0.09090909090909091,0.2727272727272727,0.3,-0.36363636363636365,-0.36363636363636365,-0.36363636363636365,True,False,offset,-51,62,80.2807573457052,50.55994726330954
decision--continuous-fixed-h5--seed20260908--issue-77-n1-014--offset,issue-77-n1-014-a01,issue-77-n1-014,type010105,calibration,continuous-fixed-h5,20260908,False,11,11,1,2,8,21.34670940041542,False,False,False,0.09090909090909091,0.2727272727272727,0.2,-0.9363636363636365,-0.9363636363636365,-0.9363636363636365,True,False,offset,-34,72,79.62411694957753,64.72227776444704
decision--continuous-fixed-h5--seed20260909--issue-77-n1-014--offset,issue-77-n1-014-a01,issue-77-n1-014,type010105,calibration,continuous-fixed-h5,20260909,False,11,11,1,2,6,55.70815008878708,True,False,False,0.09090909090909091,0.2727272727272727,0.2,-0.5454545454545455,-0.5454545454545455,-0.5454545454545455,True,False,offset,-51,62,80.2807573457052,50.55994726330954
decision--continuous-fixed-h5--seed20260910--issue-77-n1-014--offset,issue-77-n1-014-a01,issue-77-n1-014,type010105,calibration,continuous-fixed-h5,20260910,False,11,11,1,2,6,69.40697294473648,True,False,False,0.09090909090909091,0.2727272727272727,0.2,-0.5454545454545455,-0.5454545454545455,-0.5454545454545455,True,False,offset,-51,62,80.2807573457052,50.55994726330954
decision--hybrid-fixed-h1--seed20260908--issue-77-n1-014--offset,issue-77-n1-014-a01,issue-77-n1-014,type010105,calibration,hybrid-fixed-h1,20260908,False,11,11,1,2,10,49.8789604306221,False,False,False,0.09090909090909091,0.2727272727272727,0.2,-1.0,-1.0,-1.0,True,False,offset,-16,78,79.62411694957753,78.40782458970894
decision--hybrid-fixed-h1--seed20260909--issue-77-n1-014--offset,issue-77-n1-014-a01,issue-77-n1-014,type010105,calibration,hybrid-fixed-h1,20260909,False,11,11,1,2,10,59.713148415088654,False,False,False,0.09090909090909091,0.2727272727272727,0.2,-1.0,-1.0,-1.0,True,False,offset,-16,78,79.62411694957753,78.40782458970894
decision--hybrid-fixed-h1--seed20260910--issue-77-n1-014--offset,issue-77-n1-014-a01,issue-77-n1-014,type010105,calibration,hybrid-fixed-h1,20260910,False,11,11,1,2,9,56.42269939184189,False,False,False,0.09090909090909091,0.2727272727272727,0.2,-0.9454545454545454,-0.9454545454545454,-0.9454545454545454,True,False,offset,-25,76,80.00624975587844,71.79151552941917
decision--continuous-fixed-h1--seed20260908--issue-77-n1-015--grid,issue-77-n1-015-a06,issue-77-n1-015,type010105,training,continuous-fixed-h1,20260908,False,16,16,2,5|14,15,66.22038596868515,True,False,True,0.125,0.35,0.5714285714285714,-0.75,0.5699587188353825,-0.8124943438717155,True,False,grid,-160,80,178.88543819998318,26.56505117707799
decision--continuous-fixed-h1--seed20260909--issue-77-n1-015--grid,issue-77-n1-015-a06,issue-77-n1-015,type010105,training,continuous-fixed-h1,20260909,False,16,16,2,5|14,15,97.58051788806915,True,False,True,0.125,0.35,0.6071428571428571,-0.9558823529411766,0.8610014688789821,-0.49719803132448265,True,False,grid,-160,80,178.88543819998318,26.56505117707799
decision--continuous-fixed-h1--seed20260910--issue-77-n1-015--grid,issue-77-n1-015-a06,issue-77-n1-015,type010105,training,continuous-fixed-h1,20260910,False,16,16,2,5|14,15,89.70126074552536,True,False,True,0.125,0.35,0.6071428571428571,-0.9264705882352942,0.8124943438717155,-0.5699587188353825,True,False,grid,-160,80,178.88543819998318,26.56505117707799
decision--continuous-fixed-h5--seed20260908--issue-77-n1-015--grid,issue-77-n1-015-a06,issue-77-n1-015,type010105,training,continuous-fixed-h5,20260908,False,16,16,2,5|14,15,47.85966330766678,True,False,True,0.125,0.35,0.5714285714285714,-0.75,0.5699587188353825,-0.8124943438717155,True,False,grid,-160,80,178.88543819998318,26.56505117707799
decision--continuous-fixed-h5--seed20260909--issue-77-n1-015--grid,issue-77-n1-015-a06,issue-77-n1-015,type010105,training,continuous-fixed-h5,20260909,False,16,16,2,5|14,15,88.46030962467194,True,False,True,0.125,0.35,0.6071428571428571,-0.9264705882352942,0.8124943438717155,-0.5699587188353825,True,False,grid,-160,80,178.88543819998318,26.56505117707799
decision--continuous-fixed-h5--seed20260910--issue-77-n1-015--grid,issue-77-n1-015-a06,issue-77-n1-015,type010105,training,continuous-fixed-h5,20260910,False,16,16,2,5|14,15,68.8502106666565,True,False,True,0.125,0.35,0.6071428571428571,-0.9264705882352942,0.8124943438717155,-0.5699587188353825,True,False,grid,-160,80,178.88543819998318,26.56505117707799
decision--hybrid-fixed-h1--seed20260908--issue-77-n1-015--grid,issue-77-n1-015-a06,issue-77-n1-015,type010105,training,hybrid-fixed-h1,20260908,False,16,16,2,5|14,3,53.863726019859314,False,False,False,0.125,0.35,0.4642857142857143,0.0,-0.24253562503633297,-0.9701425001453319,True,False,grid,-40,80,89.44271909999159,63.43494882292201
decision--hybrid-fixed-h1--seed20260909--issue-77-n1-015--grid,issue-77-n1-015-a06,issue-77-n1-015,type010105,training,hybrid-fixed-h1,20260909,False,16,16,2,5|14,15,68.86667722463608,True,False,False,0.125,0.35,0.5357142857142857,-0.4705882352941176,0.24253562503633297,-0.9701425001453319,True,False,grid,-160,80,178.88543819998318,26.56505117707799
decision--hybrid-fixed-h1--seed20260910--issue-77-n1-015--grid,issue-77-n1-015-a06,issue-77-n1-015,type010105,training,hybrid-fixed-h1,20260910,False,16,16,2,5|14,15,56.89043867588043,True,False,True,0.125,0.35,0.5714285714285714,-0.75,0.5699587188353825,-0.8124943438717155,True,False,grid,-160,80,178.88543819998318,26.56505117707799
decision--continuous-fixed-h1--seed20260908--issue-77-n1-015--offset,issue-77-n1-015-a06,issue-77-n1-015,type010105,training,continuous-fixed-h1,20260908,False,11,11,0,,8,69.37850469350815,False,,,,,,-0.881818181818182,-0.881818181818182,-0.881818181818182,True,,offset,-34,72,79.62411694957753,64.72227776444704
decision--continuous-fixed-h1--seed20260909--issue-77-n1-015--offset,issue-77-n1-015-a06,issue-77-n1-015,type010105,training,continuous-fixed-h1,20260909,False,11,11,0,,5,102.01858711242676,True,,,,,,0.13636363636363638,0.13636363636363638,0.13636363636363638,True,,offset,-58,55,79.93122043357026,43.47923033885623
decision--continuous-fixed-h1--seed20260910--issue-77-n1-015--offset,issue-77-n1-015-a06,issue-77-n1-015,type010105,training,continuous-fixed-h1,20260910,False,11,11,0,,6,93.17365407943726,True,,,,,,-0.36363636363636365,-0.36363636363636365,-0.36363636363636365,True,,offset,-51,62,80.2807573457052,50.55994726330954
decision--continuous-fixed-h5--seed20260908--issue-77-n1-015--offset,issue-77-n1-015-a06,issue-77-n1-015,type010105,training,continuous-fixed-h5,20260908,False,11,11,0,,8,59.04815369844437,False,,,,,,-0.9,-0.9,-0.9,True,,offset,-34,72,79.62411694957753,64.72227776444704
decision--continuous-fixed-h5--seed20260909--issue-77-n1-015--offset,issue-77-n1-015-a06,issue-77-n1-015,type010105,training,continuous-fixed-h5,20260909,False,11,11,0,,6,103.24647450447083,True,,,,,,-0.4909090909090909,-0.4909090909090909,-0.4909090909090909,True,,offset,-51,62,80.2807573457052,50.55994726330954
decision--continuous-fixed-h5--seed20260910--issue-77-n1-015--offset,issue-77-n1-015-a06,issue-77-n1-015,type010105,training,continuous-fixed-h5,20260910,False,11,11,0,,6,83.35475432872772,True,,,,,,-0.41818181818181827,-0.41818181818181827,-0.41818181818181827,True,,offset,-51,62,80.2807573457052,50.55994726330954
decision--hybrid-fixed-h1--seed20260908--issue-77-n1-015--offset,issue-77-n1-015-a06,issue-77-n1-015,type010105,training,hybrid-fixed-h1,20260908,False,11,11,0,,10,53.811827659606934,False,,,,,,-1.0,-1.0,-1.0,True,,offset,-16,78,79.62411694957753,78.40782458970894
decision--hybrid-fixed-h1--seed20260909--issue-77-n1-015--offset,issue-77-n1-015-a06,issue-77-n1-015,type010105,training,hybrid-fixed-h1,20260909,False,11,11,0,,10,70.5335163474083,False,,,,,,-1.0,-1.0,-1.0,True,,offset,-16,78,79.62411694957753,78.40782458970894
decision--hybrid-fixed-h1--seed20260910--issue-77-n1-015--offset,issue-77-n1-015-a06,issue-77-n1-015,type010105,training,hybrid-fixed-h1,20260910,False,11,11,0,,8,60.51162230968475,False,,,,,,-0.9363636363636365,-0.9363636363636365,-0.9363636363636365,True,,offset,-34,72,79.62411694957753,64.72227776444704
decision--continuous-fixed-h1--seed20260908--issue-77-n1-016--grid,issue-77-n1-016-a03,issue-77-n1-016,type010105,calibration,continuous-fixed-h1,20260908,False,16,16,0,,15,39.501408100128174,True,,,,,,-0.75,0.5699587188353825,-0.8124943438717155,True,,grid,-160,80,178.88543819998318,26.56505117707799
decision--continuous-fixed-h1--seed20260909--issue-77-n1-016--grid,issue-77-n1-016-a03,issue-77-n1-016,type010105,calibration,continuous-fixed-h1,20260909,False,16,16,0,,15,65.69739902019501,True,,,,,,-0.9558823529411766,0.8610014688789821,-0.49719803132448265,True,,grid,-160,80,178.88543819998318,26.56505117707799
decision--continuous-fixed-h1--seed20260910--issue-77-n1-016--grid,issue-77-n1-016-a03,issue-77-n1-016,type010105,calibration,continuous-fixed-h1,20260910,False,16,16,0,,15,72.13112783432007,True,,,,,,-0.9264705882352942,0.8124943438717155,-0.5699587188353825,True,,grid,-160,80,178.88543819998318,26.56505117707799
decision--continuous-fixed-h5--seed20260908--issue-77-n1-016--grid,issue-77-n1-016-a03,issue-77-n1-016,type010105,calibration,continuous-fixed-h5,20260908,False,16,16,0,,15,2.53915137052536,True,,,,,,-0.75,0.5699587188353825,-0.8124943438717155,True,,grid,-160,80,178.88543819998318,26.56505117707799
decision--continuous-fixed-h5--seed20260909--issue-77-n1-016--grid,issue-77-n1-016-a03,issue-77-n1-016,type010105,calibration,continuous-fixed-h5,20260909,False,16,16,0,,15,30.972351849079132,True,,,,,,-0.9264705882352942,0.8124943438717155,-0.5699587188353825,True,,grid,-160,80,178.88543819998318,26.56505117707799
decision--continuous-fixed-h5--seed20260910--issue-77-n1-016--grid,issue-77-n1-016-a03,issue-77-n1-016,type010105,calibration,continuous-fixed-h5,20260910,False,16,16,0,,15,43.68782955408096,True,,,,,,-0.9264705882352942,0.8124943438717155,-0.5699587188353825,True,,grid,-160,80,178.88543819998318,26.56505117707799
decision--hybrid-fixed-h1--seed20260908--issue-77-n1-016--grid,issue-77-n1-016-a03,issue-77-n1-016,type010105,calibration,hybrid-fixed-h1,20260908,False,16,16,0,,3,38.83814299106598,False,,,,,,0.0,-0.24253562503633297,-0.9701425001453319,True,,grid,-40,80,89.44271909999159,63.43494882292201
decision--hybrid-fixed-h1--seed20260909--issue-77-n1-016--grid,issue-77-n1-016-a03,issue-77-n1-016,type010105,calibration,hybrid-fixed-h1,20260909,False,16,16,0,,15,46.87514317035675,True,,,,,,-0.4705882352941176,0.24253562503633297,-0.9701425001453319,True,,grid,-160,80,178.88543819998318,26.56505117707799
decision--hybrid-fixed-h1--seed20260910--issue-77-n1-016--grid,issue-77-n1-016-a03,issue-77-n1-016,type010105,calibration,hybrid-fixed-h1,20260910,False,16,16,0,,15,43.304117023944855,True,,,,,,-0.75,0.5699587188353825,-0.8124943438717155,True,,grid,-160,80,178.88543819998318,26.56505117707799
decision--continuous-fixed-h1--seed20260908--issue-77-n1-016--offset,issue-77-n1-016-a03,issue-77-n1-016,type010105,calibration,continuous-fixed-h1,20260908,False,11,11,0,,8,42.49094545841217,False,,,,,,-0.9,-0.9,-0.9,True,,offset,-34,72,79.62411694957753,64.72227776444704
decision--continuous-fixed-h1--seed20260909--issue-77-n1-016--offset,issue-77-n1-016-a03,issue-77-n1-016,type010105,calibration,continuous-fixed-h1,20260909,False,11,11,0,,5,70.04092490673065,True,,,,,,0.045454545454545456,0.045454545454545456,0.045454545454545456,True,,offset,-58,55,79.93122043357026,43.47923033885623
decision--continuous-fixed-h1--seed20260910--issue-77-n1-016--offset,issue-77-n1-016-a03,issue-77-n1-016,type010105,calibration,continuous-fixed-h1,20260910,False,11,11,0,,6,75.39372330904007,True,,,,,,-0.36363636363636365,-0.36363636363636365,-0.36363636363636365,True,,offset,-51,62,80.2807573457052,50.55994726330954
decision--continuous-fixed-h5--seed20260908--issue-77-n1-016--offset,issue-77-n1-016-a03,issue-77-n1-016,type010105,calibration,continuous-fixed-h5,20260908,False,11,11,0,,8,13.383660301566124,False,,,,,,-0.9363636363636365,-0.9363636363636365,-0.9363636363636365,True,,offset,-34,72,79.62411694957753,64.72227776444704
decision--continuous-fixed-h5--seed20260909--issue-77-n1-016--offset,issue-77-n1-016-a03,issue-77-n1-016,type010105,calibration,continuous-fixed-h5,20260909,False,11,11,0,,6,45.53296476602554,True,,,,,,-0.5454545454545455,-0.5454545454545455,-0.5454545454545455,True,,offset,-51,62,80.2807573457052,50.55994726330954
decision--continuous-fixed-h5--seed20260910--issue-77-n1-016--offset,issue-77-n1-016-a03,issue-77-n1-016,type010105,calibration,continuous-fixed-h5,20260910,False,11,11,0,,6,57.618203818798065,True,,,,,,-0.5454545454545455,-0.5454545454545455,-0.5454545454545455,True,,offset,-51,62,80.2807573457052,50.55994726330954
decision--hybrid-fixed-h1--seed20260908--issue-77-n1-016--offset,issue-77-n1-016-a03,issue-77-n1-016,type010105,calibration,hybrid-fixed-h1,20260908,False,11,11,0,,10,38.782177209854126,False,,,,,,-1.0,-1.0,-1.0,True,,offset,-16,78,79.62411694957753,78.40782458970894
decision--hybrid-fixed-h1--seed20260909--issue-77-n1-016--offset,issue-77-n1-016-a03,issue-77-n1-016,type010105,calibration,hybrid-fixed-h1,20260909,False,11,11,0,,10,48.459338545799255,False,,,,,,-1.0,-1.0,-1.0,True,,offset,-16,78,79.62411694957753,78.40782458970894
decision--hybrid-fixed-h1--seed20260910--issue-77-n1-016--offset,issue-77-n1-016-a03,issue-77-n1-016,type010105,calibration,hybrid-fixed-h1,20260910,False,11,11,0,,9,46.84133964776993,False,,,,,,-0.9454545454545454,-0.9454545454545454,-0.9454545454545454,True,,offset,-25,76,80.00624975587844,71.79151552941917
