id,inventory,unit,statistic,value,interval_low,interval_high,clusters,label
lolo:grid:tie_free:B:F-1-continuous,grid,B:F-1-continuous,auc,0.568110,0.500361,0.634273,11,EXPLORATORY
lolo:grid:tie_free:B:F-1-micro,grid,B:F-1-micro,auc,0.514069,0.428499,0.598413,11,EXPLORATORY
lolo:grid:tie_free:B:F-1-macro,grid,B:F-1-macro,auc,0.537662,0.459881,0.623667,11,EXPLORATORY
lolo:grid:tie_free:B:F-5-continuous,grid,B:F-5-continuous,auc,0.480808,0.442713,0.527994,11,EXPLORATORY
lolo:grid:tie_free:B:F-5-micro,grid,B:F-5-micro,auc,0.517532,0.472294,0.563999,11,EXPLORATORY
lolo:grid:tie_free:B:F-5-macro,grid,B:F-5-macro,auc,0.505700,0.464141,0.548992,11,EXPLORATORY
lolo:grid:tie_free:B:F-15-continuous,grid,B:F-15-continuous,auc,0.502814,0.452309,0.547258,11,EXPLORATORY
lolo:grid:tie_free:B:F-15-micro,grid,B:F-15-micro,auc,0.509307,0.449567,0.562121,11,EXPLORATORY
lolo:grid:tie_free:B:F-15-macro,grid,B:F-15-macro,auc,0.495960,0.426840,0.567828,11,EXPLORATORY
lolo:grid:tie_free:B:C-F-1,grid,B:C-F-1,auc,0.555988,0.485563,0.627056,11,EXPLORATORY
lolo:grid:tie_free:B:C-F-5,grid,B:C-F-5,auc,0.450216,0.413564,0.485714,11,EXPLORATORY
lolo:grid:tie_free:B:C-F-15,grid,B:C-F-15,auc,0.460534,0.394874,0.536510,11,EXPLORATORY
lolo:grid:tie_free:L:F-1-continuous,grid,L:F-1-continuous,auc,0.509885,0.424313,0.604834,11,EXPLORATORY
lolo:grid:tie_free:L:F-1-micro,grid,L:F-1-micro,auc,0.497619,0.419259,0.579582,11,EXPLORATORY
lolo:grid:tie_free:L:F-1-macro,grid,L:F-1-macro,auc,0.606926,0.518178,0.694805,11,EXPLORATORY
lolo:grid:tie_free:L:F-5-continuous,grid,L:F-5-continuous,auc,0.479437,0.415584,0.541270,11,EXPLORATORY
lolo:grid:tie_free:L:F-5-micro,grid,L:F-5-micro,auc,0.524026,0.428066,0.632549,11,EXPLORATORY
lolo:grid:tie_free:L:F-5-macro,grid,L:F-5-macro,auc,0.596753,0.516017,0.678140,11,EXPLORATORY
lolo:grid:tie_free:L:F-15-continuous,grid,L:F-15-continuous,auc,0.450289,0.394228,0.506640,11,EXPLORATORY
lolo:grid:tie_free:L:F-15-micro,grid,L:F-15-micro,auc,0.493362,0.422365,0.564863,11,EXPLORATORY
lolo:grid:tie_free:L:F-15-macro,grid,L:F-15-macro,auc,0.539610,0.475034,0.625108,11,EXPLORATORY
lolo:grid:tie_free:L:C-F-1,grid,L:C-F-1,auc,0.426551,0.332612,0.511111,11,EXPLORATORY
lolo:grid:tie_free:L:C-F-5,grid,L:C-F-5,auc,0.430592,0.330880,0.518474,11,EXPLORATORY
lolo:grid:tie_free:L:C-F-15,grid,L:C-F-15,auc,0.423737,0.329652,0.507942,11,EXPLORATORY
lolo:grid:tie_free:C:F-1-continuous,grid,C:F-1-continuous,auc,0.602453,0.511757,0.690476,11,EXPLORATORY
lolo:grid:tie_free:C:F-1-micro,grid,C:F-1-micro,auc,0.635859,0.563346,0.707792,11,EXPLORATORY
lolo:grid:tie_free:C:F-1-macro,grid,C:F-1-macro,auc,0.615657,0.538959,0.693074,11,EXPLORATORY
lolo:grid:tie_free:C:F-5-continuous,grid,C:F-5-continuous,auc,0.624675,0.500577,0.734560,11,EXPLORATORY
lolo:grid:tie_free:C:F-5-micro,grid,C:F-5-micro,auc,0.662410,0.560532,0.758160,11,EXPLORATORY
lolo:grid:tie_free:C:F-5-macro,grid,C:F-5-macro,auc,0.627201,0.515294,0.733191,11,EXPLORATORY
lolo:grid:tie_free:C:F-15-continuous,grid,C:F-15-continuous,auc,0.640332,0.526840,0.747767,11,EXPLORATORY
lolo:grid:tie_free:C:F-15-micro,grid,C:F-15-micro,auc,0.662987,0.560534,0.759670,11,EXPLORATORY
lolo:grid:tie_free:C:F-15-macro,grid,C:F-15-macro,auc,0.634199,0.539316,0.727850,11,EXPLORATORY
lolo:grid:tie_free:C:C-F-1,grid,C:C-F-1,auc,0.582107,0.491771,0.677489,11,EXPLORATORY
lolo:grid:tie_free:C:C-F-5,grid,C:C-F-5,auc,0.620779,0.509012,0.720851,11,EXPLORATORY
lolo:grid:tie_free:C:C-F-15,grid,C:C-F-15,auc,0.630231,0.533045,0.725038,11,EXPLORATORY
lolo:grid:tie_free:LC:F-1-continuous,grid,LC:F-1-continuous,auc,0.531602,0.419769,0.634347,11,EXPLORATORY
lolo:grid:tie_free:LC:F-1-micro,grid,LC:F-1-micro,auc,0.523304,0.416809,0.614504,11,EXPLORATORY
lolo:grid:tie_free:LC:F-1-macro,grid,LC:F-1-macro,auc,0.548268,0.437367,0.643510,11,EXPLORATORY
lolo:grid:tie_free:LC:F-5-continuous,grid,LC:F-5-continuous,auc,0.593001,0.479001,0.695384,11,EXPLORATORY
lolo:grid:tie_free:LC:F-5-micro,grid,LC:F-5-micro,auc,0.627201,0.558005,0.688889,11,EXPLORATORY
lolo:grid:tie_free:LC:F-5-macro,grid,LC:F-5-macro,auc,0.645166,0.572583,0.725253,11,EXPLORATORY
lolo:grid:tie_free:LC:F-15-continuous,grid,LC:F-15-continuous,auc,0.718038,0.631025,0.800078,11,EXPLORATORY
lolo:grid:tie_free:LC:F-15-micro,grid,LC:F-15-micro,auc,0.729365,0.642783,0.813564,11,EXPLORATORY
lolo:grid:tie_free:LC:F-15-macro,grid,LC:F-15-macro,auc,0.715296,0.656418,0.773088,11,EXPLORATORY
lolo:grid:tie_free:LC:C-F-1,grid,LC:C-F-1,auc,0.573377,0.450572,0.685931,11,EXPLORATORY
lolo:grid:tie_free:LC:C-F-5,grid,LC:C-F-5,auc,0.629509,0.543218,0.715731,11,EXPLORATORY
lolo:grid:tie_free:LC:C-F-15,grid,LC:C-F-15,auc,0.667605,0.534269,0.782107,11,EXPLORATORY
lolo:grid:count:B:F-1-continuous,grid,B:F-1-continuous,auc,0.494733,0.454545,0.531746,11,EXPLORATORY
lolo:grid:count:B:F-1-micro,grid,B:F-1-micro,auc,0.499711,0.481241,0.523954,11,EXPLORATORY
lolo:grid:count:B:F-1-macro,grid,B:F-1-macro,auc,0.502958,0.486797,0.519192,11,EXPLORATORY
lolo:grid:count:B:F-5-continuous,grid,B:F-5-continuous,auc,0.469841,0.369693,0.580595,11,EXPLORATORY
lolo:grid:count:B:F-5-micro,grid,B:F-5-micro,auc,0.513528,0.445924,0.601227,11,EXPLORATORY
lolo:grid:count:B:F-5-macro,grid,B:F-5-macro,auc,0.486219,0.402018,0.582038,11,EXPLORATORY
lolo:grid:count:B:F-15-continuous,grid,B:F-15-continuous,auc,0.453391,0.374024,0.522872,11,EXPLORATORY
lolo:grid:count:B:F-15-micro,grid,B:F-15-micro,auc,0.472006,0.397540,0.537374,11,EXPLORATORY
lolo:grid:count:B:F-15-macro,grid,B:F-15-macro,auc,0.439466,0.365649,0.507361,11,EXPLORATORY
lolo:grid:count:B:C-F-1,grid,B:C-F-1,auc,0.510390,0.489899,0.531898,11,EXPLORATORY
lolo:grid:count:B:C-F-5,grid,B:C-F-5,auc,0.458658,0.384991,0.550216,11,EXPLORATORY
lolo:grid:count:B:C-F-15,grid,B:C-F-15,auc,0.471861,0.390620,0.561908,11,EXPLORATORY
lolo:grid:count:L:F-1-continuous,grid,L:F-1-continuous,auc,0.473521,0.413492,0.526551,11,EXPLORATORY
lolo:grid:count:L:F-1-micro,grid,L:F-1-micro,auc,0.493362,0.434055,0.546755,11,EXPLORATORY
lolo:grid:count:L:F-1-macro,grid,L:F-1-macro,auc,0.594372,0.526546,0.659380,11,EXPLORATORY
lolo:grid:count:L:F-5-continuous,grid,L:F-5-continuous,auc,0.458874,0.391342,0.517388,11,EXPLORATORY
lolo:grid:count:L:F-5-micro,grid,L:F-5-micro,auc,0.463348,0.394224,0.528864,11,EXPLORATORY
lolo:grid:count:L:F-5-macro,grid,L:F-5-macro,auc,0.523882,0.461759,0.583261,11,EXPLORATORY
lolo:grid:count:L:F-15-continuous,grid,L:F-15-continuous,auc,0.424892,0.385931,0.463203,11,EXPLORATORY
lolo:grid:count:L:F-15-micro,grid,L:F-15-micro,auc,0.412410,0.332754,0.487446,11,EXPLORATORY
lolo:grid:count:L:F-15-macro,grid,L:F-15-macro,auc,0.504545,0.438167,0.564791,11,EXPLORATORY
lolo:grid:count:L:C-F-1,grid,L:C-F-1,auc,0.435281,0.347471,0.511834,11,EXPLORATORY
lolo:grid:count:L:C-F-5,grid,L:C-F-5,auc,0.433622,0.357287,0.496104,11,EXPLORATORY
lolo:grid:count:L:C-F-15,grid,L:C-F-15,auc,0.438528,0.351079,0.516450,11,EXPLORATORY
lolo:grid:count:C:F-1-continuous,grid,C:F-1-continuous,auc,0.488276,0.463636,0.516198,11,EXPLORATORY
lolo:grid:count:C:F-1-micro,grid,C:F-1-micro,auc,0.498990,0.495743,0.502237,11,EXPLORATORY
lolo:grid:count:C:F-1-macro,grid,C:F-1-macro,auc,0.465224,0.440837,0.487446,11,EXPLORATORY
lolo:grid:count:C:F-5-continuous,grid,C:F-5-continuous,auc,0.504185,0.439177,0.566955,11,EXPLORATORY
lolo:grid:count:C:F-5-micro,grid,C:F-5-micro,auc,0.470058,0.398772,0.538817,11,EXPLORATORY
lolo:grid:count:C:F-5-macro,grid,C:F-5-macro,auc,0.524459,0.458874,0.601160,11,EXPLORATORY
lolo:grid:count:C:F-15-continuous,grid,C:F-15-continuous,auc,0.644156,0.528568,0.750224,11,EXPLORATORY
lolo:grid:count:C:F-15-micro,grid,C:F-15-micro,auc,0.617316,0.507937,0.724820,11,EXPLORATORY
lolo:grid:count:C:F-15-macro,grid,C:F-15-macro,auc,0.605051,0.510967,0.690620,11,EXPLORATORY
lolo:grid:count:C:C-F-1,grid,C:C-F-1,auc,0.500000,0.500000,0.500000,11,EXPLORATORY
lolo:grid:count:C:C-F-5,grid,C:C-F-5,auc,0.540224,0.475103,0.600867,11,EXPLORATORY
lolo:grid:count:C:C-F-15,grid,C:C-F-15,auc,0.516450,0.455552,0.577056,11,EXPLORATORY
lolo:grid:count:LC:F-1-continuous,grid,LC:F-1-continuous,auc,0.518687,0.417172,0.625254,11,EXPLORATORY
lolo:grid:count:LC:F-1-micro,grid,LC:F-1-micro,auc,0.516811,0.423229,0.613276,11,EXPLORATORY
lolo:grid:count:LC:F-1-macro,grid,LC:F-1-macro,auc,0.480592,0.380592,0.570130,11,EXPLORATORY
lolo:grid:count:LC:F-5-continuous,grid,LC:F-5-continuous,auc,0.561111,0.462915,0.654834,11,EXPLORATORY
lolo:grid:count:LC:F-5-micro,grid,LC:F-5-micro,auc,0.606494,0.543290,0.667172,11,EXPLORATORY
lolo:grid:count:LC:F-5-macro,grid,LC:F-5-macro,auc,0.636941,0.543647,0.742569,11,EXPLORATORY
lolo:grid:count:LC:F-15-continuous,grid,LC:F-15-continuous,auc,0.655267,0.580159,0.729223,11,EXPLORATORY
lolo:grid:count:LC:F-15-micro,grid,LC:F-15-micro,auc,0.666234,0.587873,0.743364,11,EXPLORATORY
lolo:grid:count:LC:F-15-macro,grid,LC:F-15-macro,auc,0.588817,0.513128,0.659529,11,EXPLORATORY
lolo:grid:count:LC:C-F-1,grid,LC:C-F-1,auc,0.546248,0.429145,0.657287,11,EXPLORATORY
lolo:grid:count:LC:C-F-5,grid,LC:C-F-5,auc,0.576263,0.467893,0.677922,11,EXPLORATORY
lolo:grid:count:LC:C-F-15,grid,LC:C-F-15,auc,0.610606,0.490691,0.721356,11,EXPLORATORY
lolo:offset:tie_free:B:F-1-continuous,offset,B:F-1-continuous,auc,0.508333,0.444444,0.575000,6,EXPLORATORY
lolo:offset:tie_free:B:F-1-micro,offset,B:F-1-micro,auc,0.505556,0.450000,0.566667,6,EXPLORATORY
lolo:offset:tie_free:B:F-1-macro,offset,B:F-1-macro,auc,0.500000,0.411111,0.572222,6,EXPLORATORY
lolo:offset:tie_free:B:F-5-continuous,offset,B:F-5-continuous,auc,0.544444,0.505556,0.583333,6,EXPLORATORY
lolo:offset:tie_free:B:F-5-micro,offset,B:F-5-micro,auc,0.497222,0.444444,0.550000,6,EXPLORATORY
lolo:offset:tie_free:B:F-5-macro,offset,B:F-5-macro,auc,0.566667,0.511111,0.622222,6,EXPLORATORY
lolo:offset:tie_free:B:F-15-continuous,offset,B:F-15-continuous,auc,0.438889,0.388889,0.483333,6,EXPLORATORY
lolo:offset:tie_free:B:F-15-micro,offset,B:F-15-micro,auc,0.472222,0.433333,0.505556,6,EXPLORATORY
lolo:offset:tie_free:B:F-15-macro,offset,B:F-15-macro,auc,0.472222,0.433333,0.505556,6,EXPLORATORY
lolo:offset:tie_free:B:C-F-1,offset,B:C-F-1,auc,0.483333,0.444444,0.516667,6,EXPLORATORY
lolo:offset:tie_free:B:C-F-5,offset,B:C-F-5,auc,0.527778,0.494444,0.566667,6,EXPLORATORY
lolo:offset:tie_free:B:C-F-15,offset,B:C-F-15,auc,0.544444,0.494444,0.605556,6,EXPLORATORY
lolo:offset:tie_free:L:F-1-continuous,offset,L:F-1-continuous,auc,0.433333,0.338889,0.522222,6,EXPLORATORY
lolo:offset:tie_free:L:F-1-micro,offset,L:F-1-micro,auc,0.483333,0.405556,0.561111,6,EXPLORATORY
lolo:offset:tie_free:L:F-1-macro,offset,L:F-1-macro,auc,0.461111,0.350000,0.572222,6,EXPLORATORY
lolo:offset:tie_free:L:F-5-continuous,offset,L:F-5-continuous,auc,0.491667,0.425000,0.552778,6,EXPLORATORY
lolo:offset:tie_free:L:F-5-micro,offset,L:F-5-micro,auc,0.441667,0.372222,0.505556,6,EXPLORATORY
lolo:offset:tie_free:L:F-5-macro,offset,L:F-5-macro,auc,0.452778,0.338889,0.550000,6,EXPLORATORY
lolo:offset:tie_free:L:F-15-continuous,offset,L:F-15-continuous,auc,0.522222,0.461111,0.577778,6,EXPLORATORY
lolo:offset:tie_free:L:F-15-micro,offset,L:F-15-micro,auc,0.444444,0.405556,0.483333,6,EXPLORATORY
lolo:offset:tie_free:L:F-15-macro,offset,L:F-15-macro,auc,0.400000,0.311111,0.477778,6,EXPLORATORY
lolo:offset:tie_free:L:C-F-1,offset,L:C-F-1,auc,0.566667,0.527778,0.611111,6,EXPLORATORY
lolo:offset:tie_free:L:C-F-5,offset,L:C-F-5,auc,0.583333,0.527778,0.644444,6,EXPLORATORY
lolo:offset:tie_free:L:C-F-15,offset,L:C-F-15,auc,0.550000,0.505556,0.594444,6,EXPLORATORY
lolo:offset:tie_free:C:F-1-continuous,offset,C:F-1-continuous,auc,0.538889,0.377778,0.666667,6,EXPLORATORY
lolo:offset:tie_free:C:F-1-micro,offset,C:F-1-micro,auc,0.486111,0.341667,0.636111,6,EXPLORATORY
lolo:offset:tie_free:C:F-1-macro,offset,C:F-1-macro,auc,0.472222,0.355556,0.561111,6,EXPLORATORY
lolo:offset:tie_free:C:F-5-continuous,offset,C:F-5-continuous,auc,0.505556,0.366667,0.616667,6,EXPLORATORY
lolo:offset:tie_free:C:F-5-micro,offset,C:F-5-micro,auc,0.452778,0.338889,0.550000,6,EXPLORATORY
lolo:offset:tie_free:C:F-5-macro,offset,C:F-5-macro,auc,0.488889,0.361111,0.594444,6,EXPLORATORY
lolo:offset:tie_free:C:F-15-continuous,offset,C:F-15-continuous,auc,0.463889,0.347222,0.552778,6,EXPLORATORY
lolo:offset:tie_free:C:F-15-micro,offset,C:F-15-micro,auc,0.444444,0.338889,0.522222,6,EXPLORATORY
lolo:offset:tie_free:C:F-15-macro,offset,C:F-15-macro,auc,0.466667,0.350000,0.555556,6,EXPLORATORY
lolo:offset:tie_free:C:C-F-1,offset,C:C-F-1,auc,0.555556,0.500000,0.616667,6,EXPLORATORY
lolo:offset:tie_free:C:C-F-5,offset,C:C-F-5,auc,0.466667,0.355556,0.538889,6,EXPLORATORY
lolo:offset:tie_free:C:C-F-15,offset,C:C-F-15,auc,0.427778,0.327778,0.500000,6,EXPLORATORY
lolo:offset:tie_free:LC:F-1-continuous,offset,LC:F-1-continuous,auc,0.652778,0.577778,0.736111,6,EXPLORATORY
lolo:offset:tie_free:LC:F-1-micro,offset,LC:F-1-micro,auc,0.644444,0.577778,0.711111,6,EXPLORATORY
lolo:offset:tie_free:LC:F-1-macro,offset,LC:F-1-macro,auc,0.719444,0.638889,0.797222,6,EXPLORATORY
lolo:offset:tie_free:LC:F-5-continuous,offset,LC:F-5-continuous,auc,0.672222,0.572222,0.772222,6,EXPLORATORY
lolo:offset:tie_free:LC:F-5-micro,offset,LC:F-5-micro,auc,0.683333,0.572222,0.794444,6,EXPLORATORY
lolo:offset:tie_free:LC:F-5-macro,offset,LC:F-5-macro,auc,0.719444,0.633333,0.811111,6,EXPLORATORY
lolo:offset:tie_free:LC:F-15-continuous,offset,LC:F-15-continuous,auc,0.652778,0.569444,0.744444,6,EXPLORATORY
lolo:offset:tie_free:LC:F-15-micro,offset,LC:F-15-micro,auc,0.655556,0.577778,0.727778,6,EXPLORATORY
lolo:offset:tie_free:LC:F-15-macro,offset,LC:F-15-macro,auc,0.672222,0.566667,0.777778,6,EXPLORATORY
lolo:offset:tie_free:LC:C-F-1,offset,LC:C-F-1,auc,0.611111,0.500000,0.727778,6,EXPLORATORY
lolo:offset:tie_free:LC:C-F-5,offset,LC:C-F-5,auc,0.627778,0.555556,0.688889,6,EXPLORATORY
lolo:offset:tie_free:LC:C-F-15,offset,LC:C-F-15,auc,0.666667,0.555556,0.794444,6,EXPLORATORY
lolo:offset:count:B:F-1-continuous,offset,B:F-1-continuous,auc,0.513889,0.500000,0.541667,6,EXPLORATORY
lolo:offset:count:B:F-1-micro,offset,B:F-1-micro,auc,0.470833,0.426389,0.500000,6,EXPLORATORY
lolo:offset:count:B:F-1-macro,offset,B:F-1-macro,auc,0.488889,0.458333,0.516667,6,EXPLORATORY
lolo:offset:count:B:F-5-continuous,offset,B:F-5-continuous,auc,0.516667,0.411111,0.644444,6,EXPLORATORY
lolo:offset:count:B:F-5-micro,offset,B:F-5-micro,auc,0.555556,0.461111,0.672222,6,EXPLORATORY
lolo:offset:count:B:F-5-macro,offset,B:F-5-macro,auc,0.522222,0.411111,0.655556,6,EXPLORATORY
lolo:offset:count:B:F-15-continuous,offset,B:F-15-continuous,auc,0.516667,0.377778,0.655556,6,EXPLORATORY
lolo:offset:count:B:F-15-micro,offset,B:F-15-micro,auc,0.522222,0.410972,0.655556,6,EXPLORATORY
lolo:offset:count:B:F-15-macro,offset,B:F-15-macro,auc,0.483333,0.400000,0.561111,6,EXPLORATORY
lolo:offset:count:B:C-F-1,offset,B:C-F-1,auc,0.497222,0.466667,0.525000,6,EXPLORATORY
lolo:offset:count:B:C-F-5,offset,B:C-F-5,auc,0.488889,0.438889,0.555556,6,EXPLORATORY
lolo:offset:count:B:C-F-15,offset,B:C-F-15,auc,0.527778,0.494444,0.566667,6,EXPLORATORY
lolo:offset:count:L:F-1-continuous,offset,L:F-1-continuous,auc,0.444444,0.405556,0.483333,6,EXPLORATORY
lolo:offset:count:L:F-1-micro,offset,L:F-1-micro,auc,0.450000,0.372222,0.522222,6,EXPLORATORY
lolo:offset:count:L:F-1-macro,offset,L:F-1-macro,auc,0.455556,0.377778,0.522222,6,EXPLORATORY
lolo:offset:count:L:F-5-continuous,offset,L:F-5-continuous,auc,0.477778,0.350000,0.583333,6,EXPLORATORY
lolo:offset:count:L:F-5-micro,offset,L:F-5-micro,auc,0.455556,0.344444,0.533333,6,EXPLORATORY
lolo:offset:count:L:F-5-macro,offset,L:F-5-macro,auc,0.416667,0.300000,0.533333,6,EXPLORATORY
lolo:offset:count:L:F-15-continuous,offset,L:F-15-continuous,auc,0.494444,0.450000,0.533333,6,EXPLORATORY
lolo:offset:count:L:F-15-micro,offset,L:F-15-micro,auc,0.461111,0.383333,0.544444,6,EXPLORATORY
lolo:offset:count:L:F-15-macro,offset,L:F-15-macro,auc,0.405556,0.311111,0.483333,6,EXPLORATORY
lolo:offset:count:L:C-F-1,offset,L:C-F-1,auc,0.577778,0.527778,0.633472,6,EXPLORATORY
lolo:offset:count:L:C-F-5,offset,L:C-F-5,auc,0.533333,0.483333,0.583333,6,EXPLORATORY
lolo:offset:count:L:C-F-15,offset,L:C-F-15,auc,0.522222,0.477778,0.572222,6,EXPLORATORY
lolo:offset:count:C:F-1-continuous,offset,C:F-1-continuous,auc,0.500000,0.500000,0.500000,6,EXPLORATORY
lolo:offset:count:C:F-1-micro,offset,C:F-1-micro,auc,0.500000,0.500000,0.500000,6,EXPLORATORY
lolo:offset:count:C:F-1-macro,offset,C:F-1-macro,auc,0.500000,0.500000,0.500000,6,EXPLORATORY
lolo:offset:count:C:F-5-continuous,offset,C:F-5-continuous,auc,0.500000,0.438889,0.550000,6,EXPLORATORY
lolo:offset:count:C:F-5-micro,offset,C:F-5-micro,auc,0.488889,0.427778,0.544444,6,EXPLORATORY
lolo:offset:count:C:F-5-macro,offset,C:F-5-macro,auc,0.472222,0.411111,0.533333,6,EXPLORATORY
lolo:offset:count:C:F-15-continuous,offset,C:F-15-continuous,auc,0.511111,0.444444,0.572222,6,EXPLORATORY
lolo:offset:count:C:F-15-micro,offset,C:F-15-micro,auc,0.483333,0.400000,0.550000,6,EXPLORATORY
lolo:offset:count:C:F-15-macro,offset,C:F-15-macro,auc,0.561111,0.516667,0.611111,6,EXPLORATORY
lolo:offset:count:C:C-F-1,offset,C:C-F-1,auc,0.500000,0.500000,0.500000,6,EXPLORATORY
lolo:offset:count:C:C-F-5,offset,C:C-F-5,auc,0.561111,0.477778,0.672222,6,EXPLORATORY
lolo:offset:count:C:C-F-15,offset,C:C-F-15,auc,0.522222,0.444444,0.605556,6,EXPLORATORY
lolo:offset:count:LC:F-1-continuous,offset,LC:F-1-continuous,auc,0.555556,0.444444,0.683333,6,EXPLORATORY
lolo:offset:count:LC:F-1-micro,offset,LC:F-1-micro,auc,0.586111,0.508333,0.680556,6,EXPLORATORY
lolo:offset:count:LC:F-1-macro,offset,LC:F-1-macro,auc,0.538889,0.444444,0.677778,6,EXPLORATORY
lolo:offset:count:LC:F-5-continuous,offset,LC:F-5-continuous,auc,0.538889,0.494444,0.594444,6,EXPLORATORY
lolo:offset:count:LC:F-5-micro,offset,LC:F-5-micro,auc,0.572222,0.516667,0.622222,6,EXPLORATORY
lolo:offset:count:LC:F-5-macro,offset,LC:F-5-macro,auc,0.605556,0.483333,0.738889,6,EXPLORATORY
lolo:offset:count:LC:F-15-continuous,offset,LC:F-15-continuous,auc,0.580556,0.519444,0.650000,6,EXPLORATORY
lolo:offset:count:LC:F-15-micro,offset,LC:F-15-micro,auc,0.561111,0.444444,0.661111,6,EXPLORATORY
lolo:offset:count:LC:F-15-macro,offset,LC:F-15-macro,auc,0.488889,0.411111,0.572222,6,EXPLORATORY
lolo:offset:count:LC:C-F-1,offset,LC:C-F-1,auc,0.533333,0.433333,0.644444,6,EXPLORATORY
lolo:offset:count:LC:C-F-5,offset,LC:C-F-5,auc,0.591667,0.508333,0.672222,6,EXPLORATORY
lolo:offset:count:LC:C-F-15,offset,LC:C-F-15,auc,0.591667,0.491667,0.700000,6,EXPLORATORY
lolo:angle:tie_free:B:F-1-continuous,angle,B:F-1-continuous,auc,0.547475,0.488889,0.600000,5,EXPLORATORY
lolo:angle:tie_free:B:F-1-micro,angle,B:F-1-micro,auc,0.592424,0.505556,0.720202,5,EXPLORATORY
lolo:angle:tie_free:B:F-1-macro,angle,B:F-1-macro,auc,0.503030,0.458586,0.547475,5,EXPLORATORY
lolo:angle:tie_free:B:F-5-continuous,angle,B:F-5-continuous,auc,0.541414,0.513131,0.566667,5,EXPLORATORY
lolo:angle:tie_free:B:F-5-micro,angle,B:F-5-micro,auc,0.530303,0.493939,0.566667,5,EXPLORATORY
lolo:angle:tie_free:B:F-5-macro,angle,B:F-5-macro,auc,0.552525,0.505051,0.600000,5,EXPLORATORY
lolo:angle:tie_free:B:F-15-continuous,angle,B:F-15-continuous,auc,0.453030,0.416667,0.486869,5,EXPLORATORY
lolo:angle:tie_free:B:F-15-micro,angle,B:F-15-micro,auc,0.458586,0.422222,0.492424,5,EXPLORATORY
lolo:angle:tie_free:B:F-15-macro,angle,B:F-15-macro,auc,0.453030,0.416667,0.486869,5,EXPLORATORY
lolo:angle:tie_free:B:C-F-1,angle,B:C-F-1,auc,0.464141,0.422222,0.506061,5,EXPLORATORY
lolo:angle:tie_free:B:C-F-5,angle,B:C-F-5,auc,0.546970,0.513131,0.583333,5,EXPLORATORY
lolo:angle:tie_free:B:C-F-15,angle,B:C-F-15,auc,0.569192,0.524242,0.616667,5,EXPLORATORY
lolo:angle:tie_free:L:F-1-continuous,angle,L:F-1-continuous,auc,0.479798,0.424242,0.535354,5,EXPLORATORY
lolo:angle:tie_free:L:F-1-micro,angle,L:F-1-micro,auc,0.450505,0.384343,0.533838,5,EXPLORATORY
lolo:angle:tie_free:L:F-1-macro,angle,L:F-1-macro,auc,0.440404,0.405556,0.486364,5,EXPLORATORY
lolo:angle:tie_free:L:F-5-continuous,angle,L:F-5-continuous,auc,0.484848,0.423737,0.538889,5,EXPLORATORY
lolo:angle:tie_free:L:F-5-micro,angle,L:F-5-micro,auc,0.483838,0.412626,0.538889,5,EXPLORATORY
lolo:angle:tie_free:L:F-5-macro,angle,L:F-5-macro,auc,0.475758,0.427778,0.523737,5,EXPLORATORY
lolo:angle:tie_free:L:F-15-continuous,angle,L:F-15-continuous,auc,0.492929,0.422222,0.552525,5,EXPLORATORY
lolo:angle:tie_free:L:F-15-micro,angle,L:F-15-micro,auc,0.447980,0.361111,0.534848,5,EXPLORATORY
lolo:angle:tie_free:L:F-15-macro,angle,L:F-15-macro,auc,0.479293,0.419697,0.538889,5,EXPLORATORY
lolo:angle:tie_free:L:C-F-1,angle,L:C-F-1,auc,0.463636,0.293939,0.624747,5,EXPLORATORY
lolo:angle:tie_free:L:C-F-5,angle,L:C-F-5,auc,0.502525,0.324747,0.641414,5,EXPLORATORY
lolo:angle:tie_free:L:C-F-15,angle,L:C-F-15,auc,0.496970,0.324747,0.627778,5,EXPLORATORY
lolo:angle:tie_free:C:F-1-continuous,angle,C:F-1-continuous,auc,0.616162,0.571717,0.660606,5,EXPLORATORY
lolo:angle:tie_free:C:F-1-micro,angle,C:F-1-micro,auc,0.564646,0.531313,0.616667,5,EXPLORATORY
lolo:angle:tie_free:C:F-1-macro,angle,C:F-1-macro,auc,0.598485,0.546970,0.650000,5,EXPLORATORY
lolo:angle:tie_free:C:F-5-continuous,angle,C:F-5-continuous,auc,0.672222,0.600000,0.750000,5,EXPLORATORY
lolo:angle:tie_free:C:F-5-micro,angle,C:F-5-micro,auc,0.626263,0.548485,0.700000,5,EXPLORATORY
lolo:angle:tie_free:C:F-5-macro,angle,C:F-5-macro,auc,0.676263,0.612121,0.750000,5,EXPLORATORY
lolo:angle:tie_free:C:F-15-continuous,angle,C:F-15-continuous,auc,0.644444,0.516667,0.750000,5,EXPLORATORY
lolo:angle:tie_free:C:F-15-micro,angle,C:F-15-micro,auc,0.620202,0.540404,0.700000,5,EXPLORATORY
lolo:angle:tie_free:C:F-15-macro,angle,C:F-15-macro,auc,0.654040,0.574747,0.748485,5,EXPLORATORY
lolo:angle:tie_free:C:C-F-1,angle,C:C-F-1,auc,0.626263,0.548485,0.722222,5,EXPLORATORY
lolo:angle:tie_free:C:C-F-5,angle,C:C-F-5,auc,0.660101,0.583333,0.754545,5,EXPLORATORY
lolo:angle:tie_free:C:C-F-15,angle,C:C-F-15,auc,0.636869,0.540404,0.742424,5,EXPLORATORY
lolo:angle:tie_free:LC:F-1-continuous,angle,LC:F-1-continuous,auc,0.590909,0.515152,0.677778,5,EXPLORATORY
lolo:angle:tie_free:LC:F-1-micro,angle,LC:F-1-micro,auc,0.590909,0.515152,0.677778,5,EXPLORATORY
lolo:angle:tie_free:LC:F-1-macro,angle,LC:F-1-macro,auc,0.659596,0.565152,0.750000,5,EXPLORATORY
lolo:angle:tie_free:LC:F-5-continuous,angle,LC:F-5-continuous,auc,0.641919,0.564646,0.722222,5,EXPLORATORY
lolo:angle:tie_free:LC:F-5-micro,angle,LC:F-5-micro,auc,0.677778,0.633333,0.722222,5,EXPLORATORY
lolo:angle:tie_free:LC:F-5-macro,angle,LC:F-5-macro,auc,0.671717,0.648485,0.700000,5,EXPLORATORY
lolo:angle:tie_free:LC:F-15-continuous,angle,LC:F-15-continuous,auc,0.714141,0.655556,0.789394,5,EXPLORATORY
lolo:angle:tie_free:LC:F-15-micro,angle,LC:F-15-micro,auc,0.724242,0.683333,0.765152,5,EXPLORATORY
lolo:angle:tie_free:LC:F-15-macro,angle,LC:F-15-macro,auc,0.681818,0.623232,0.737374,5,EXPLORATORY
lolo:angle:tie_free:LC:C-F-1,angle,LC:C-F-1,auc,0.739394,0.622727,0.838889,5,EXPLORATORY
lolo:angle:tie_free:LC:C-F-5,angle,LC:C-F-5,auc,0.698485,0.612121,0.783333,5,EXPLORATORY
lolo:angle:tie_free:LC:C-F-15,angle,LC:C-F-15,auc,0.737374,0.635859,0.838889,5,EXPLORATORY
lolo:angle:count:B:F-1-continuous,angle,B:F-1-continuous,auc,0.511111,0.500000,0.533333,5,EXPLORATORY
lolo:angle:count:B:F-1-micro,angle,B:F-1-micro,auc,0.508333,0.500000,0.525000,5,EXPLORATORY
lolo:angle:count:B:F-1-macro,angle,B:F-1-macro,auc,0.486111,0.458333,0.500000,5,EXPLORATORY
lolo:angle:count:B:F-5-continuous,angle,B:F-5-continuous,auc,0.462121,0.407576,0.522222,5,EXPLORATORY
lolo:angle:count:B:F-5-micro,angle,B:F-5-micro,auc,0.497475,0.472222,0.530808,5,EXPLORATORY
lolo:angle:count:B:F-5-macro,angle,B:F-5-macro,auc,0.529293,0.460101,0.605556,5,EXPLORATORY
lolo:angle:count:B:F-15-continuous,angle,B:F-15-continuous,auc,0.485859,0.400000,0.563636,5,EXPLORATORY
lolo:angle:count:B:F-15-micro,angle,B:F-15-micro,auc,0.502525,0.441414,0.566667,5,EXPLORATORY
lolo:angle:count:B:F-15-macro,angle,B:F-15-macro,auc,0.494444,0.400000,0.572222,5,EXPLORATORY
lolo:angle:count:B:C-F-1,angle,B:C-F-1,auc,0.506818,0.483333,0.542677,5,EXPLORATORY
lolo:angle:count:B:C-F-5,angle,B:C-F-5,auc,0.525253,0.441919,0.594444,5,EXPLORATORY
lolo:angle:count:B:C-F-15,angle,B:C-F-15,auc,0.546970,0.513131,0.583333,5,EXPLORATORY
lolo:angle:count:L:F-1-continuous,angle,L:F-1-continuous,auc,0.508586,0.469697,0.547475,5,EXPLORATORY
lolo:angle:count:L:F-1-micro,angle,L:F-1-micro,auc,0.483838,0.406566,0.561111,5,EXPLORATORY
lolo:angle:count:L:F-1-macro,angle,L:F-1-macro,auc,0.506061,0.438889,0.589394,5,EXPLORATORY
lolo:angle:count:L:F-5-continuous,angle,L:F-5-continuous,auc,0.544949,0.483838,0.611616,5,EXPLORATORY
lolo:angle:count:L:F-5-micro,angle,L:F-5-micro,auc,0.494949,0.466667,0.523232,5,EXPLORATORY
lolo:angle:count:L:F-5-macro,angle,L:F-5-macro,auc,0.478283,0.427778,0.528788,5,EXPLORATORY
lolo:angle:count:L:F-15-continuous,angle,L:F-15-continuous,auc,0.519192,0.458081,0.574747,5,EXPLORATORY
lolo:angle:count:L:F-15-micro,angle,L:F-15-micro,auc,0.546970,0.469192,0.622222,5,EXPLORATORY
lolo:angle:count:L:F-15-macro,angle,L:F-15-macro,auc,0.552020,0.481818,0.622222,5,EXPLORATORY
lolo:angle:count:L:C-F-1,angle,L:C-F-1,auc,0.574747,0.516162,0.644444,5,EXPLORATORY
lolo:angle:count:L:C-F-5,angle,L:C-F-5,auc,0.589899,0.475253,0.688889,5,EXPLORATORY
lolo:angle:count:L:C-F-15,angle,L:C-F-15,auc,0.497475,0.325253,0.625253,5,EXPLORATORY
lolo:angle:count:C:F-1-continuous,angle,C:F-1-continuous,auc,0.483333,0.450000,0.500000,5,EXPLORATORY
lolo:angle:count:C:F-1-micro,angle,C:F-1-micro,auc,0.500000,0.500000,0.500000,5,EXPLORATORY
lolo:angle:count:C:F-1-macro,angle,C:F-1-macro,auc,0.500000,0.500000,0.500000,5,EXPLORATORY
lolo:angle:count:C:F-5-continuous,angle,C:F-5-continuous,auc,0.563636,0.482828,0.652525,5,EXPLORATORY
lolo:angle:count:C:F-5-micro,angle,C:F-5-micro,auc,0.529798,0.470707,0.588889,5,EXPLORATORY
lolo:angle:count:C:F-5-macro,angle,C:F-5-macro,auc,0.495960,0.403030,0.600000,5,EXPLORATORY
lolo:angle:count:C:F-15-continuous,angle,C:F-15-continuous,auc,0.552020,0.465152,0.666667,5,EXPLORATORY
lolo:angle:count:C:F-15-micro,angle,C:F-15-micro,auc,0.560354,0.467929,0.652778,5,EXPLORATORY
lolo:angle:count:C:F-15-macro,angle,C:F-15-macro,auc,0.607576,0.487374,0.727778,5,EXPLORATORY
lolo:angle:count:C:C-F-1,angle,C:C-F-1,auc,0.500000,0.500000,0.500000,5,EXPLORATORY
lolo:angle:count:C:C-F-5,angle,C:C-F-5,auc,0.548990,0.464646,0.633333,5,EXPLORATORY
lolo:angle:count:C:C-F-15,angle,C:C-F-15,auc,0.659091,0.584848,0.750000,5,EXPLORATORY
lolo:angle:count:LC:F-1-continuous,angle,LC:F-1-continuous,auc,0.499747,0.391414,0.608081,5,EXPLORATORY
lolo:angle:count:LC:F-1-micro,angle,LC:F-1-micro,auc,0.519192,0.430303,0.611111,5,EXPLORATORY
lolo:angle:count:LC:F-1-macro,angle,LC:F-1-macro,auc,0.519192,0.474747,0.583333,5,EXPLORATORY
lolo:angle:count:LC:F-5-continuous,angle,LC:F-5-continuous,auc,0.535859,0.452525,0.622222,5,EXPLORATORY
lolo:angle:count:LC:F-5-micro,angle,LC:F-5-micro,auc,0.632323,0.554545,0.710101,5,EXPLORATORY
lolo:angle:count:LC:F-5-macro,angle,LC:F-5-macro,auc,0.576263,0.516667,0.633333,5,EXPLORATORY
lolo:angle:count:LC:F-15-continuous,angle,LC:F-15-continuous,auc,0.572727,0.488889,0.657071,5,EXPLORATORY
lolo:angle:count:LC:F-15-micro,angle,LC:F-15-micro,auc,0.662121,0.562121,0.737374,5,EXPLORATORY
lolo:angle:count:LC:F-15-macro,angle,LC:F-15-macro,auc,0.570707,0.513636,0.627778,5,EXPLORATORY
lolo:angle:count:LC:C-F-1,angle,LC:C-F-1,auc,0.629293,0.462626,0.766667,5,EXPLORATORY
lolo:angle:count:LC:C-F-5,angle,LC:C-F-5,auc,0.596465,0.437374,0.757576,5,EXPLORATORY
lolo:angle:count:LC:C-F-15,angle,LC:C-F-15,auc,0.710101,0.641414,0.788889,5,EXPLORATORY
lolo:power:tie_free:B:F-1-continuous,power,B:F-1-continuous,auc,0.557644,0.459148,0.638346,5,EXPLORATORY
lolo:power:tie_free:B:F-1-micro,power,B:F-1-micro,auc,0.609023,0.528321,0.687719,5,EXPLORATORY
lolo:power:tie_free:B:F-1-macro,power,B:F-1-macro,auc,0.519048,0.427820,0.585464,5,EXPLORATORY
lolo:power:tie_free:B:F-5-continuous,power,B:F-5-continuous,auc,0.602005,0.445614,0.778947,5,EXPLORATORY
lolo:power:tie_free:B:F-5-micro,power,B:F-5-micro,auc,0.613784,0.501504,0.771930,5,EXPLORATORY
lolo:power:tie_free:B:F-5-macro,power,B:F-5-macro,auc,0.579699,0.520050,0.642105,5,EXPLORATORY
lolo:power:tie_free:B:F-15-continuous,power,B:F-15-continuous,auc,0.442356,0.404010,0.480952,5,EXPLORATORY
lolo:power:tie_free:B:F-15-micro,power,B:F-15-micro,auc,0.485965,0.435088,0.547368,5,EXPLORATORY
lolo:power:tie_free:B:F-15-macro,power,B:F-15-macro,auc,0.393985,0.280702,0.521303,5,EXPLORATORY
lolo:power:tie_free:B:C-F-1,power,B:C-F-1,auc,0.499499,0.375439,0.623559,5,EXPLORATORY
lolo:power:tie_free:B:C-F-5,power,B:C-F-5,auc,0.403509,0.361404,0.445614,5,EXPLORATORY
lolo:power:tie_free:B:C-F-15,power,B:C-F-15,auc,0.383960,0.354386,0.411529,5,EXPLORATORY
lolo:power:tie_free:L:F-1-continuous,power,L:F-1-continuous,auc,0.312531,0.178947,0.411028,5,EXPLORATORY
lolo:power:tie_free:L:F-1-micro,power,L:F-1-micro,auc,0.345363,0.185965,0.476692,5,EXPLORATORY
lolo:power:tie_free:L:F-1-macro,power,L:F-1-macro,auc,0.404762,0.194204,0.602506,5,EXPLORATORY
lolo:power:tie_free:L:F-5-continuous,power,L:F-5-continuous,auc,0.396992,0.333333,0.450125,5,EXPLORATORY
lolo:power:tie_free:L:F-5-micro,power,L:F-5-micro,auc,0.331328,0.196491,0.431078,5,EXPLORATORY
lolo:power:tie_free:L:F-5-macro,power,L:F-5-macro,auc,0.454887,0.254887,0.618546,5,EXPLORATORY
lolo:power:tie_free:L:F-15-continuous,power,L:F-15-continuous,auc,0.363158,0.291228,0.436842,5,EXPLORATORY
lolo:power:tie_free:L:F-15-micro,power,L:F-15-micro,auc,0.287970,0.161654,0.389975,5,EXPLORATORY
lolo:power:tie_free:L:F-15-macro,power,L:F-15-macro,auc,0.434837,0.294737,0.546867,5,EXPLORATORY
lolo:power:tie_free:L:C-F-1,power,L:C-F-1,auc,0.399749,0.304762,0.505263,5,EXPLORATORY
lolo:power:tie_free:L:C-F-5,power,L:C-F-5,auc,0.410276,0.311779,0.529825,5,EXPLORATORY
lolo:power:tie_free:L:C-F-15,power,L:C-F-15,auc,0.406767,0.301253,0.536842,5,EXPLORATORY
lolo:power:tie_free:C:F-1-continuous,power,C:F-1-continuous,auc,0.619048,0.428070,0.737845,5,EXPLORATORY
lolo:power:tie_free:C:F-1-micro,power,C:F-1-micro,auc,0.558145,0.365163,0.740852,5,EXPLORATORY
lolo:power:tie_free:C:F-1-macro,power,C:F-1-macro,auc,0.545113,0.380201,0.700752,5,EXPLORATORY
lolo:power:tie_free:C:F-5-continuous,power,C:F-5-continuous,auc,0.558145,0.372180,0.737343,5,EXPLORATORY
lolo:power:tie_free:C:F-5-micro,power,C:F-5-micro,auc,0.499749,0.243609,0.743358,5,EXPLORATORY
lolo:power:tie_free:C:F-5-macro,power,C:F-5-macro,auc,0.493734,0.251629,0.720802,5,EXPLORATORY
lolo:power:tie_free:C:F-15-continuous,power,C:F-15-continuous,auc,0.513784,0.275188,0.750376,5,EXPLORATORY
lolo:power:tie_free:C:F-15-micro,power,C:F-15-micro,auc,0.505514,0.245865,0.747870,5,EXPLORATORY
lolo:power:tie_free:C:F-15-macro,power,C:F-15-macro,auc,0.456892,0.231579,0.670927,5,EXPLORATORY
lolo:power:tie_free:C:C-F-1,power,C:C-F-1,auc,0.460902,0.267920,0.644612,5,EXPLORATORY
lolo:power:tie_free:C:C-F-5,power,C:C-F-5,auc,0.455138,0.238596,0.671679,5,EXPLORATORY
lolo:power:tie_free:C:C-F-15,power,C:C-F-15,auc,0.451629,0.224561,0.671679,5,EXPLORATORY
lolo:power:tie_free:LC:F-1-continuous,power,LC:F-1-continuous,auc,0.746366,0.655138,0.863158,5,EXPLORATORY
lolo:power:tie_free:LC:F-1-micro,power,LC:F-1-micro,auc,0.751128,0.652882,0.863158,5,EXPLORATORY
lolo:power:tie_free:LC:F-1-macro,power,LC:F-1-macro,auc,0.768672,0.687970,0.884211,5,EXPLORATORY
lolo:power:tie_free:LC:F-5-continuous,power,LC:F-5-continuous,auc,0.747368,0.659649,0.859649,5,EXPLORATORY
lolo:power:tie_free:LC:F-5-micro,power,LC:F-5-micro,auc,0.739348,0.641103,0.856140,5,EXPLORATORY
lolo:power:tie_free:LC:F-5-macro,power,LC:F-5-macro,auc,0.739348,0.614035,0.872682,5,EXPLORATORY
lolo:power:tie_free:LC:F-15-continuous,power,LC:F-15-continuous,auc,0.734837,0.678697,0.789474,5,EXPLORATORY
lolo:power:tie_free:LC:F-15-micro,power,LC:F-15-micro,auc,0.760652,0.665915,0.865915,5,EXPLORATORY
lolo:power:tie_free:LC:F-15-macro,power,LC:F-15-macro,auc,0.806015,0.745363,0.891228,5,EXPLORATORY
lolo:power:tie_free:LC:C-F-1,power,LC:C-F-1,auc,0.721554,0.623058,0.814035,5,EXPLORATORY
lolo:power:tie_free:LC:C-F-5,power,LC:C-F-5,auc,0.624311,0.515789,0.719298,5,EXPLORATORY
lolo:power:tie_free:LC:C-F-15,power,LC:C-F-15,auc,0.756642,0.689975,0.817544,5,EXPLORATORY
lolo:power:count:B:F-1-continuous,power,B:F-1-continuous,auc,0.507018,0.500000,0.521053,5,EXPLORATORY
lolo:power:count:B:F-1-micro,power,B:F-1-micro,auc,0.480952,0.442857,0.500000,5,EXPLORATORY
lolo:power:count:B:F-1-macro,power,B:F-1-macro,auc,0.496491,0.492982,0.500000,5,EXPLORATORY
lolo:power:count:B:F-5-continuous,power,B:F-5-continuous,auc,0.664411,0.548622,0.790727,5,EXPLORATORY
lolo:power:count:B:F-5-micro,power,B:F-5-micro,auc,0.689223,0.555890,0.821053,5,EXPLORATORY
lolo:power:count:B:F-5-macro,power,B:F-5-macro,auc,0.603509,0.505263,0.666667,5,EXPLORATORY
lolo:power:count:B:F-15-continuous,power,B:F-15-continuous,auc,0.427318,0.326316,0.525564,5,EXPLORATORY
lolo:power:count:B:F-15-micro,power,B:F-15-micro,auc,0.436591,0.336842,0.533333,5,EXPLORATORY
lolo:power:count:B:F-15-macro,power,B:F-15-macro,auc,0.391729,0.220802,0.536842,5,EXPLORATORY
lolo:power:count:B:C-F-1,power,B:C-F-1,auc,0.542105,0.500000,0.594737,5,EXPLORATORY
lolo:power:count:B:C-F-5,power,B:C-F-5,auc,0.536591,0.424561,0.610276,5,EXPLORATORY
lolo:power:count:B:C-F-15,power,B:C-F-15,auc,0.481454,0.407018,0.555890,5,EXPLORATORY
lolo:power:count:L:F-1-continuous,power,L:F-1-continuous,auc,0.518797,0.435088,0.589474,5,EXPLORATORY
lolo:power:count:L:F-1-micro,power,L:F-1-micro,auc,0.438847,0.396742,0.477193,5,EXPLORATORY
lolo:power:count:L:F-1-macro,power,L:F-1-macro,auc,0.487719,0.389386,0.585965,5,EXPLORATORY
lolo:power:count:L:F-5-continuous,power,L:F-5-continuous,auc,0.406015,0.369925,0.449123,5,EXPLORATORY
lolo:power:count:L:F-5-micro,power,L:F-5-micro,auc,0.374436,0.221053,0.486717,5,EXPLORATORY
lolo:power:count:L:F-5-macro,power,L:F-5-macro,auc,0.443358,0.325313,0.568421,5,EXPLORATORY
lolo:power:count:L:F-15-continuous,power,L:F-15-continuous,auc,0.496992,0.334336,0.725063,5,EXPLORATORY
lolo:power:count:L:F-15-micro,power,L:F-15-micro,auc,0.417544,0.322807,0.547368,5,EXPLORATORY
lolo:power:count:L:F-15-macro,power,L:F-15-macro,auc,0.451629,0.347368,0.556892,5,EXPLORATORY
lolo:power:count:L:C-F-1,power,L:C-F-1,auc,0.409774,0.307268,0.512281,5,EXPLORATORY
lolo:power:count:L:C-F-5,power,L:C-F-5,auc,0.385965,0.326316,0.449123,5,EXPLORATORY
lolo:power:count:L:C-F-15,power,L:C-F-15,auc,0.337845,0.201003,0.485213,5,EXPLORATORY
lolo:power:count:C:F-1-continuous,power,C:F-1-continuous,auc,0.468421,0.436842,0.500000,5,EXPLORATORY
lolo:power:count:C:F-1-micro,power,C:F-1-micro,auc,0.508772,0.489474,0.536842,5,EXPLORATORY
lolo:power:count:C:F-1-macro,power,C:F-1-macro,auc,0.451128,0.414536,0.489474,5,EXPLORATORY
lolo:power:count:C:F-5-continuous,power,C:F-5-continuous,auc,0.485213,0.467920,0.498246,5,EXPLORATORY
lolo:power:count:C:F-5-micro,power,C:F-5-micro,auc,0.525063,0.470677,0.619298,5,EXPLORATORY
lolo:power:count:C:F-5-macro,power,C:F-5-macro,auc,0.533835,0.456642,0.632080,5,EXPLORATORY
lolo:power:count:C:F-15-continuous,power,C:F-15-continuous,auc,0.610777,0.582957,0.638596,5,EXPLORATORY
lolo:power:count:C:F-15-micro,power,C:F-15-micro,auc,0.594987,0.497243,0.666667,5,EXPLORATORY
lolo:power:count:C:F-15-macro,power,C:F-15-macro,auc,0.610276,0.578697,0.643860,5,EXPLORATORY
lolo:power:count:C:C-F-1,power,C:C-F-1,auc,0.500000,0.500000,0.500000,5,EXPLORATORY
lolo:power:count:C:C-F-5,power,C:C-F-5,auc,0.665664,0.582206,0.754386,5,EXPLORATORY
lolo:power:count:C:C-F-15,power,C:C-F-15,auc,0.513283,0.445865,0.595739,5,EXPLORATORY
lolo:power:count:LC:F-1-continuous,power,LC:F-1-continuous,auc,0.612531,0.511278,0.694737,5,EXPLORATORY
lolo:power:count:LC:F-1-micro,power,LC:F-1-micro,auc,0.644110,0.511278,0.770426,5,EXPLORATORY
lolo:power:count:LC:F-1-macro,power,LC:F-1-macro,auc,0.618296,0.548120,0.687719,5,EXPLORATORY
lolo:power:count:LC:F-5-continuous,power,LC:F-5-continuous,auc,0.585213,0.493233,0.680702,5,EXPLORATORY
lolo:power:count:LC:F-5-micro,power,LC:F-5-micro,auc,0.606516,0.501754,0.729323,5,EXPLORATORY
lolo:power:count:LC:F-5-macro,power,LC:F-5-macro,auc,0.592231,0.489724,0.736842,5,EXPLORATORY
lolo:power:count:LC:F-15-continuous,power,LC:F-15-continuous,auc,0.557393,0.452632,0.694236,5,EXPLORATORY
lolo:power:count:LC:F-15-micro,power,LC:F-15-micro,auc,0.579950,0.467669,0.699248,5,EXPLORATORY
lolo:power:count:LC:F-15-macro,power,LC:F-15-macro,auc,0.569925,0.424060,0.747368,5,EXPLORATORY
lolo:power:count:LC:C-F-1,power,LC:C-F-1,auc,0.546867,0.400000,0.714787,5,EXPLORATORY
lolo:power:count:LC:C-F-5,power,LC:C-F-5,auc,0.507018,0.347368,0.638596,5,EXPLORATORY
lolo:power:count:LC:C-F-15,power,LC:C-F-15,auc,0.608020,0.563409,0.645614,5,EXPLORATORY
