id,cohort,inventory,unit,statistic,value,interval_low,interval_high,clusters,label
lolo:grid:B:F-1-continuous:right,lolo,grid,B:F-1-continuous,right,0.568110,0.500361,0.634273,11,EXPLORATORY
lolo:grid:B:F-1-continuous:wrong,lolo,grid,B:F-1-continuous,wrong,0.571147,0.501919,0.637896,11,EXPLORATORY
lolo:grid:B:F-1-continuous:right_minus_wrong,lolo,grid,B:F-1-continuous,right_minus_wrong,-0.003038,-0.031054,0.024404,11,EXPLORATORY
lolo:grid:B:F-1-continuous:stability,lolo,grid,B:F-1-continuous,stability,0.800856,0.664202,0.902956,11,EXPLORATORY
lolo:grid:B:F-1-micro:right,lolo,grid,B:F-1-micro,right,0.514069,0.428499,0.598413,11,EXPLORATORY
lolo:grid:B:F-1-micro:wrong,lolo,grid,B:F-1-micro,wrong,0.540000,0.454183,0.617895,11,EXPLORATORY
lolo:grid:B:F-1-micro:right_minus_wrong,lolo,grid,B:F-1-micro,right_minus_wrong,-0.025931,-0.053465,-0.000390,11,EXPLORATORY
lolo:grid:B:F-1-micro:stability,lolo,grid,B:F-1-micro,stability,0.796328,0.693295,0.889966,11,EXPLORATORY
lolo:grid:B:F-1-macro:right,lolo,grid,B:F-1-macro,right,0.537662,0.459881,0.623667,11,EXPLORATORY
lolo:grid:B:F-1-macro:wrong,lolo,grid,B:F-1-macro,wrong,0.562107,0.488577,0.644517,11,EXPLORATORY
lolo:grid:B:F-1-macro:right_minus_wrong,lolo,grid,B:F-1-macro,right_minus_wrong,-0.024444,-0.057944,0.010577,11,EXPLORATORY
lolo:grid:B:F-1-macro:stability,lolo,grid,B:F-1-macro,stability,0.870053,0.817458,0.916045,11,EXPLORATORY
lolo:grid:B:F-5-continuous:right,lolo,grid,B:F-5-continuous,right,0.480808,0.442713,0.527994,11,EXPLORATORY
lolo:grid:B:F-5-continuous:wrong,lolo,grid,B:F-5-continuous,wrong,0.487605,0.453194,0.527662,11,EXPLORATORY
lolo:grid:B:F-5-continuous:right_minus_wrong,lolo,grid,B:F-5-continuous,right_minus_wrong,-0.006797,-0.024849,0.008738,11,EXPLORATORY
lolo:grid:B:F-5-continuous:stability,lolo,grid,B:F-5-continuous,stability,0.910544,0.852959,0.955865,11,EXPLORATORY
lolo:grid:B:F-5-micro:right,lolo,grid,B:F-5-micro,right,0.517532,0.472294,0.563999,11,EXPLORATORY
lolo:grid:B:F-5-micro:wrong,lolo,grid,B:F-5-micro,wrong,0.532518,0.493787,0.572857,11,EXPLORATORY
lolo:grid:B:F-5-micro:right_minus_wrong,lolo,grid,B:F-5-micro,right_minus_wrong,-0.014986,-0.036999,0.002563,11,EXPLORATORY
lolo:grid:B:F-5-micro:stability,lolo,grid,B:F-5-micro,stability,0.935027,0.913725,0.955276,11,EXPLORATORY
lolo:grid:B:F-5-macro:right,lolo,grid,B:F-5-macro,right,0.505700,0.464141,0.548992,11,EXPLORATORY
lolo:grid:B:F-5-macro:wrong,lolo,grid,B:F-5-macro,wrong,0.498059,0.465440,0.533370,11,EXPLORATORY
lolo:grid:B:F-5-macro:right_minus_wrong,lolo,grid,B:F-5-macro,right_minus_wrong,0.007641,-0.024583,0.054827,11,EXPLORATORY
lolo:grid:B:F-5-macro:stability,lolo,grid,B:F-5-macro,stability,0.928619,0.874714,0.972086,11,EXPLORATORY
lolo:grid:B:F-15-continuous:right,lolo,grid,B:F-15-continuous,right,0.502814,0.452309,0.547258,11,EXPLORATORY
lolo:grid:B:F-15-continuous:wrong,lolo,grid,B:F-15-continuous,wrong,0.495801,0.447922,0.539481,11,EXPLORATORY
lolo:grid:B:F-15-continuous:right_minus_wrong,lolo,grid,B:F-15-continuous,right_minus_wrong,0.007013,-0.020346,0.035988,11,EXPLORATORY
lolo:grid:B:F-15-continuous:stability,lolo,grid,B:F-15-continuous,stability,0.827825,0.755079,0.888440,11,EXPLORATORY
lolo:grid:B:F-15-micro:right,lolo,grid,B:F-15-micro,right,0.509307,0.449567,0.562121,11,EXPLORATORY
lolo:grid:B:F-15-micro:wrong,lolo,grid,B:F-15-micro,wrong,0.509517,0.464536,0.550225,11,EXPLORATORY
lolo:grid:B:F-15-micro:right_minus_wrong,lolo,grid,B:F-15-micro,right_minus_wrong,-0.000209,-0.022714,0.023529,11,EXPLORATORY
lolo:grid:B:F-15-micro:stability,lolo,grid,B:F-15-micro,stability,0.826150,0.755961,0.886320,11,EXPLORATORY
lolo:grid:B:F-15-macro:right,lolo,grid,B:F-15-macro,right,0.495960,0.426840,0.567828,11,EXPLORATORY
lolo:grid:B:F-15-macro:wrong,lolo,grid,B:F-15-macro,wrong,0.488975,0.413745,0.560456,11,EXPLORATORY
lolo:grid:B:F-15-macro:right_minus_wrong,lolo,grid,B:F-15-macro,right_minus_wrong,0.006984,-0.017520,0.030339,11,EXPLORATORY
lolo:grid:B:F-15-macro:stability,lolo,grid,B:F-15-macro,stability,0.885954,0.848333,0.920910,11,EXPLORATORY
lolo:grid:B:C-F-1:right,lolo,grid,B:C-F-1,right,0.484127,0.427125,0.544307,11,EXPLORATORY
lolo:grid:B:C-F-1:wrong,lolo,grid,B:C-F-1,wrong,0.424019,0.363461,0.481696,11,EXPLORATORY
lolo:grid:B:C-F-1:right_minus_wrong,lolo,grid,B:C-F-1,right_minus_wrong,0.060108,0.025858,0.098990,11,EXPLORATORY
lolo:grid:B:C-F-1:stability,lolo,grid,B:C-F-1,stability,0.784777,0.683838,0.876510,11,EXPLORATORY
lolo:grid:B:C-F-5:right,lolo,grid,B:C-F-5,right,0.461616,0.413203,0.505772,11,EXPLORATORY
lolo:grid:B:C-F-5:wrong,lolo,grid,B:C-F-5,wrong,0.465317,0.423348,0.509178,11,EXPLORATORY
lolo:grid:B:C-F-5:right_minus_wrong,lolo,grid,B:C-F-5,right_minus_wrong,-0.003701,-0.038038,0.033168,11,EXPLORATORY
lolo:grid:B:C-F-5:stability,lolo,grid,B:C-F-5,stability,0.904804,0.832201,0.955000,11,EXPLORATORY
lolo:grid:B:C-F-15:right,lolo,grid,B:C-F-15,right,0.457720,0.385640,0.537377,11,EXPLORATORY
lolo:grid:B:C-F-15:wrong,lolo,grid,B:C-F-15,wrong,0.465823,0.407791,0.534299,11,EXPLORATORY
lolo:grid:B:C-F-15:right_minus_wrong,lolo,grid,B:C-F-15,right_minus_wrong,-0.008102,-0.029582,0.018306,11,EXPLORATORY
lolo:grid:B:C-F-15:stability,lolo,grid,B:C-F-15,stability,0.955597,0.941096,0.970098,11,EXPLORATORY
lolo:grid:L:F-1-continuous:right,lolo,grid,L:F-1-continuous,right,0.477561,0.386364,0.551659,11,EXPLORATORY
lolo:grid:L:F-1-continuous:wrong,lolo,grid,L:F-1-continuous,wrong,0.447973,0.362293,0.525527,11,EXPLORATORY
lolo:grid:L:F-1-continuous:right_minus_wrong,lolo,grid,L:F-1-continuous,right_minus_wrong,0.029589,0.003384,0.059640,11,EXPLORATORY
lolo:grid:L:F-1-continuous:stability,lolo,grid,L:F-1-continuous,stability,0.827130,0.714018,0.920686,11,EXPLORATORY
lolo:grid:L:F-1-micro:right,lolo,grid,L:F-1-micro,right,0.448773,0.355915,0.531605,11,EXPLORATORY
lolo:grid:L:F-1-micro:wrong,lolo,grid,L:F-1-micro,wrong,0.437237,0.365049,0.503740,11,EXPLORATORY
lolo:grid:L:F-1-micro:right_minus_wrong,lolo,grid,L:F-1-micro,right_minus_wrong,0.011537,-0.031148,0.054942,11,EXPLORATORY
lolo:grid:L:F-1-micro:stability,lolo,grid,L:F-1-micro,stability,0.752874,0.623558,0.869055,11,EXPLORATORY
lolo:grid:L:F-1-macro:right,lolo,grid,L:F-1-macro,right,0.490909,0.409450,0.568472,11,EXPLORATORY
lolo:grid:L:F-1-macro:wrong,lolo,grid,L:F-1-macro,wrong,0.513557,0.452135,0.575007,11,EXPLORATORY
lolo:grid:L:F-1-macro:right_minus_wrong,lolo,grid,L:F-1-macro,right_minus_wrong,-0.022648,-0.065802,0.017714,11,EXPLORATORY
lolo:grid:L:F-1-macro:stability,lolo,grid,L:F-1-macro,stability,0.822455,0.730436,0.907709,11,EXPLORATORY
lolo:grid:L:F-5-continuous:right,lolo,grid,L:F-5-continuous,right,0.462338,0.409232,0.520350,11,EXPLORATORY
lolo:grid:L:F-5-continuous:wrong,lolo,grid,L:F-5-continuous,wrong,0.452078,0.385714,0.512253,11,EXPLORATORY
lolo:grid:L:F-5-continuous:right_minus_wrong,lolo,grid,L:F-5-continuous,right_minus_wrong,0.010260,-0.022685,0.041371,11,EXPLORATORY
lolo:grid:L:F-5-continuous:stability,lolo,grid,L:F-5-continuous,stability,0.849844,0.768296,0.919021,11,EXPLORATORY
lolo:grid:L:F-5-micro:right,lolo,grid,L:F-5-micro,right,0.452525,0.402886,0.505916,11,EXPLORATORY
lolo:grid:L:F-5-micro:wrong,lolo,grid,L:F-5-micro,wrong,0.457778,0.387374,0.518573,11,EXPLORATORY
lolo:grid:L:F-5-micro:right_minus_wrong,lolo,grid,L:F-5-micro,right_minus_wrong,-0.005253,-0.036768,0.028551,11,EXPLORATORY
lolo:grid:L:F-5-micro:stability,lolo,grid,L:F-5-micro,stability,0.805530,0.723976,0.881704,11,EXPLORATORY
lolo:grid:L:F-5-macro:right,lolo,grid,L:F-5-macro,right,0.518687,0.456925,0.594228,11,EXPLORATORY
lolo:grid:L:F-5-macro:wrong,lolo,grid,L:F-5-macro,wrong,0.505260,0.447655,0.559785,11,EXPLORATORY
lolo:grid:L:F-5-macro:right_minus_wrong,lolo,grid,L:F-5-macro,right_minus_wrong,0.013427,-0.063984,0.122967,11,EXPLORATORY
lolo:grid:L:F-5-macro:stability,lolo,grid,L:F-5-macro,stability,0.683739,0.547102,0.815153,11,EXPLORATORY
lolo:grid:L:F-15-continuous:right,lolo,grid,L:F-15-continuous,right,0.466450,0.431239,0.507938,11,EXPLORATORY
lolo:grid:L:F-15-continuous:wrong,lolo,grid,L:F-15-continuous,wrong,0.480014,0.449625,0.510758,11,EXPLORATORY
lolo:grid:L:F-15-continuous:right_minus_wrong,lolo,grid,L:F-15-continuous,right_minus_wrong,-0.013564,-0.033074,0.006401,11,EXPLORATORY
lolo:grid:L:F-15-continuous:stability,lolo,grid,L:F-15-continuous,stability,0.844621,0.779140,0.902420,11,EXPLORATORY
lolo:grid:L:F-15-micro:right,lolo,grid,L:F-15-micro,right,0.461400,0.422655,0.506782,11,EXPLORATORY
lolo:grid:L:F-15-micro:wrong,lolo,grid,L:F-15-micro,wrong,0.478146,0.440620,0.516869,11,EXPLORATORY
lolo:grid:L:F-15-micro:right_minus_wrong,lolo,grid,L:F-15-micro,right_minus_wrong,-0.016746,-0.044459,0.007591,11,EXPLORATORY
lolo:grid:L:F-15-micro:stability,lolo,grid,L:F-15-micro,stability,0.801711,0.725533,0.870126,11,EXPLORATORY
lolo:grid:L:F-15-macro:right,lolo,grid,L:F-15-macro,right,0.529365,0.466521,0.602020,11,EXPLORATORY
lolo:grid:L:F-15-macro:wrong,lolo,grid,L:F-15-macro,wrong,0.531580,0.483317,0.582793,11,EXPLORATORY
lolo:grid:L:F-15-macro:right_minus_wrong,lolo,grid,L:F-15-macro,right_minus_wrong,-0.002215,-0.054375,0.063442,11,EXPLORATORY
lolo:grid:L:F-15-macro:stability,lolo,grid,L:F-15-macro,stability,0.756350,0.624627,0.868137,11,EXPLORATORY
lolo:grid:L:C-F-1:right,lolo,grid,L:C-F-1,right,0.538528,0.454472,0.619775,11,EXPLORATORY
lolo:grid:L:C-F-1:wrong,lolo,grid,L:C-F-1,wrong,0.487017,0.446385,0.520954,11,EXPLORATORY
lolo:grid:L:C-F-1:right_minus_wrong,lolo,grid,L:C-F-1,right_minus_wrong,0.051512,-0.015863,0.122728,11,EXPLORATORY
lolo:grid:L:C-F-1:stability,lolo,grid,L:C-F-1,stability,0.325009,0.200070,0.431744,11,EXPLORATORY
lolo:grid:L:C-F-5:right,lolo,grid,L:C-F-5,right,0.514466,0.455519,0.577204,11,EXPLORATORY
lolo:grid:L:C-F-5:wrong,lolo,grid,L:C-F-5,wrong,0.479715,0.444711,0.510289,11,EXPLORATORY
lolo:grid:L:C-F-5:right_minus_wrong,lolo,grid,L:C-F-5,right_minus_wrong,0.034751,-0.014522,0.091971,11,EXPLORATORY
lolo:grid:L:C-F-5:stability,lolo,grid,L:C-F-5,stability,0.290294,0.145041,0.407502,11,EXPLORATORY
lolo:grid:L:C-F-15:right,lolo,grid,L:C-F-15,right,0.459740,0.397403,0.526697,11,EXPLORATORY
lolo:grid:L:C-F-15:wrong,lolo,grid,L:C-F-15,wrong,0.476670,0.441933,0.501808,11,EXPLORATORY
lolo:grid:L:C-F-15:right_minus_wrong,lolo,grid,L:C-F-15,right_minus_wrong,-0.016930,-0.074839,0.039699,11,EXPLORATORY
lolo:grid:L:C-F-15:stability,lolo,grid,L:C-F-15,stability,0.293801,0.205392,0.372908,11,EXPLORATORY
lolo:grid:C:F-1-continuous:right,lolo,grid,C:F-1-continuous,right,0.687590,0.601223,0.779004,11,EXPLORATORY
lolo:grid:C:F-1-continuous:wrong,lolo,grid,C:F-1-continuous,wrong,0.497367,0.443794,0.553218,11,EXPLORATORY
lolo:grid:C:F-1-continuous:right_minus_wrong,lolo,grid,C:F-1-continuous,right_minus_wrong,0.190224,0.079672,0.310696,11,EXPLORATORY
lolo:grid:C:F-1-continuous:stability,lolo,grid,C:F-1-continuous,stability,0.012451,-0.098976,0.133470,11,EXPLORATORY
lolo:grid:C:F-1-micro:right,lolo,grid,C:F-1-micro,right,0.686291,0.604113,0.771645,11,EXPLORATORY
lolo:grid:C:F-1-micro:wrong,lolo,grid,C:F-1-micro,wrong,0.498218,0.442431,0.556719,11,EXPLORATORY
lolo:grid:C:F-1-micro:right_minus_wrong,lolo,grid,C:F-1-micro,right_minus_wrong,0.188074,0.078426,0.306038,11,EXPLORATORY
lolo:grid:C:F-1-micro:stability,lolo,grid,C:F-1-micro,stability,-0.001043,-0.112773,0.116794,11,EXPLORATORY
lolo:grid:C:F-1-macro:right,lolo,grid,C:F-1-macro,right,0.683983,0.592852,0.780377,11,EXPLORATORY
lolo:grid:C:F-1-macro:wrong,lolo,grid,C:F-1-macro,wrong,0.506176,0.444494,0.570297,11,EXPLORATORY
lolo:grid:C:F-1-macro:right_minus_wrong,lolo,grid,C:F-1-macro,right_minus_wrong,0.177807,0.062128,0.305909,11,EXPLORATORY
lolo:grid:C:F-1-macro:stability,lolo,grid,C:F-1-macro,stability,0.013654,-0.103383,0.132692,11,EXPLORATORY
lolo:grid:C:F-5-continuous:right,lolo,grid,C:F-5-continuous,right,0.688456,0.587224,0.787808,11,EXPLORATORY
lolo:grid:C:F-5-continuous:wrong,lolo,grid,C:F-5-continuous,wrong,0.501126,0.444502,0.554650,11,EXPLORATORY
lolo:grid:C:F-5-continuous:right_minus_wrong,lolo,grid,C:F-5-continuous,right_minus_wrong,0.187330,0.070749,0.311358,11,EXPLORATORY
lolo:grid:C:F-5-continuous:stability,lolo,grid,C:F-5-continuous,stability,0.016087,-0.084841,0.121159,11,EXPLORATORY
lolo:grid:C:F-5-micro:right,lolo,grid,C:F-5-micro,right,0.684127,0.582897,0.789394,11,EXPLORATORY
lolo:grid:C:F-5-micro:wrong,lolo,grid,C:F-5-micro,wrong,0.501530,0.442820,0.557281,11,EXPLORATORY
lolo:grid:C:F-5-micro:right_minus_wrong,lolo,grid,C:F-5-micro,right_minus_wrong,0.182597,0.063965,0.312490,11,EXPLORATORY
lolo:grid:C:F-5-micro:stability,lolo,grid,C:F-5-micro,stability,0.008004,-0.095125,0.113435,11,EXPLORATORY
lolo:grid:C:F-5-macro:right,lolo,grid,C:F-5-macro,right,0.665801,0.564717,0.768470,11,EXPLORATORY
lolo:grid:C:F-5-macro:wrong,lolo,grid,C:F-5-macro,wrong,0.504582,0.443795,0.562360,11,EXPLORATORY
lolo:grid:C:F-5-macro:right_minus_wrong,lolo,grid,C:F-5-macro,right_minus_wrong,0.161219,0.045295,0.289598,11,EXPLORATORY
lolo:grid:C:F-5-macro:stability,lolo,grid,C:F-5-macro,stability,0.008520,-0.106850,0.120042,11,EXPLORATORY
lolo:grid:C:F-15-continuous:right,lolo,grid,C:F-15-continuous,right,0.680231,0.583689,0.777201,11,EXPLORATORY
lolo:grid:C:F-15-continuous:wrong,lolo,grid,C:F-15-continuous,wrong,0.495620,0.437374,0.549539,11,EXPLORATORY
lolo:grid:C:F-15-continuous:right_minus_wrong,lolo,grid,C:F-15-continuous,right_minus_wrong,0.184610,0.068240,0.310498,11,EXPLORATORY
lolo:grid:C:F-15-continuous:stability,lolo,grid,C:F-15-continuous,stability,-0.000651,-0.113150,0.117104,11,EXPLORATORY
lolo:grid:C:F-15-micro:right,lolo,grid,C:F-15-micro,right,0.681025,0.592136,0.770853,11,EXPLORATORY
lolo:grid:C:F-15-micro:wrong,lolo,grid,C:F-15-micro,wrong,0.497799,0.438108,0.553572,11,EXPLORATORY
lolo:grid:C:F-15-micro:right_minus_wrong,lolo,grid,C:F-15-micro,right_minus_wrong,0.183225,0.065302,0.307987,11,EXPLORATORY
lolo:grid:C:F-15-micro:stability,lolo,grid,C:F-15-micro,stability,-0.002995,-0.112837,0.114163,11,EXPLORATORY
lolo:grid:C:F-15-macro:right,lolo,grid,C:F-15-macro,right,0.661760,0.557426,0.764578,11,EXPLORATORY
lolo:grid:C:F-15-macro:wrong,lolo,grid,C:F-15-macro,wrong,0.498348,0.437393,0.555145,11,EXPLORATORY
lolo:grid:C:F-15-macro:right_minus_wrong,lolo,grid,C:F-15-macro,right_minus_wrong,0.163413,0.047666,0.293387,11,EXPLORATORY
lolo:grid:C:F-15-macro:stability,lolo,grid,C:F-15-macro,stability,-0.001586,-0.121179,0.119690,11,EXPLORATORY
lolo:grid:C:C-F-1:right,lolo,grid,C:C-F-1,right,0.635209,0.534271,0.736151,11,EXPLORATORY
lolo:grid:C:C-F-1:wrong,lolo,grid,C:C-F-1,wrong,0.507193,0.437900,0.569012,11,EXPLORATORY
lolo:grid:C:C-F-1:right_minus_wrong,lolo,grid,C:C-F-1,right_minus_wrong,0.128016,0.019111,0.240618,11,EXPLORATORY
lolo:grid:C:C-F-1:stability,lolo,grid,C:C-F-1,stability,0.154234,0.033011,0.265438,11,EXPLORATORY
lolo:grid:C:C-F-5:right,lolo,grid,C:C-F-5,right,0.622799,0.532251,0.711834,11,EXPLORATORY
lolo:grid:C:C-F-5:wrong,lolo,grid,C:C-F-5,wrong,0.499163,0.432084,0.558867,11,EXPLORATORY
lolo:grid:C:C-F-5:right_minus_wrong,lolo,grid,C:C-F-5,right_minus_wrong,0.123636,0.026024,0.223747,11,EXPLORATORY
lolo:grid:C:C-F-5:stability,lolo,grid,C:C-F-5,stability,0.117326,0.020579,0.207335,11,EXPLORATORY
lolo:grid:C:C-F-15:right,lolo,grid,C:C-F-15,right,0.651371,0.561254,0.741558,11,EXPLORATORY
lolo:grid:C:C-F-15:wrong,lolo,grid,C:C-F-15,wrong,0.507237,0.446061,0.561618,11,EXPLORATORY
lolo:grid:C:C-F-15:right_minus_wrong,lolo,grid,C:C-F-15,right_minus_wrong,0.144134,0.040316,0.248300,11,EXPLORATORY
lolo:grid:C:C-F-15:stability,lolo,grid,C:C-F-15,stability,0.062656,-0.015357,0.135317,11,EXPLORATORY
lolo:grid:LC:F-1-continuous:right,lolo,grid,LC:F-1-continuous,right,0.589141,0.478746,0.679438,11,EXPLORATORY
lolo:grid:LC:F-1-continuous:wrong,lolo,grid,LC:F-1-continuous,wrong,0.574369,0.459783,0.673695,11,EXPLORATORY
lolo:grid:LC:F-1-continuous:right_minus_wrong,lolo,grid,LC:F-1-continuous,right_minus_wrong,0.014773,-0.003236,0.046753,11,EXPLORATORY
lolo:grid:LC:F-1-continuous:stability,lolo,grid,LC:F-1-continuous,stability,0.965245,0.922424,0.995196,11,EXPLORATORY
lolo:grid:LC:F-1-micro:right,lolo,grid,LC:F-1-micro,right,0.557431,0.443503,0.658442,11,EXPLORATORY
lolo:grid:LC:F-1-micro:wrong,lolo,grid,LC:F-1-micro,wrong,0.560761,0.440808,0.666214,11,EXPLORATORY
lolo:grid:LC:F-1-micro:right_minus_wrong,lolo,grid,LC:F-1-micro,right_minus_wrong,-0.003330,-0.015206,0.008616,11,EXPLORATORY
lolo:grid:LC:F-1-micro:stability,lolo,grid,LC:F-1-micro,stability,0.992660,0.988614,0.995989,11,EXPLORATORY
lolo:grid:LC:F-1-macro:right,lolo,grid,LC:F-1-macro,right,0.566811,0.453387,0.666162,11,EXPLORATORY
lolo:grid:LC:F-1-macro:wrong,lolo,grid,LC:F-1-macro,wrong,0.555058,0.441268,0.655687,11,EXPLORATORY
lolo:grid:LC:F-1-macro:right_minus_wrong,lolo,grid,LC:F-1-macro,right_minus_wrong,0.011753,-0.005397,0.030956,11,EXPLORATORY
lolo:grid:LC:F-1-macro:stability,lolo,grid,LC:F-1-macro,stability,0.977674,0.946617,0.995209,11,EXPLORATORY
lolo:grid:LC:F-5-continuous:right,lolo,grid,LC:F-5-continuous,right,0.662843,0.557718,0.750690,11,EXPLORATORY
lolo:grid:LC:F-5-continuous:wrong,lolo,grid,LC:F-5-continuous,wrong,0.564924,0.467235,0.652631,11,EXPLORATORY
lolo:grid:LC:F-5-continuous:right_minus_wrong,lolo,grid,LC:F-5-continuous,right_minus_wrong,0.097918,0.021882,0.189178,11,EXPLORATORY
lolo:grid:LC:F-5-continuous:stability,lolo,grid,LC:F-5-continuous,stability,0.713966,0.579554,0.837162,11,EXPLORATORY
lolo:grid:LC:F-5-micro:right,lolo,grid,LC:F-5-micro,right,0.702706,0.583261,0.814650,11,EXPLORATORY
lolo:grid:LC:F-5-micro:wrong,lolo,grid,LC:F-5-micro,wrong,0.576638,0.487222,0.657473,11,EXPLORATORY
lolo:grid:LC:F-5-micro:right_minus_wrong,lolo,grid,LC:F-5-micro,right_minus_wrong,0.126068,0.024765,0.247237,11,EXPLORATORY
lolo:grid:LC:F-5-micro:stability,lolo,grid,LC:F-5-micro,stability,0.609184,0.406136,0.797046,11,EXPLORATORY
lolo:grid:LC:F-5-macro:right,lolo,grid,LC:F-5-macro,right,0.662698,0.550431,0.765804,11,EXPLORATORY
lolo:grid:LC:F-5-macro:wrong,lolo,grid,LC:F-5-macro,wrong,0.571937,0.478462,0.649642,11,EXPLORATORY
lolo:grid:LC:F-5-macro:right_minus_wrong,lolo,grid,LC:F-5-macro,right_minus_wrong,0.090761,0.023232,0.163030,11,EXPLORATORY
lolo:grid:LC:F-5-macro:stability,lolo,grid,LC:F-5-macro,stability,0.538240,0.361047,0.702729,11,EXPLORATORY
lolo:grid:LC:F-15-continuous:right,lolo,grid,LC:F-15-continuous,right,0.702489,0.614423,0.785933,11,EXPLORATORY
lolo:grid:LC:F-15-continuous:wrong,lolo,grid,LC:F-15-continuous,wrong,0.550465,0.481741,0.611129,11,EXPLORATORY
lolo:grid:LC:F-15-continuous:right_minus_wrong,lolo,grid,LC:F-15-continuous,right_minus_wrong,0.152024,0.070700,0.238300,11,EXPLORATORY
lolo:grid:LC:F-15-continuous:stability,lolo,grid,LC:F-15-continuous,stability,0.242148,0.065721,0.424422,11,EXPLORATORY
lolo:grid:LC:F-15-micro:right,lolo,grid,LC:F-15-micro,right,0.698846,0.623377,0.769264,11,EXPLORATORY
lolo:grid:LC:F-15-micro:wrong,lolo,grid,LC:F-15-micro,wrong,0.547229,0.485591,0.601287,11,EXPLORATORY
lolo:grid:LC:F-15-micro:right_minus_wrong,lolo,grid,LC:F-15-micro,right_minus_wrong,0.151616,0.078658,0.229316,11,EXPLORATORY
lolo:grid:LC:F-15-micro:stability,lolo,grid,LC:F-15-micro,stability,0.230156,0.044722,0.420861,11,EXPLORATORY
lolo:grid:LC:F-15-macro:right,lolo,grid,LC:F-15-macro,right,0.696645,0.619156,0.769303,11,EXPLORATORY
lolo:grid:LC:F-15-macro:wrong,lolo,grid,LC:F-15-macro,wrong,0.533528,0.464761,0.597920,11,EXPLORATORY
lolo:grid:LC:F-15-macro:right_minus_wrong,lolo,grid,LC:F-15-macro,right_minus_wrong,0.163117,0.081226,0.250697,11,EXPLORATORY
lolo:grid:LC:F-15-macro:stability,lolo,grid,LC:F-15-macro,stability,0.169969,0.014704,0.340639,11,EXPLORATORY
lolo:grid:LC:C-F-1:right,lolo,grid,LC:C-F-1,right,0.629145,0.542455,0.720723,9,EXPLORATORY
lolo:grid:LC:C-F-1:wrong,lolo,grid,LC:C-F-1,wrong,0.626371,0.536304,0.719179,9,EXPLORATORY
lolo:grid:LC:C-F-1:right_minus_wrong,lolo,grid,LC:C-F-1,right_minus_wrong,0.002773,-0.006045,0.012064,9,EXPLORATORY
lolo:grid:LC:C-F-1:stability,lolo,grid,LC:C-F-1,stability,0.991656,0.986552,0.996013,9,EXPLORATORY
lolo:grid:LC:C-F-5:right,lolo,grid,LC:C-F-5,right,0.696737,0.623192,0.778047,9,EXPLORATORY
lolo:grid:LC:C-F-5:wrong,lolo,grid,LC:C-F-5,wrong,0.581852,0.524462,0.640904,9,EXPLORATORY
lolo:grid:LC:C-F-5:right_minus_wrong,lolo,grid,LC:C-F-5,right_minus_wrong,0.114885,0.063615,0.173644,9,EXPLORATORY
lolo:grid:LC:C-F-5:stability,lolo,grid,LC:C-F-5,stability,0.646765,0.534199,0.758003,9,EXPLORATORY
lolo:grid:LC:C-F-15:right,lolo,grid,LC:C-F-15,right,0.771737,0.686728,0.853792,9,EXPLORATORY
lolo:grid:LC:C-F-15:wrong,lolo,grid,LC:C-F-15,wrong,0.560891,0.509531,0.617407,9,EXPLORATORY
lolo:grid:LC:C-F-15:right_minus_wrong,lolo,grid,LC:C-F-15,right_minus_wrong,0.210847,0.141323,0.280370,9,EXPLORATORY
lolo:grid:LC:C-F-15:stability,lolo,grid,LC:C-F-15,stability,0.348676,0.197499,0.498431,9,EXPLORATORY
lolo:offset:B:F-1-continuous:right,lolo,offset,B:F-1-continuous,right,0.508333,0.444444,0.575000,6,EXPLORATORY
lolo:offset:B:F-1-continuous:wrong,lolo,offset,B:F-1-continuous,wrong,0.481667,0.437778,0.528333,6,EXPLORATORY
lolo:offset:B:F-1-continuous:right_minus_wrong,lolo,offset,B:F-1-continuous,right_minus_wrong,0.026667,-0.006111,0.060000,6,EXPLORATORY
lolo:offset:B:F-1-continuous:stability,lolo,offset,B:F-1-continuous,stability,0.850556,0.791616,0.922323,6,EXPLORATORY
lolo:offset:B:F-1-micro:right,lolo,offset,B:F-1-micro,right,0.505556,0.450000,0.566667,6,EXPLORATORY
lolo:offset:B:F-1-micro:wrong,lolo,offset,B:F-1-micro,wrong,0.514167,0.459722,0.564722,6,EXPLORATORY
lolo:offset:B:F-1-micro:right_minus_wrong,lolo,offset,B:F-1-micro,right_minus_wrong,-0.008611,-0.040000,0.029444,6,EXPLORATORY
lolo:offset:B:F-1-micro:stability,lolo,offset,B:F-1-micro,stability,0.758384,0.547828,0.913939,6,EXPLORATORY
lolo:offset:B:F-1-macro:right,lolo,offset,B:F-1-macro,right,0.500000,0.411111,0.572222,6,EXPLORATORY
lolo:offset:B:F-1-macro:wrong,lolo,offset,B:F-1-macro,wrong,0.464444,0.392222,0.527778,6,EXPLORATORY
lolo:offset:B:F-1-macro:right_minus_wrong,lolo,offset,B:F-1-macro,right_minus_wrong,0.035556,-0.023889,0.110556,6,EXPLORATORY
lolo:offset:B:F-1-macro:stability,lolo,offset,B:F-1-macro,stability,0.800152,0.582374,0.947879,6,EXPLORATORY
lolo:offset:B:F-5-continuous:right,lolo,offset,B:F-5-continuous,right,0.544444,0.505556,0.583333,6,EXPLORATORY
lolo:offset:B:F-5-continuous:wrong,lolo,offset,B:F-5-continuous,wrong,0.545000,0.507778,0.583333,6,EXPLORATORY
lolo:offset:B:F-5-continuous:right_minus_wrong,lolo,offset,B:F-5-continuous,right_minus_wrong,-0.000556,-0.013333,0.016667,6,EXPLORATORY
lolo:offset:B:F-5-continuous:stability,lolo,offset,B:F-5-continuous,stability,0.964747,0.935505,0.988333,6,EXPLORATORY
lolo:offset:B:F-5-micro:right,lolo,offset,B:F-5-micro,right,0.497222,0.444444,0.550000,6,EXPLORATORY
lolo:offset:B:F-5-micro:wrong,lolo,offset,B:F-5-micro,wrong,0.486667,0.452778,0.518889,6,EXPLORATORY
lolo:offset:B:F-5-micro:right_minus_wrong,lolo,offset,B:F-5-micro,right_minus_wrong,0.010556,-0.016667,0.036111,6,EXPLORATORY
lolo:offset:B:F-5-micro:stability,lolo,offset,B:F-5-micro,stability,0.931616,0.890455,0.972778,6,EXPLORATORY
lolo:offset:B:F-5-macro:right,lolo,offset,B:F-5-macro,right,0.566667,0.511111,0.622222,6,EXPLORATORY
lolo:offset:B:F-5-macro:wrong,lolo,offset,B:F-5-macro,wrong,0.559444,0.528889,0.589444,6,EXPLORATORY
lolo:offset:B:F-5-macro:right_minus_wrong,lolo,offset,B:F-5-macro,right_minus_wrong,0.007222,-0.036111,0.053333,6,EXPLORATORY
lolo:offset:B:F-5-macro:stability,lolo,offset,B:F-5-macro,stability,0.951465,0.896818,0.991970,6,EXPLORATORY
lolo:offset:B:F-15-continuous:right,lolo,offset,B:F-15-continuous,right,0.438889,0.388889,0.483333,6,EXPLORATORY
lolo:offset:B:F-15-continuous:wrong,lolo,offset,B:F-15-continuous,wrong,0.484444,0.446111,0.513333,6,EXPLORATORY
lolo:offset:B:F-15-continuous:right_minus_wrong,lolo,offset,B:F-15-continuous,right_minus_wrong,-0.045556,-0.111111,0.000000,6,EXPLORATORY
lolo:offset:B:F-15-continuous:stability,lolo,offset,B:F-15-continuous,stability,0.858485,0.704949,0.999798,6,EXPLORATORY
lolo:offset:B:F-15-micro:right,lolo,offset,B:F-15-micro,right,0.472222,0.433333,0.505556,6,EXPLORATORY
lolo:offset:B:F-15-micro:wrong,lolo,offset,B:F-15-micro,wrong,0.474444,0.438889,0.504444,6,EXPLORATORY
lolo:offset:B:F-15-micro:right_minus_wrong,lolo,offset,B:F-15-micro,right_minus_wrong,-0.002222,-0.010000,0.003333,6,EXPLORATORY
lolo:offset:B:F-15-micro:stability,lolo,offset,B:F-15-micro,stability,0.919242,0.810707,0.999545,6,EXPLORATORY
lolo:offset:B:F-15-macro:right,lolo,offset,B:F-15-macro,right,0.472222,0.433333,0.505556,6,EXPLORATORY
lolo:offset:B:F-15-macro:wrong,lolo,offset,B:F-15-macro,wrong,0.466111,0.425556,0.505556,6,EXPLORATORY
lolo:offset:B:F-15-macro:right_minus_wrong,lolo,offset,B:F-15-macro,right_minus_wrong,0.006111,0.000000,0.018333,6,EXPLORATORY
lolo:offset:B:F-15-macro:stability,lolo,offset,B:F-15-macro,stability,0.987020,0.961263,0.999949,6,EXPLORATORY
lolo:offset:B:C-F-1:right,lolo,offset,B:C-F-1,right,0.538889,0.488889,0.588889,6,EXPLORATORY
lolo:offset:B:C-F-1:wrong,lolo,offset,B:C-F-1,wrong,0.515556,0.461111,0.561111,6,EXPLORATORY
lolo:offset:B:C-F-1:right_minus_wrong,lolo,offset,B:C-F-1,right_minus_wrong,0.023333,-0.019444,0.065556,6,EXPLORATORY
lolo:offset:B:C-F-1:stability,lolo,offset,B:C-F-1,stability,0.798535,0.693283,0.890909,6,EXPLORATORY
lolo:offset:B:C-F-5:right,lolo,offset,B:C-F-5,right,0.500000,0.438889,0.555556,6,EXPLORATORY
lolo:offset:B:C-F-5:wrong,lolo,offset,B:C-F-5,wrong,0.512778,0.470000,0.557222,6,EXPLORATORY
lolo:offset:B:C-F-5:right_minus_wrong,lolo,offset,B:C-F-5,right_minus_wrong,-0.012778,-0.038333,0.000000,6,EXPLORATORY
lolo:offset:B:C-F-5:stability,lolo,offset,B:C-F-5,stability,0.932020,0.814949,0.999899,6,EXPLORATORY
lolo:offset:B:C-F-15:right,lolo,offset,B:C-F-15,right,0.516667,0.477778,0.561111,6,EXPLORATORY
lolo:offset:B:C-F-15:wrong,lolo,offset,B:C-F-15,wrong,0.507778,0.460000,0.555556,6,EXPLORATORY
lolo:offset:B:C-F-15:right_minus_wrong,lolo,offset,B:C-F-15,right_minus_wrong,0.008889,0.000000,0.026667,6,EXPLORATORY
lolo:offset:B:C-F-15:stability,lolo,offset,B:C-F-15,stability,0.978636,0.937020,0.999747,6,EXPLORATORY
lolo:offset:L:F-1-continuous:right,lolo,offset,L:F-1-continuous,right,0.530556,0.458333,0.611111,6,EXPLORATORY
lolo:offset:L:F-1-continuous:wrong,lolo,offset,L:F-1-continuous,wrong,0.485833,0.452222,0.518333,6,EXPLORATORY
lolo:offset:L:F-1-continuous:right_minus_wrong,lolo,offset,L:F-1-continuous,right_minus_wrong,0.044722,-0.005556,0.101667,6,EXPLORATORY
lolo:offset:L:F-1-continuous:stability,lolo,offset,L:F-1-continuous,stability,0.793434,0.568030,0.932020,6,EXPLORATORY
lolo:offset:L:F-1-micro:right,lolo,offset,L:F-1-micro,right,0.519444,0.458333,0.577778,6,EXPLORATORY
lolo:offset:L:F-1-micro:wrong,lolo,offset,L:F-1-micro,wrong,0.474722,0.449167,0.507222,6,EXPLORATORY
lolo:offset:L:F-1-micro:right_minus_wrong,lolo,offset,L:F-1-micro,right_minus_wrong,0.044722,-0.000278,0.090556,6,EXPLORATORY
lolo:offset:L:F-1-micro:stability,lolo,offset,L:F-1-micro,stability,0.742323,0.561515,0.888047,6,EXPLORATORY
lolo:offset:L:F-1-macro:right,lolo,offset,L:F-1-macro,right,0.461111,0.322222,0.600000,6,EXPLORATORY
lolo:offset:L:F-1-macro:wrong,lolo,offset,L:F-1-macro,wrong,0.470000,0.350556,0.594444,6,EXPLORATORY
lolo:offset:L:F-1-macro:right_minus_wrong,lolo,offset,L:F-1-macro,right_minus_wrong,-0.008889,-0.043889,0.029444,6,EXPLORATORY
lolo:offset:L:F-1-macro:stability,lolo,offset,L:F-1-macro,stability,0.832727,0.742374,0.923081,6,EXPLORATORY
lolo:offset:L:F-5-continuous:right,lolo,offset,L:F-5-continuous,right,0.533333,0.455556,0.600000,6,EXPLORATORY
lolo:offset:L:F-5-continuous:wrong,lolo,offset,L:F-5-continuous,wrong,0.483333,0.432778,0.531667,6,EXPLORATORY
lolo:offset:L:F-5-continuous:right_minus_wrong,lolo,offset,L:F-5-continuous,right_minus_wrong,0.050000,-0.010569,0.110556,6,EXPLORATORY
lolo:offset:L:F-5-continuous:stability,lolo,offset,L:F-5-continuous,stability,0.779242,0.693737,0.843535,6,EXPLORATORY
lolo:offset:L:F-5-micro:right,lolo,offset,L:F-5-micro,right,0.558333,0.516667,0.608333,6,EXPLORATORY
lolo:offset:L:F-5-micro:wrong,lolo,offset,L:F-5-micro,wrong,0.493611,0.470556,0.519167,6,EXPLORATORY
lolo:offset:L:F-5-micro:right_minus_wrong,lolo,offset,L:F-5-micro,right_minus_wrong,0.064722,0.036944,0.110556,6,EXPLORATORY
lolo:offset:L:F-5-micro:stability,lolo,offset,L:F-5-micro,stability,0.732071,0.672980,0.785253,6,EXPLORATORY
lolo:offset:L:F-5-macro:right,lolo,offset,L:F-5-macro,right,0.505556,0.444444,0.577778,6,EXPLORATORY
lolo:offset:L:F-5-macro:wrong,lolo,offset,L:F-5-macro,wrong,0.463333,0.384444,0.537222,6,EXPLORATORY
lolo:offset:L:F-5-macro:right_minus_wrong,lolo,offset,L:F-5-macro,right_minus_wrong,0.042222,-0.007222,0.087778,6,EXPLORATORY
lolo:offset:L:F-5-macro:stability,lolo,offset,L:F-5-macro,stability,0.617475,0.485253,0.775657,6,EXPLORATORY
lolo:offset:L:F-15-continuous:right,lolo,offset,L:F-15-continuous,right,0.486111,0.411111,0.555556,6,EXPLORATORY
lolo:offset:L:F-15-continuous:wrong,lolo,offset,L:F-15-continuous,wrong,0.489444,0.445000,0.531667,6,EXPLORATORY
lolo:offset:L:F-15-continuous:right_minus_wrong,lolo,offset,L:F-15-continuous,right_minus_wrong,-0.003333,-0.042222,0.032236,6,EXPLORATORY
lolo:offset:L:F-15-continuous:stability,lolo,offset,L:F-15-continuous,stability,0.800606,0.738182,0.861667,6,EXPLORATORY
lolo:offset:L:F-15-micro:right,lolo,offset,L:F-15-micro,right,0.522222,0.488889,0.561111,6,EXPLORATORY
lolo:offset:L:F-15-micro:wrong,lolo,offset,L:F-15-micro,wrong,0.486944,0.467222,0.506111,6,EXPLORATORY
lolo:offset:L:F-15-micro:right_minus_wrong,lolo,offset,L:F-15-micro,right_minus_wrong,0.035278,-0.005278,0.085833,6,EXPLORATORY
lolo:offset:L:F-15-micro:stability,lolo,offset,L:F-15-micro,stability,0.725758,0.678232,0.771768,6,EXPLORATORY
lolo:offset:L:F-15-macro:right,lolo,offset,L:F-15-macro,right,0.505556,0.400000,0.611111,6,EXPLORATORY
lolo:offset:L:F-15-macro:wrong,lolo,offset,L:F-15-macro,wrong,0.473056,0.395556,0.545000,6,EXPLORATORY
lolo:offset:L:F-15-macro:right_minus_wrong,lolo,offset,L:F-15-macro,right_minus_wrong,0.032500,-0.026111,0.091111,6,EXPLORATORY
lolo:offset:L:F-15-macro:stability,lolo,offset,L:F-15-macro,stability,0.771919,0.678131,0.873182,6,EXPLORATORY
lolo:offset:L:C-F-1:right,lolo,offset,L:C-F-1,right,0.494444,0.400000,0.588889,6,EXPLORATORY
lolo:offset:L:C-F-1:wrong,lolo,offset,L:C-F-1,wrong,0.495278,0.461389,0.536389,6,EXPLORATORY
lolo:offset:L:C-F-1:right_minus_wrong,lolo,offset,L:C-F-1,right_minus_wrong,-0.000833,-0.071111,0.085000,6,EXPLORATORY
lolo:offset:L:C-F-1:stability,lolo,offset,L:C-F-1,stability,0.365328,-0.007172,0.717020,6,EXPLORATORY
lolo:offset:L:C-F-5:right,lolo,offset,L:C-F-5,right,0.538889,0.488889,0.600000,6,EXPLORATORY
lolo:offset:L:C-F-5:wrong,lolo,offset,L:C-F-5,wrong,0.514167,0.474444,0.575833,6,EXPLORATORY
lolo:offset:L:C-F-5:right_minus_wrong,lolo,offset,L:C-F-5,right_minus_wrong,0.024722,-0.023333,0.081667,6,EXPLORATORY
lolo:offset:L:C-F-5:stability,lolo,offset,L:C-F-5,stability,0.334293,-0.001187,0.677601,6,EXPLORATORY
lolo:offset:L:C-F-15:right,lolo,offset,L:C-F-15,right,0.555556,0.488889,0.655556,6,EXPLORATORY
lolo:offset:L:C-F-15:wrong,lolo,offset,L:C-F-15,wrong,0.500556,0.474444,0.530556,6,EXPLORATORY
lolo:offset:L:C-F-15:right_minus_wrong,lolo,offset,L:C-F-15,right_minus_wrong,0.055000,0.005833,0.131111,6,EXPLORATORY
lolo:offset:L:C-F-15:stability,lolo,offset,L:C-F-15,stability,0.479697,0.235581,0.741768,6,EXPLORATORY
lolo:offset:C:F-1-continuous:right,lolo,offset,C:F-1-continuous,right,0.438889,0.333333,0.527778,6,EXPLORATORY
lolo:offset:C:F-1-continuous:wrong,lolo,offset,C:F-1-continuous,wrong,0.544167,0.501667,0.586667,6,EXPLORATORY
lolo:offset:C:F-1-continuous:right_minus_wrong,lolo,offset,C:F-1-continuous,right_minus_wrong,-0.105278,-0.249167,0.023056,6,EXPLORATORY
lolo:offset:C:F-1-continuous:stability,lolo,offset,C:F-1-continuous,stability,-0.273485,-0.400859,-0.081414,6,EXPLORATORY
lolo:offset:C:F-1-micro:right,lolo,offset,C:F-1-micro,right,0.438889,0.333333,0.527778,6,EXPLORATORY
lolo:offset:C:F-1-micro:wrong,lolo,offset,C:F-1-micro,wrong,0.545556,0.499444,0.587222,6,EXPLORATORY
lolo:offset:C:F-1-micro:right_minus_wrong,lolo,offset,C:F-1-micro,right_minus_wrong,-0.106667,-0.251667,0.025000,6,EXPLORATORY
lolo:offset:C:F-1-micro:stability,lolo,offset,C:F-1-micro,stability,-0.278535,-0.403990,-0.114693,6,EXPLORATORY
lolo:offset:C:F-1-macro:right,lolo,offset,C:F-1-macro,right,0.438889,0.333333,0.527778,6,EXPLORATORY
lolo:offset:C:F-1-macro:wrong,lolo,offset,C:F-1-macro,wrong,0.539444,0.496667,0.585583,6,EXPLORATORY
lolo:offset:C:F-1-macro:right_minus_wrong,lolo,offset,C:F-1-macro,right_minus_wrong,-0.100556,-0.246111,0.023889,6,EXPLORATORY
lolo:offset:C:F-1-macro:stability,lolo,offset,C:F-1-macro,stability,-0.252475,-0.388232,-0.103838,6,EXPLORATORY
lolo:offset:C:F-5-continuous:right,lolo,offset,C:F-5-continuous,right,0.438889,0.333333,0.527778,6,EXPLORATORY
lolo:offset:C:F-5-continuous:wrong,lolo,offset,C:F-5-continuous,wrong,0.561944,0.514444,0.603611,6,EXPLORATORY
lolo:offset:C:F-5-continuous:right_minus_wrong,lolo,offset,C:F-5-continuous,right_minus_wrong,-0.123056,-0.263333,0.007500,6,EXPLORATORY
lolo:offset:C:F-5-continuous:stability,lolo,offset,C:F-5-continuous,stability,-0.248485,-0.351616,-0.099884,6,EXPLORATORY
lolo:offset:C:F-5-micro:right,lolo,offset,C:F-5-micro,right,0.438889,0.333333,0.527778,6,EXPLORATORY
lolo:offset:C:F-5-micro:wrong,lolo,offset,C:F-5-micro,wrong,0.555556,0.512778,0.593333,6,EXPLORATORY
lolo:offset:C:F-5-micro:right_minus_wrong,lolo,offset,C:F-5-micro,right_minus_wrong,-0.116667,-0.255000,0.010000,6,EXPLORATORY
lolo:offset:C:F-5-micro:stability,lolo,offset,C:F-5-micro,stability,-0.279495,-0.390960,-0.126342,6,EXPLORATORY
lolo:offset:C:F-5-macro:right,lolo,offset,C:F-5-macro,right,0.438889,0.333333,0.527778,6,EXPLORATORY
lolo:offset:C:F-5-macro:wrong,lolo,offset,C:F-5-macro,wrong,0.556111,0.508333,0.596139,6,EXPLORATORY
lolo:offset:C:F-5-macro:right_minus_wrong,lolo,offset,C:F-5-macro,right_minus_wrong,-0.117222,-0.256111,0.016111,6,EXPLORATORY
lolo:offset:C:F-5-macro:stability,lolo,offset,C:F-5-macro,stability,-0.253434,-0.366010,-0.132626,6,EXPLORATORY
lolo:offset:C:F-15-continuous:right,lolo,offset,C:F-15-continuous,right,0.438889,0.333333,0.527778,6,EXPLORATORY
lolo:offset:C:F-15-continuous:wrong,lolo,offset,C:F-15-continuous,wrong,0.557222,0.513333,0.598333,6,EXPLORATORY
lolo:offset:C:F-15-continuous:right_minus_wrong,lolo,offset,C:F-15-continuous,right_minus_wrong,-0.118333,-0.257778,0.010000,6,EXPLORATORY
lolo:offset:C:F-15-continuous:stability,lolo,offset,C:F-15-continuous,stability,-0.286667,-0.389747,-0.134242,6,EXPLORATORY
lolo:offset:C:F-15-micro:right,lolo,offset,C:F-15-micro,right,0.438889,0.333333,0.527778,6,EXPLORATORY
lolo:offset:C:F-15-micro:wrong,lolo,offset,C:F-15-micro,wrong,0.550278,0.506375,0.591111,6,EXPLORATORY
lolo:offset:C:F-15-micro:right_minus_wrong,lolo,offset,C:F-15-micro,right_minus_wrong,-0.111389,-0.248889,0.016389,6,EXPLORATORY
lolo:offset:C:F-15-micro:stability,lolo,offset,C:F-15-micro,stability,-0.297929,-0.396970,-0.151061,6,EXPLORATORY
lolo:offset:C:F-15-macro:right,lolo,offset,C:F-15-macro,right,0.438889,0.333333,0.527778,6,EXPLORATORY
lolo:offset:C:F-15-macro:wrong,lolo,offset,C:F-15-macro,wrong,0.553333,0.505556,0.593333,6,EXPLORATORY
lolo:offset:C:F-15-macro:right_minus_wrong,lolo,offset,C:F-15-macro,right_minus_wrong,-0.114444,-0.252222,0.016667,6,EXPLORATORY
lolo:offset:C:F-15-macro:stability,lolo,offset,C:F-15-macro,stability,-0.293687,-0.390202,-0.176162,6,EXPLORATORY
lolo:offset:C:C-F-1:right,lolo,offset,C:C-F-1,right,0.461111,0.338889,0.566667,6,EXPLORATORY
lolo:offset:C:C-F-1:wrong,lolo,offset,C:C-F-1,wrong,0.536667,0.496111,0.563333,6,EXPLORATORY
lolo:offset:C:C-F-1:right_minus_wrong,lolo,offset,C:C-F-1,right_minus_wrong,-0.075556,-0.207778,0.030556,6,EXPLORATORY
lolo:offset:C:C-F-1:stability,lolo,offset,C:C-F-1,stability,0.019545,-0.214747,0.257273,6,EXPLORATORY
lolo:offset:C:C-F-5:right,lolo,offset,C:C-F-5,right,0.450000,0.338889,0.533333,6,EXPLORATORY
lolo:offset:C:C-F-5:wrong,lolo,offset,C:C-F-5,wrong,0.532500,0.492500,0.556111,6,EXPLORATORY
lolo:offset:C:C-F-5:right_minus_wrong,lolo,offset,C:C-F-5,right_minus_wrong,-0.082500,-0.199722,0.008889,6,EXPLORATORY
lolo:offset:C:C-F-5:stability,lolo,offset,C:C-F-5,stability,0.006515,-0.212071,0.236768,6,EXPLORATORY
lolo:offset:C:C-F-15:right,lolo,offset,C:C-F-15,right,0.455556,0.350000,0.522222,6,EXPLORATORY
lolo:offset:C:C-F-15:wrong,lolo,offset,C:C-F-15,wrong,0.548611,0.508333,0.582222,6,EXPLORATORY
lolo:offset:C:C-F-15:right_minus_wrong,lolo,offset,C:C-F-15,right_minus_wrong,-0.093056,-0.217778,-0.000833,6,EXPLORATORY
lolo:offset:C:C-F-15:stability,lolo,offset,C:C-F-15,stability,-0.129293,-0.257980,0.030606,6,EXPLORATORY
lolo:offset:LC:F-1-continuous:right,lolo,offset,LC:F-1-continuous,right,0.600000,0.522222,0.688889,6,EXPLORATORY
lolo:offset:LC:F-1-continuous:wrong,lolo,offset,LC:F-1-continuous,wrong,0.604722,0.525000,0.696944,6,EXPLORATORY
lolo:offset:LC:F-1-continuous:right_minus_wrong,lolo,offset,LC:F-1-continuous,right_minus_wrong,-0.004722,-0.014722,0.002222,6,EXPLORATORY
lolo:offset:LC:F-1-continuous:stability,lolo,offset,LC:F-1-continuous,stability,0.921515,0.782525,0.997374,6,EXPLORATORY
lolo:offset:LC:F-1-micro:right,lolo,offset,LC:F-1-micro,right,0.583333,0.527778,0.644444,6,EXPLORATORY
lolo:offset:LC:F-1-micro:wrong,lolo,offset,LC:F-1-micro,wrong,0.583889,0.529444,0.639444,6,EXPLORATORY
lolo:offset:LC:F-1-micro:right_minus_wrong,lolo,offset,LC:F-1-micro,right_minus_wrong,-0.000556,-0.011111,0.010000,6,EXPLORATORY
lolo:offset:LC:F-1-micro:stability,lolo,offset,LC:F-1-micro,stability,0.994141,0.990303,0.997071,6,EXPLORATORY
lolo:offset:LC:F-1-macro:right,lolo,offset,LC:F-1-macro,right,0.600000,0.516667,0.727778,6,EXPLORATORY
lolo:offset:LC:F-1-macro:wrong,lolo,offset,LC:F-1-macro,wrong,0.604444,0.519444,0.729444,6,EXPLORATORY
lolo:offset:LC:F-1-macro:right_minus_wrong,lolo,offset,LC:F-1-macro,right_minus_wrong,-0.004444,-0.010000,0.000000,6,EXPLORATORY
lolo:offset:LC:F-1-macro:stability,lolo,offset,LC:F-1-macro,stability,0.996667,0.995404,0.997576,6,EXPLORATORY
lolo:offset:LC:F-5-continuous:right,lolo,offset,LC:F-5-continuous,right,0.619444,0.575000,0.661111,6,EXPLORATORY
lolo:offset:LC:F-5-continuous:wrong,lolo,offset,LC:F-5-continuous,wrong,0.576389,0.526667,0.648889,6,EXPLORATORY
lolo:offset:LC:F-5-continuous:right_minus_wrong,lolo,offset,LC:F-5-continuous,right_minus_wrong,0.043056,-0.018611,0.106389,6,EXPLORATORY
lolo:offset:LC:F-5-continuous:stability,lolo,offset,LC:F-5-continuous,stability,0.662121,0.516717,0.819293,6,EXPLORATORY
lolo:offset:LC:F-5-micro:right,lolo,offset,LC:F-5-micro,right,0.622222,0.522222,0.744583,6,EXPLORATORY
lolo:offset:LC:F-5-micro:wrong,lolo,offset,LC:F-5-micro,wrong,0.585833,0.525556,0.642500,6,EXPLORATORY
lolo:offset:LC:F-5-micro:right_minus_wrong,lolo,offset,LC:F-5-micro,right_minus_wrong,0.036389,-0.055000,0.157500,6,EXPLORATORY
lolo:offset:LC:F-5-micro:stability,lolo,offset,LC:F-5-micro,stability,0.425909,0.131061,0.708434,6,EXPLORATORY
lolo:offset:LC:F-5-macro:right,lolo,offset,LC:F-5-macro,right,0.577778,0.522222,0.633333,6,EXPLORATORY
lolo:offset:LC:F-5-macro:wrong,lolo,offset,LC:F-5-macro,wrong,0.580000,0.549444,0.619444,6,EXPLORATORY
lolo:offset:LC:F-5-macro:right_minus_wrong,lolo,offset,LC:F-5-macro,right_minus_wrong,-0.002222,-0.035556,0.044444,6,EXPLORATORY
lolo:offset:LC:F-5-macro:stability,lolo,offset,LC:F-5-macro,stability,0.431667,0.044293,0.756061,6,EXPLORATORY
lolo:offset:LC:F-15-continuous:right,lolo,offset,LC:F-15-continuous,right,0.561111,0.444444,0.694444,6,EXPLORATORY
lolo:offset:LC:F-15-continuous:wrong,lolo,offset,LC:F-15-continuous,wrong,0.565556,0.539444,0.590556,6,EXPLORATORY
lolo:offset:LC:F-15-continuous:right_minus_wrong,lolo,offset,LC:F-15-continuous,right_minus_wrong,-0.004444,-0.127222,0.122778,6,EXPLORATORY
lolo:offset:LC:F-15-continuous:stability,lolo,offset,LC:F-15-continuous,stability,0.052323,-0.232929,0.350354,6,EXPLORATORY
lolo:offset:LC:F-15-micro:right,lolo,offset,LC:F-15-micro,right,0.544444,0.455556,0.633333,6,EXPLORATORY
lolo:offset:LC:F-15-micro:wrong,lolo,offset,LC:F-15-micro,wrong,0.552778,0.527778,0.579444,6,EXPLORATORY
lolo:offset:LC:F-15-micro:right_minus_wrong,lolo,offset,LC:F-15-micro,right_minus_wrong,-0.008333,-0.079444,0.065556,6,EXPLORATORY
lolo:offset:LC:F-15-micro:stability,lolo,offset,LC:F-15-micro,stability,0.049242,-0.216364,0.320455,6,EXPLORATORY
lolo:offset:LC:F-15-macro:right,lolo,offset,LC:F-15-macro,right,0.600000,0.455556,0.772222,6,EXPLORATORY
lolo:offset:LC:F-15-macro:wrong,lolo,offset,LC:F-15-macro,wrong,0.552778,0.522778,0.581111,6,EXPLORATORY
lolo:offset:LC:F-15-macro:right_minus_wrong,lolo,offset,LC:F-15-macro,right_minus_wrong,0.047222,-0.065556,0.208333,6,EXPLORATORY
lolo:offset:LC:F-15-macro:stability,lolo,offset,LC:F-15-macro,stability,0.130455,-0.096263,0.371717,6,EXPLORATORY
lolo:offset:LC:C-F-1:right,lolo,offset,LC:C-F-1,right,0.813333,0.716667,0.930000,5,EXPLORATORY
lolo:offset:LC:C-F-1:wrong,lolo,offset,LC:C-F-1,wrong,0.812667,0.724333,0.905000,5,EXPLORATORY
lolo:offset:LC:C-F-1:right_minus_wrong,lolo,offset,LC:C-F-1,right_minus_wrong,0.000667,-0.020000,0.023667,5,EXPLORATORY
lolo:offset:LC:C-F-1:stability,lolo,offset,LC:C-F-1,stability,0.988212,0.976545,0.996333,5,EXPLORATORY
lolo:offset:LC:C-F-5:right,lolo,offset,LC:C-F-5,right,0.760000,0.610000,0.900000,5,EXPLORATORY
lolo:offset:LC:C-F-5:wrong,lolo,offset,LC:C-F-5,wrong,0.656000,0.599000,0.729000,5,EXPLORATORY
lolo:offset:LC:C-F-5:right_minus_wrong,lolo,offset,LC:C-F-5,right_minus_wrong,0.104000,-0.039000,0.266000,5,EXPLORATORY
lolo:offset:LC:C-F-5:stability,lolo,offset,LC:C-F-5,stability,0.531485,0.346364,0.707768,5,EXPLORATORY
lolo:offset:LC:C-F-15:right,lolo,offset,LC:C-F-15,right,0.740000,0.640000,0.840000,5,EXPLORATORY
lolo:offset:LC:C-F-15:wrong,lolo,offset,LC:C-F-15,wrong,0.594667,0.552333,0.641667,5,EXPLORATORY
lolo:offset:LC:C-F-15:right_minus_wrong,lolo,offset,LC:C-F-15,right_minus_wrong,0.145333,0.052333,0.235333,5,EXPLORATORY
lolo:offset:LC:C-F-15:stability,lolo,offset,LC:C-F-15,stability,0.241515,0.075515,0.398636,5,EXPLORATORY
heldout:grid:B:F-1-continuous:right,heldout,grid,B:F-1-continuous,right,0.429630,0.355556,0.533333,3,DESCRIPTIVE
heldout:grid:B:F-1-continuous:wrong,heldout,grid,B:F-1-continuous,wrong,0.450505,0.400000,0.551515,3,DESCRIPTIVE
heldout:grid:B:F-1-continuous:right_minus_wrong,heldout,grid,B:F-1-continuous,right_minus_wrong,-0.020875,-0.044444,-0.000000,3,DESCRIPTIVE
heldout:grid:B:F-1-continuous:stability,heldout,grid,B:F-1-continuous,stability,0.921747,0.910784,0.932175,3,DESCRIPTIVE
heldout:grid:B:F-1-micro:right,heldout,grid,B:F-1-micro,right,0.474074,0.466667,0.488889,3,DESCRIPTIVE
heldout:grid:B:F-1-micro:wrong,heldout,grid,B:F-1-micro,wrong,0.481481,0.480808,0.482828,3,DESCRIPTIVE
heldout:grid:B:F-1-micro:right_minus_wrong,heldout,grid,B:F-1-micro,right_minus_wrong,-0.007407,-0.014141,0.006061,3,DESCRIPTIVE
heldout:grid:B:F-1-micro:stability,heldout,grid,B:F-1-micro,stability,0.926322,0.912923,0.939572,3,DESCRIPTIVE
heldout:grid:B:F-1-macro:right,heldout,grid,B:F-1-macro,right,0.407407,0.355556,0.466667,3,DESCRIPTIVE
heldout:grid:B:F-1-macro:wrong,heldout,grid,B:F-1-macro,wrong,0.412121,0.373737,0.488889,3,DESCRIPTIVE
heldout:grid:B:F-1-macro:right_minus_wrong,heldout,grid,B:F-1-macro,right_minus_wrong,-0.004714,-0.022222,0.026263,3,DESCRIPTIVE
heldout:grid:B:F-1-macro:stability,heldout,grid,B:F-1-macro,stability,0.903862,0.872638,0.924153,3,DESCRIPTIVE
heldout:grid:B:F-5-continuous:right,heldout,grid,B:F-5-continuous,right,0.451852,0.400000,0.533333,3,DESCRIPTIVE
heldout:grid:B:F-5-continuous:wrong,heldout,grid,B:F-5-continuous,wrong,0.457239,0.424242,0.523232,3,DESCRIPTIVE
heldout:grid:B:F-5-continuous:right_minus_wrong,heldout,grid,B:F-5-continuous,right_minus_wrong,-0.005387,-0.024242,0.010101,3,DESCRIPTIVE
heldout:grid:B:F-5-continuous:stability,heldout,grid,B:F-5-continuous,stability,0.970053,0.953209,0.982531,3,DESCRIPTIVE
heldout:grid:B:F-5-micro:right,heldout,grid,B:F-5-micro,right,0.511111,0.488889,0.555556,3,DESCRIPTIVE
heldout:grid:B:F-5-micro:wrong,heldout,grid,B:F-5-micro,wrong,0.491582,0.462626,0.549495,3,DESCRIPTIVE
heldout:grid:B:F-5-micro:right_minus_wrong,heldout,grid,B:F-5-micro,right_minus_wrong,0.019529,0.006061,0.026263,3,DESCRIPTIVE
heldout:grid:B:F-5-micro:stability,heldout,grid,B:F-5-micro,stability,0.970291,0.957041,0.976916,3,DESCRIPTIVE
heldout:grid:B:F-5-macro:right,heldout,grid,B:F-5-macro,right,0.488889,0.466667,0.533333,3,DESCRIPTIVE
heldout:grid:B:F-5-macro:wrong,heldout,grid,B:F-5-macro,wrong,0.501684,0.484848,0.535354,3,DESCRIPTIVE
heldout:grid:B:F-5-macro:right_minus_wrong,heldout,grid,B:F-5-macro,right_minus_wrong,-0.012795,-0.018182,-0.002020,3,DESCRIPTIVE
heldout:grid:B:F-5-macro:stability,heldout,grid,B:F-5-macro,stability,0.981818,0.978610,0.988235,3,DESCRIPTIVE
heldout:grid:B:F-15-continuous:right,heldout,grid,B:F-15-continuous,right,0.562963,0.466667,0.622222,3,DESCRIPTIVE
heldout:grid:B:F-15-continuous:wrong,heldout,grid,B:F-15-continuous,wrong,0.553535,0.460606,0.600000,3,DESCRIPTIVE
heldout:grid:B:F-15-continuous:right_minus_wrong,heldout,grid,B:F-15-continuous,right_minus_wrong,0.009428,0.000000,0.022222,3,DESCRIPTIVE
heldout:grid:B:F-15-continuous:stability,heldout,grid,B:F-15-continuous,stability,0.895484,0.844474,0.929590,3,DESCRIPTIVE
heldout:grid:B:F-15-micro:right,heldout,grid,B:F-15-micro,right,0.555556,0.466667,0.600000,3,DESCRIPTIVE
heldout:grid:B:F-15-micro:wrong,heldout,grid,B:F-15-micro,wrong,0.558249,0.466667,0.604040,3,DESCRIPTIVE
heldout:grid:B:F-15-micro:right_minus_wrong,heldout,grid,B:F-15-micro,right_minus_wrong,-0.002694,-0.004040,0.000000,3,DESCRIPTIVE
heldout:grid:B:F-15-micro:stability,heldout,grid,B:F-15-micro,stability,0.948960,0.938503,0.955615,3,DESCRIPTIVE
heldout:grid:B:F-15-macro:right,heldout,grid,B:F-15-macro,right,0.533333,0.444444,0.600000,3,DESCRIPTIVE
heldout:grid:B:F-15-macro:wrong,heldout,grid,B:F-15-macro,wrong,0.530640,0.420202,0.585859,3,DESCRIPTIVE
heldout:grid:B:F-15-macro:right_minus_wrong,heldout,grid,B:F-15-macro,right_minus_wrong,0.002694,-0.030303,0.024242,3,DESCRIPTIVE
heldout:grid:B:F-15-macro:stability,heldout,grid,B:F-15-macro,stability,0.963636,0.944296,0.976916,3,DESCRIPTIVE
heldout:grid:B:C-F-1:right,heldout,grid,B:C-F-1,right,0.533333,0.466667,0.644444,3,DESCRIPTIVE
heldout:grid:B:C-F-1:wrong,heldout,grid,B:C-F-1,wrong,0.492256,0.450505,0.575758,3,DESCRIPTIVE
heldout:grid:B:C-F-1:right_minus_wrong,heldout,grid,B:C-F-1,right_minus_wrong,0.041077,0.016162,0.068687,3,DESCRIPTIVE
heldout:grid:B:C-F-1:stability,heldout,grid,B:C-F-1,stability,0.877778,0.783601,0.927986,3,DESCRIPTIVE
heldout:grid:B:C-F-5:right,heldout,grid,B:C-F-5,right,0.340741,0.311111,0.400000,3,DESCRIPTIVE
heldout:grid:B:C-F-5:wrong,heldout,grid,B:C-F-5,wrong,0.340067,0.313131,0.393939,3,DESCRIPTIVE
heldout:grid:B:C-F-5:right_minus_wrong,heldout,grid,B:C-F-5,right_minus_wrong,0.000673,-0.002020,0.006061,3,DESCRIPTIVE
heldout:grid:B:C-F-5:stability,heldout,grid,B:C-F-5,stability,0.963874,0.963636,0.964349,3,DESCRIPTIVE
heldout:grid:B:C-F-15:right,heldout,grid,B:C-F-15,right,0.348148,0.311111,0.400000,3,DESCRIPTIVE
heldout:grid:B:C-F-15:wrong,heldout,grid,B:C-F-15,wrong,0.341414,0.311111,0.402020,3,DESCRIPTIVE
heldout:grid:B:C-F-15:right_minus_wrong,heldout,grid,B:C-F-15,right_minus_wrong,0.006734,-0.002020,0.022222,3,DESCRIPTIVE
heldout:grid:B:C-F-15:stability,heldout,grid,B:C-F-15,stability,0.930897,0.910160,0.942246,3,DESCRIPTIVE
heldout:grid:L:F-1-continuous:right,heldout,grid,L:F-1-continuous,right,0.414815,0.377778,0.444444,3,DESCRIPTIVE
heldout:grid:L:F-1-continuous:wrong,heldout,grid,L:F-1-continuous,wrong,0.410101,0.389899,0.420202,3,DESCRIPTIVE
heldout:grid:L:F-1-continuous:right_minus_wrong,heldout,grid,L:F-1-continuous,right_minus_wrong,0.004714,-0.012121,0.024242,3,DESCRIPTIVE
heldout:grid:L:F-1-continuous:stability,heldout,grid,L:F-1-continuous,stability,0.994355,0.994207,0.994563,3,DESCRIPTIVE
heldout:grid:L:F-1-micro:right,heldout,grid,L:F-1-micro,right,0.348148,0.244444,0.444444,3,DESCRIPTIVE
heldout:grid:L:F-1-micro:wrong,heldout,grid,L:F-1-micro,wrong,0.386532,0.379798,0.400000,3,DESCRIPTIVE
heldout:grid:L:F-1-micro:right_minus_wrong,heldout,grid,L:F-1-micro,right_minus_wrong,-0.038384,-0.135354,0.064646,3,DESCRIPTIVE
heldout:grid:L:F-1-micro:stability,heldout,grid,L:F-1-micro,stability,0.723321,0.439305,0.868627,3,DESCRIPTIVE
heldout:grid:L:F-1-macro:right,heldout,grid,L:F-1-macro,right,0.503704,0.444444,0.533333,3,DESCRIPTIVE
heldout:grid:L:F-1-macro:wrong,heldout,grid,L:F-1-macro,wrong,0.509764,0.454545,0.537374,3,DESCRIPTIVE
heldout:grid:L:F-1-macro:right_minus_wrong,heldout,grid,L:F-1-macro,right_minus_wrong,-0.006061,-0.010101,-0.004040,3,DESCRIPTIVE
heldout:grid:L:F-1-macro:stability,heldout,grid,L:F-1-macro,stability,0.982056,0.979501,0.983957,3,DESCRIPTIVE
heldout:grid:L:F-5-continuous:right,heldout,grid,L:F-5-continuous,right,0.414815,0.400000,0.444444,3,DESCRIPTIVE
heldout:grid:L:F-5-continuous:wrong,heldout,grid,L:F-5-continuous,wrong,0.443771,0.418182,0.456566,3,DESCRIPTIVE
heldout:grid:L:F-5-continuous:right_minus_wrong,heldout,grid,L:F-5-continuous,right_minus_wrong,-0.028956,-0.056566,0.026263,3,DESCRIPTIVE
heldout:grid:L:F-5-continuous:stability,heldout,grid,L:F-5-continuous,stability,0.962626,0.956506,0.965954,3,DESCRIPTIVE
heldout:grid:L:F-5-micro:right,heldout,grid,L:F-5-micro,right,0.429630,0.377778,0.466667,3,DESCRIPTIVE
heldout:grid:L:F-5-micro:wrong,heldout,grid,L:F-5-micro,wrong,0.427609,0.414141,0.434343,3,DESCRIPTIVE
heldout:grid:L:F-5-micro:right_minus_wrong,heldout,grid,L:F-5-micro,right_minus_wrong,0.002020,-0.056566,0.052525,3,DESCRIPTIVE
heldout:grid:L:F-5-micro:stability,heldout,grid,L:F-5-micro,stability,0.908586,0.887255,0.935294,3,DESCRIPTIVE
heldout:grid:L:F-5-macro:right,heldout,grid,L:F-5-macro,right,0.533333,0.488889,0.555556,3,DESCRIPTIVE
heldout:grid:L:F-5-macro:wrong,heldout,grid,L:F-5-macro,wrong,0.550168,0.470707,0.589899,3,DESCRIPTIVE
heldout:grid:L:F-5-macro:right_minus_wrong,heldout,grid,L:F-5-macro,right_minus_wrong,-0.016835,-0.034343,0.018182,3,DESCRIPTIVE
heldout:grid:L:F-5-macro:stability,heldout,grid,L:F-5-macro,stability,0.951604,0.946881,0.956061,3,DESCRIPTIVE
heldout:grid:L:F-15-continuous:right,heldout,grid,L:F-15-continuous,right,0.459259,0.400000,0.511111,3,DESCRIPTIVE
heldout:grid:L:F-15-continuous:wrong,heldout,grid,L:F-15-continuous,wrong,0.483502,0.476768,0.486869,3,DESCRIPTIVE
heldout:grid:L:F-15-continuous:right_minus_wrong,heldout,grid,L:F-15-continuous,right_minus_wrong,-0.024242,-0.086869,0.034343,3,DESCRIPTIVE
heldout:grid:L:F-15-continuous:stability,heldout,grid,L:F-15-continuous,stability,0.856952,0.774688,0.903476,3,DESCRIPTIVE
heldout:grid:L:F-15-micro:right,heldout,grid,L:F-15-micro,right,0.362963,0.200000,0.511111,3,DESCRIPTIVE
heldout:grid:L:F-15-micro:wrong,heldout,grid,L:F-15-micro,wrong,0.437037,0.410101,0.490909,3,DESCRIPTIVE
heldout:grid:L:F-15-micro:right_minus_wrong,heldout,grid,L:F-15-micro,right_minus_wrong,-0.074074,-0.210101,0.020202,3,DESCRIPTIVE
heldout:grid:L:F-15-micro:stability,heldout,grid,L:F-15-micro,stability,0.829352,0.710250,0.896613,3,DESCRIPTIVE
heldout:grid:L:F-15-macro:right,heldout,grid,L:F-15-macro,right,0.666667,0.555556,0.733333,3,DESCRIPTIVE
heldout:grid:L:F-15-macro:wrong,heldout,grid,L:F-15-macro,wrong,0.640404,0.559596,0.680808,3,DESCRIPTIVE
heldout:grid:L:F-15-macro:right_minus_wrong,heldout,grid,L:F-15-macro,right_minus_wrong,0.026263,-0.004040,0.052525,3,DESCRIPTIVE
heldout:grid:L:F-15-macro:stability,heldout,grid,L:F-15-macro,stability,0.860160,0.842513,0.875847,3,DESCRIPTIVE
heldout:grid:L:C-F-1:right,heldout,grid,L:C-F-1,right,0.422222,0.333333,0.555556,3,DESCRIPTIVE
heldout:grid:L:C-F-1:wrong,heldout,grid,L:C-F-1,wrong,0.422896,0.395960,0.476768,3,DESCRIPTIVE
heldout:grid:L:C-F-1:right_minus_wrong,heldout,grid,L:C-F-1,right_minus_wrong,-0.000673,-0.062626,0.078788,3,DESCRIPTIVE
heldout:grid:L:C-F-1:stability,heldout,grid,L:C-F-1,stability,0.642157,0.567201,0.736275,3,DESCRIPTIVE
heldout:grid:L:C-F-5:right,heldout,grid,L:C-F-5,right,0.414815,0.311111,0.555556,3,DESCRIPTIVE
heldout:grid:L:C-F-5:wrong,heldout,grid,L:C-F-5,wrong,0.418855,0.393939,0.468687,3,DESCRIPTIVE
heldout:grid:L:C-F-5:right_minus_wrong,heldout,grid,L:C-F-5,right_minus_wrong,-0.004040,-0.082828,0.086869,3,DESCRIPTIVE
heldout:grid:L:C-F-5:stability,heldout,grid,L:C-F-5,stability,0.617409,0.501604,0.736898,3,DESCRIPTIVE
heldout:grid:L:C-F-15:right,heldout,grid,L:C-F-15,right,0.392593,0.355556,0.444444,3,DESCRIPTIVE
heldout:grid:L:C-F-15:wrong,heldout,grid,L:C-F-15,wrong,0.420202,0.406061,0.448485,3,DESCRIPTIVE
heldout:grid:L:C-F-15:right_minus_wrong,heldout,grid,L:C-F-15,right_minus_wrong,-0.027609,-0.050505,-0.004040,3,DESCRIPTIVE
heldout:grid:L:C-F-15:stability,heldout,grid,L:C-F-15,stability,0.593078,0.503832,0.690820,3,DESCRIPTIVE
heldout:grid:C:F-1-continuous:right,heldout,grid,C:F-1-continuous,right,0.762963,0.555556,0.888889,3,DESCRIPTIVE
heldout:grid:C:F-1-continuous:wrong,heldout,grid,C:F-1-continuous,wrong,0.515825,0.480808,0.585859,3,DESCRIPTIVE
heldout:grid:C:F-1-continuous:right_minus_wrong,heldout,grid,C:F-1-continuous,right_minus_wrong,0.247138,-0.030303,0.408081,3,DESCRIPTIVE
heldout:grid:C:F-1-continuous:stability,heldout,grid,C:F-1-continuous,stability,0.051812,-0.213993,0.339037,3,DESCRIPTIVE
heldout:grid:C:F-1-micro:right,heldout,grid,C:F-1-micro,right,0.755556,0.555556,0.888889,3,DESCRIPTIVE
heldout:grid:C:F-1-micro:wrong,heldout,grid,C:F-1-micro,wrong,0.505051,0.472727,0.569697,3,DESCRIPTIVE
heldout:grid:C:F-1-micro:right_minus_wrong,heldout,grid,C:F-1-micro,right_minus_wrong,0.250505,-0.014141,0.416162,3,DESCRIPTIVE
heldout:grid:C:F-1-micro:stability,heldout,grid,C:F-1-micro,stability,0.038919,-0.228253,0.336096,3,DESCRIPTIVE
heldout:grid:C:F-1-macro:right,heldout,grid,C:F-1-macro,right,0.770370,0.555556,0.888889,3,DESCRIPTIVE
heldout:grid:C:F-1-macro:wrong,heldout,grid,C:F-1-macro,wrong,0.529293,0.501010,0.585859,3,DESCRIPTIVE
heldout:grid:C:F-1-macro:right_minus_wrong,heldout,grid,C:F-1-macro,right_minus_wrong,0.241077,-0.030303,0.387879,3,DESCRIPTIVE
heldout:grid:C:F-1-macro:stability,heldout,grid,C:F-1-macro,stability,0.066132,-0.172460,0.311497,3,DESCRIPTIVE
heldout:grid:C:F-5-continuous:right,heldout,grid,C:F-5-continuous,right,0.777778,0.555556,0.933333,3,DESCRIPTIVE
heldout:grid:C:F-5-continuous:wrong,heldout,grid,C:F-5-continuous,wrong,0.523232,0.494949,0.579798,3,DESCRIPTIVE
heldout:grid:C:F-5-continuous:right_minus_wrong,heldout,grid,C:F-5-continuous,right_minus_wrong,0.254545,-0.024242,0.438384,3,DESCRIPTIVE
heldout:grid:C:F-5-continuous:stability,heldout,grid,C:F-5-continuous,stability,-0.005793,-0.208824,0.250000,3,DESCRIPTIVE
heldout:grid:C:F-5-micro:right,heldout,grid,C:F-5-micro,right,0.762963,0.555556,0.911111,3,DESCRIPTIVE
heldout:grid:C:F-5-micro:wrong,heldout,grid,C:F-5-micro,wrong,0.502357,0.472727,0.561616,3,DESCRIPTIVE
heldout:grid:C:F-5-micro:right_minus_wrong,heldout,grid,C:F-5-micro,right_minus_wrong,0.260606,-0.006061,0.438384,3,DESCRIPTIVE
heldout:grid:C:F-5-micro:stability,heldout,grid,C:F-5-micro,stability,-0.032115,-0.255258,0.263458,3,DESCRIPTIVE
heldout:grid:C:F-5-macro:right,heldout,grid,C:F-5-macro,right,0.762963,0.555556,0.888889,3,DESCRIPTIVE
heldout:grid:C:F-5-macro:wrong,heldout,grid,C:F-5-macro,wrong,0.526599,0.501010,0.577778,3,DESCRIPTIVE
heldout:grid:C:F-5-macro:right_minus_wrong,heldout,grid,C:F-5-macro,right_minus_wrong,0.236364,-0.022222,0.387879,3,DESCRIPTIVE
heldout:grid:C:F-5-macro:stability,heldout,grid,C:F-5-macro,stability,0.020559,-0.196346,0.246613,3,DESCRIPTIVE
heldout:grid:C:F-15-continuous:right,heldout,grid,C:F-15-continuous,right,0.770370,0.555556,0.888889,3,DESCRIPTIVE
heldout:grid:C:F-15-continuous:wrong,heldout,grid,C:F-15-continuous,wrong,0.524579,0.501010,0.571717,3,DESCRIPTIVE
heldout:grid:C:F-15-continuous:right_minus_wrong,heldout,grid,C:F-15-continuous,right_minus_wrong,0.245791,-0.016162,0.387879,3,DESCRIPTIVE
heldout:grid:C:F-15-continuous:stability,heldout,grid,C:F-15-continuous,stability,-0.006090,-0.191176,0.246168,3,DESCRIPTIVE
heldout:grid:C:F-15-micro:right,heldout,grid,C:F-15-micro,right,0.755556,0.555556,0.888889,3,DESCRIPTIVE
heldout:grid:C:F-15-micro:wrong,heldout,grid,C:F-15-micro,wrong,0.498990,0.468687,0.559596,3,DESCRIPTIVE
heldout:grid:C:F-15-micro:right_minus_wrong,heldout,grid,C:F-15-micro,right_minus_wrong,0.256566,-0.004040,0.420202,3,DESCRIPTIVE
heldout:grid:C:F-15-micro:stability,heldout,grid,C:F-15-micro,stability,-0.032086,-0.238324,0.256061,3,DESCRIPTIVE
heldout:grid:C:F-15-macro:right,heldout,grid,C:F-15-macro,right,0.770370,0.555556,0.888889,3,DESCRIPTIVE
heldout:grid:C:F-15-macro:wrong,heldout,grid,C:F-15-macro,wrong,0.531313,0.511111,0.571717,3,DESCRIPTIVE
heldout:grid:C:F-15-macro:right_minus_wrong,heldout,grid,C:F-15-macro,right_minus_wrong,0.239057,-0.016162,0.377778,3,DESCRIPTIVE
heldout:grid:C:F-15-macro:stability,heldout,grid,C:F-15-macro,stability,0.024866,-0.187077,0.264973,3,DESCRIPTIVE
heldout:grid:C:C-F-1:right,heldout,grid,C:C-F-1,right,0.755556,0.511111,0.911111,3,DESCRIPTIVE
heldout:grid:C:C-F-1:wrong,heldout,grid,C:C-F-1,wrong,0.577778,0.565657,0.583838,3,DESCRIPTIVE
heldout:grid:C:C-F-1:right_minus_wrong,heldout,grid,C:C-F-1,right_minus_wrong,0.177778,-0.054545,0.327273,3,DESCRIPTIVE
heldout:grid:C:C-F-1:stability,heldout,grid,C:C-F-1,stability,0.085680,-0.043672,0.194029,3,DESCRIPTIVE
heldout:grid:C:C-F-5:right,heldout,grid,C:C-F-5,right,0.748148,0.533333,0.888889,3,DESCRIPTIVE
heldout:grid:C:C-F-5:wrong,heldout,grid,C:C-F-5,wrong,0.566330,0.563636,0.567677,3,DESCRIPTIVE
heldout:grid:C:C-F-5:right_minus_wrong,heldout,grid,C:C-F-5,right_minus_wrong,0.181818,-0.030303,0.321212,3,DESCRIPTIVE
heldout:grid:C:C-F-5:stability,heldout,grid,C:C-F-5,stability,0.054516,-0.008556,0.125936,3,DESCRIPTIVE
heldout:grid:C:C-F-15:right,heldout,grid,C:C-F-15,right,0.777778,0.577778,0.888889,3,DESCRIPTIVE
heldout:grid:C:C-F-15:wrong,heldout,grid,C:C-F-15,wrong,0.565657,0.553535,0.589899,3,DESCRIPTIVE
heldout:grid:C:C-F-15:right_minus_wrong,heldout,grid,C:C-F-15,right_minus_wrong,0.212121,-0.012121,0.335354,3,DESCRIPTIVE
heldout:grid:C:C-F-15:stability,heldout,grid,C:C-F-15,stability,0.022311,-0.091800,0.135561,3,DESCRIPTIVE
heldout:grid:LC:F-1-continuous:right,heldout,grid,LC:F-1-continuous,right,0.614815,0.555556,0.711111,3,DESCRIPTIVE
heldout:grid:LC:F-1-continuous:wrong,heldout,grid,LC:F-1-continuous,wrong,0.607407,0.553535,0.715152,3,DESCRIPTIVE
heldout:grid:LC:F-1-continuous:right_minus_wrong,heldout,grid,LC:F-1-continuous,right_minus_wrong,0.007407,-0.004040,0.024242,3,DESCRIPTIVE
heldout:grid:LC:F-1-continuous:stability,heldout,grid,LC:F-1-continuous,stability,0.985027,0.981729,0.987077,3,DESCRIPTIVE
heldout:grid:LC:F-1-micro:right,heldout,grid,LC:F-1-micro,right,0.637037,0.577778,0.733333,3,DESCRIPTIVE
heldout:grid:LC:F-1-micro:wrong,heldout,grid,LC:F-1-micro,wrong,0.620202,0.563636,0.733333,3,DESCRIPTIVE
heldout:grid:LC:F-1-micro:right_minus_wrong,heldout,grid,LC:F-1-micro,right_minus_wrong,0.016835,0.000000,0.036364,3,DESCRIPTIVE
heldout:grid:LC:F-1-micro:stability,heldout,grid,LC:F-1-micro,stability,0.975609,0.971480,0.979144,3,DESCRIPTIVE
heldout:grid:LC:F-1-macro:right,heldout,grid,LC:F-1-macro,right,0.570370,0.488889,0.733333,3,DESCRIPTIVE
heldout:grid:LC:F-1-macro:wrong,heldout,grid,LC:F-1-macro,wrong,0.560943,0.474747,0.733333,3,DESCRIPTIVE
heldout:grid:LC:F-1-macro:right_minus_wrong,heldout,grid,LC:F-1-macro,right_minus_wrong,0.009428,-0.000000,0.014141,3,DESCRIPTIVE
heldout:grid:LC:F-1-macro:stability,heldout,grid,LC:F-1-macro,stability,0.995573,0.994029,0.996346,3,DESCRIPTIVE
heldout:grid:LC:F-5-continuous:right,heldout,grid,LC:F-5-continuous,right,0.807407,0.711111,0.866667,3,DESCRIPTIVE
heldout:grid:LC:F-5-continuous:wrong,heldout,grid,LC:F-5-continuous,wrong,0.671380,0.654545,0.705051,3,DESCRIPTIVE
heldout:grid:LC:F-5-continuous:right_minus_wrong,heldout,grid,LC:F-5-continuous,right_minus_wrong,0.136027,0.006061,0.212121,3,DESCRIPTIVE
heldout:grid:LC:F-5-continuous:stability,heldout,grid,LC:F-5-continuous,stability,0.450683,0.441266,0.460784,3,DESCRIPTIVE
heldout:grid:LC:F-5-micro:right,heldout,grid,LC:F-5-micro,right,0.822222,0.711111,0.888889,3,DESCRIPTIVE
heldout:grid:LC:F-5-micro:wrong,heldout,grid,LC:F-5-micro,wrong,0.680808,0.672727,0.696970,3,DESCRIPTIVE
heldout:grid:LC:F-5-micro:right_minus_wrong,heldout,grid,LC:F-5-micro,right_minus_wrong,0.141414,0.014141,0.216162,3,DESCRIPTIVE
heldout:grid:LC:F-5-micro:stability,heldout,grid,LC:F-5-micro,stability,0.430095,0.414082,0.447772,3,DESCRIPTIVE
heldout:grid:LC:F-5-macro:right,heldout,grid,LC:F-5-macro,right,0.688889,0.644444,0.711111,3,DESCRIPTIVE
heldout:grid:LC:F-5-macro:wrong,heldout,grid,LC:F-5-macro,wrong,0.538721,0.464646,0.686869,3,DESCRIPTIVE
heldout:grid:LC:F-5-macro:right_minus_wrong,heldout,grid,LC:F-5-macro,right_minus_wrong,0.150168,-0.042424,0.246465,3,DESCRIPTIVE
heldout:grid:LC:F-5-macro:stability,heldout,grid,LC:F-5-macro,stability,0.512656,0.455437,0.624866,3,DESCRIPTIVE
heldout:grid:LC:F-15-continuous:right,heldout,grid,LC:F-15-continuous,right,0.807407,0.622222,0.911111,3,DESCRIPTIVE
heldout:grid:LC:F-15-continuous:wrong,heldout,grid,LC:F-15-continuous,wrong,0.624242,0.620202,0.632323,3,DESCRIPTIVE
heldout:grid:LC:F-15-continuous:right_minus_wrong,heldout,grid,LC:F-15-continuous,right_minus_wrong,0.183165,-0.010101,0.290909,3,DESCRIPTIVE
heldout:grid:LC:F-15-continuous:stability,heldout,grid,LC:F-15-continuous,stability,0.161171,0.121836,0.192513,3,DESCRIPTIVE
heldout:grid:LC:F-15-micro:right,heldout,grid,LC:F-15-micro,right,0.814815,0.644444,0.911111,3,DESCRIPTIVE
heldout:grid:LC:F-15-micro:wrong,heldout,grid,LC:F-15-micro,wrong,0.628283,0.624242,0.636364,3,DESCRIPTIVE
heldout:grid:LC:F-15-micro:right_minus_wrong,heldout,grid,LC:F-15-micro,right_minus_wrong,0.186532,0.008081,0.286869,3,DESCRIPTIVE
heldout:grid:LC:F-15-micro:stability,heldout,grid,LC:F-15-micro,stability,0.127986,0.086453,0.188324,3,DESCRIPTIVE
heldout:grid:LC:F-15-macro:right,heldout,grid,LC:F-15-macro,right,0.785185,0.600000,0.911111,3,DESCRIPTIVE
heldout:grid:LC:F-15-macro:wrong,heldout,grid,LC:F-15-macro,wrong,0.575084,0.541414,0.642424,3,DESCRIPTIVE
heldout:grid:LC:F-15-macro:right_minus_wrong,heldout,grid,LC:F-15-macro,right_minus_wrong,0.210101,-0.042424,0.369697,3,DESCRIPTIVE
heldout:grid:LC:F-15-macro:stability,heldout,grid,LC:F-15-macro,stability,0.219430,0.052585,0.420321,3,DESCRIPTIVE
heldout:grid:LC:C-F-1:right,heldout,grid,LC:C-F-1,right,0.400000,0.266667,0.666667,3,DESCRIPTIVE
heldout:grid:LC:C-F-1:wrong,heldout,grid,LC:C-F-1,wrong,0.400000,0.266667,0.666667,3,DESCRIPTIVE
heldout:grid:LC:C-F-1:right_minus_wrong,heldout,grid,LC:C-F-1,right_minus_wrong,-0.000000,-0.000000,0.000000,3,DESCRIPTIVE
heldout:grid:LC:C-F-1:stability,heldout,grid,LC:C-F-1,stability,1.000000,1.000000,1.000000,3,DESCRIPTIVE
heldout:grid:LC:C-F-5:right,heldout,grid,LC:C-F-5,right,0.377778,0.266667,0.600000,3,DESCRIPTIVE
heldout:grid:LC:C-F-5:wrong,heldout,grid,LC:C-F-5,wrong,0.377778,0.266667,0.600000,3,DESCRIPTIVE
heldout:grid:LC:C-F-5:right_minus_wrong,heldout,grid,LC:C-F-5,right_minus_wrong,0.000000,0.000000,0.000000,3,DESCRIPTIVE
heldout:grid:LC:C-F-5:stability,heldout,grid,LC:C-F-5,stability,0.994385,0.989572,0.996791,3,DESCRIPTIVE
heldout:grid:LC:C-F-15:right,heldout,grid,LC:C-F-15,right,0.644444,0.466667,0.866667,3,DESCRIPTIVE
heldout:grid:LC:C-F-15:wrong,heldout,grid,LC:C-F-15,wrong,0.492929,0.387879,0.703030,3,DESCRIPTIVE
heldout:grid:LC:C-F-15:right_minus_wrong,heldout,grid,LC:C-F-15,right_minus_wrong,0.151515,-0.103030,0.478788,3,DESCRIPTIVE
heldout:grid:LC:C-F-15:stability,heldout,grid,LC:C-F-15,stability,0.475223,0.151604,0.642781,3,DESCRIPTIVE
heldout:offset:B:F-1-continuous:right,heldout,offset,B:F-1-continuous,right,0.533333,0.500000,0.600000,3,DESCRIPTIVE
heldout:offset:B:F-1-continuous:wrong,heldout,offset,B:F-1-continuous,wrong,0.531313,0.496970,0.600000,3,DESCRIPTIVE
heldout:offset:B:F-1-continuous:right_minus_wrong,heldout,offset,B:F-1-continuous,right_minus_wrong,0.002020,0.000000,0.003030,3,DESCRIPTIVE
heldout:offset:B:F-1-continuous:stability,heldout,offset,B:F-1-continuous,stability,0.991644,0.991185,0.992562,3,DESCRIPTIVE
heldout:offset:B:F-1-micro:right,heldout,offset,B:F-1-micro,right,0.466667,0.400000,0.500000,3,DESCRIPTIVE
heldout:offset:B:F-1-micro:wrong,heldout,offset,B:F-1-micro,wrong,0.454545,0.418182,0.472727,3,DESCRIPTIVE
heldout:offset:B:F-1-micro:right_minus_wrong,heldout,offset,B:F-1-micro,right_minus_wrong,0.012121,-0.018182,0.027273,3,DESCRIPTIVE
heldout:offset:B:F-1-micro:stability,heldout,offset,B:F-1-micro,stability,0.860147,0.853994,0.867218,3,DESCRIPTIVE
heldout:offset:B:F-1-macro:right,heldout,offset,B:F-1-macro,right,0.533333,0.500000,0.600000,3,DESCRIPTIVE
heldout:offset:B:F-1-macro:wrong,heldout,offset,B:F-1-macro,wrong,0.531313,0.496970,0.600000,3,DESCRIPTIVE
heldout:offset:B:F-1-macro:right_minus_wrong,heldout,offset,B:F-1-macro,right_minus_wrong,0.002020,0.000000,0.003030,3,DESCRIPTIVE
heldout:offset:B:F-1-macro:stability,heldout,offset,B:F-1-macro,stability,0.993113,0.993113,0.993113,3,DESCRIPTIVE
heldout:offset:B:F-5-continuous:right,heldout,offset,B:F-5-continuous,right,0.533333,0.500000,0.600000,3,DESCRIPTIVE
heldout:offset:B:F-5-continuous:wrong,heldout,offset,B:F-5-continuous,wrong,0.533333,0.500000,0.600000,3,DESCRIPTIVE
heldout:offset:B:F-5-continuous:right_minus_wrong,heldout,offset,B:F-5-continuous,right_minus_wrong,0.000000,0.000000,0.000000,3,DESCRIPTIVE
heldout:offset:B:F-5-continuous:stability,heldout,offset,B:F-5-continuous,stability,1.000000,1.000000,1.000000,3,DESCRIPTIVE
heldout:offset:B:F-5-micro:right,heldout,offset,B:F-5-micro,right,0.533333,0.500000,0.600000,3,DESCRIPTIVE
heldout:offset:B:F-5-micro:wrong,heldout,offset,B:F-5-micro,wrong,0.540404,0.500000,0.621212,3,DESCRIPTIVE
heldout:offset:B:F-5-micro:right_minus_wrong,heldout,offset,B:F-5-micro,right_minus_wrong,-0.007071,-0.021212,0.000000,3,DESCRIPTIVE
heldout:offset:B:F-5-micro:stability,heldout,offset,B:F-5-micro,stability,0.993113,0.993113,0.993113,3,DESCRIPTIVE
heldout:offset:B:F-5-macro:right,heldout,offset,B:F-5-macro,right,0.533333,0.500000,0.600000,3,DESCRIPTIVE
heldout:offset:B:F-5-macro:wrong,heldout,offset,B:F-5-macro,wrong,0.554545,0.512121,0.639394,3,DESCRIPTIVE
heldout:offset:B:F-5-macro:right_minus_wrong,heldout,offset,B:F-5-macro,right_minus_wrong,-0.021212,-0.039394,-0.012121,3,DESCRIPTIVE
heldout:offset:B:F-5-macro:stability,heldout,offset,B:F-5-macro,stability,0.977961,0.968871,0.982645,3,DESCRIPTIVE
heldout:offset:B:F-15-continuous:right,heldout,offset,B:F-15-continuous,right,0.466667,0.400000,0.500000,3,DESCRIPTIVE
heldout:offset:B:F-15-continuous:wrong,heldout,offset,B:F-15-continuous,wrong,0.466667,0.400000,0.500000,3,DESCRIPTIVE
heldout:offset:B:F-15-continuous:right_minus_wrong,heldout,offset,B:F-15-continuous,right_minus_wrong,0.000000,0.000000,0.000000,3,DESCRIPTIVE
heldout:offset:B:F-15-continuous:stability,heldout,offset,B:F-15-continuous,stability,1.000000,1.000000,1.000000,3,DESCRIPTIVE
heldout:offset:B:F-15-micro:right,heldout,offset,B:F-15-micro,right,0.466667,0.400000,0.500000,3,DESCRIPTIVE
heldout:offset:B:F-15-micro:wrong,heldout,offset,B:F-15-micro,wrong,0.466667,0.400000,0.500000,3,DESCRIPTIVE
heldout:offset:B:F-15-micro:right_minus_wrong,heldout,offset,B:F-15-micro,right_minus_wrong,0.000000,0.000000,0.000000,3,DESCRIPTIVE
heldout:offset:B:F-15-micro:stability,heldout,offset,B:F-15-micro,stability,1.000000,1.000000,1.000000,3,DESCRIPTIVE
heldout:offset:B:F-15-macro:right,heldout,offset,B:F-15-macro,right,0.466667,0.400000,0.500000,3,DESCRIPTIVE
heldout:offset:B:F-15-macro:wrong,heldout,offset,B:F-15-macro,wrong,0.466667,0.400000,0.500000,3,DESCRIPTIVE
heldout:offset:B:F-15-macro:right_minus_wrong,heldout,offset,B:F-15-macro,right_minus_wrong,0.000000,0.000000,0.000000,3,DESCRIPTIVE
heldout:offset:B:F-15-macro:stability,heldout,offset,B:F-15-macro,stability,1.000000,1.000000,1.000000,3,DESCRIPTIVE
heldout:offset:B:C-F-1:right,heldout,offset,B:C-F-1,right,0.511111,0.500000,0.533333,3,DESCRIPTIVE
heldout:offset:B:C-F-1:wrong,heldout,offset,B:C-F-1,wrong,0.541414,0.512121,0.600000,3,DESCRIPTIVE
heldout:offset:B:C-F-1:right_minus_wrong,heldout,offset,B:C-F-1,right_minus_wrong,-0.030303,-0.066667,-0.012121,3,DESCRIPTIVE
heldout:offset:B:C-F-1:stability,heldout,offset,B:C-F-1,stability,0.922865,0.814325,0.977135,3,DESCRIPTIVE
heldout:offset:B:C-F-5:right,heldout,offset,B:C-F-5,right,0.533333,0.500000,0.600000,3,DESCRIPTIVE
heldout:offset:B:C-F-5:wrong,heldout,offset,B:C-F-5,wrong,0.533333,0.500000,0.600000,3,DESCRIPTIVE
heldout:offset:B:C-F-5:right_minus_wrong,heldout,offset,B:C-F-5,right_minus_wrong,0.000000,0.000000,0.000000,3,DESCRIPTIVE
heldout:offset:B:C-F-5:stability,heldout,offset,B:C-F-5,stability,0.998163,0.997796,0.998347,3,DESCRIPTIVE
heldout:offset:B:C-F-15:right,heldout,offset,B:C-F-15,right,0.533333,0.500000,0.600000,3,DESCRIPTIVE
heldout:offset:B:C-F-15:wrong,heldout,offset,B:C-F-15,wrong,0.533333,0.500000,0.600000,3,DESCRIPTIVE
heldout:offset:B:C-F-15:right_minus_wrong,heldout,offset,B:C-F-15,right_minus_wrong,0.000000,0.000000,0.000000,3,DESCRIPTIVE
heldout:offset:B:C-F-15:stability,heldout,offset,B:C-F-15,stability,0.993664,0.985950,0.997521,3,DESCRIPTIVE
heldout:offset:L:F-1-continuous:right,heldout,offset,L:F-1-continuous,right,0.444444,0.400000,0.533333,3,DESCRIPTIVE
heldout:offset:L:F-1-continuous:wrong,heldout,offset,L:F-1-continuous,wrong,0.412121,0.387879,0.460606,3,DESCRIPTIVE
heldout:offset:L:F-1-continuous:right_minus_wrong,heldout,offset,L:F-1-continuous,right_minus_wrong,0.032323,0.012121,0.072727,3,DESCRIPTIVE
heldout:offset:L:F-1-continuous:stability,heldout,offset,L:F-1-continuous,stability,0.934435,0.900826,0.951240,3,DESCRIPTIVE
heldout:offset:L:F-1-micro:right,heldout,offset,L:F-1-micro,right,0.455556,0.366667,0.600000,3,DESCRIPTIVE
heldout:offset:L:F-1-micro:wrong,heldout,offset,L:F-1-micro,wrong,0.450505,0.409091,0.533333,3,DESCRIPTIVE
heldout:offset:L:F-1-micro:right_minus_wrong,heldout,offset,L:F-1-micro,right_minus_wrong,0.005051,-0.042424,0.066667,3,DESCRIPTIVE
heldout:offset:L:F-1-micro:stability,heldout,offset,L:F-1-micro,stability,0.576768,0.346556,0.742975,3,DESCRIPTIVE
heldout:offset:L:F-1-macro:right,heldout,offset,L:F-1-macro,right,0.466667,0.400000,0.500000,3,DESCRIPTIVE
heldout:offset:L:F-1-macro:wrong,heldout,offset,L:F-1-macro,wrong,0.466667,0.400000,0.500000,3,DESCRIPTIVE
heldout:offset:L:F-1-macro:right_minus_wrong,heldout,offset,L:F-1-macro,right_minus_wrong,0.000000,0.000000,0.000000,3,DESCRIPTIVE
heldout:offset:L:F-1-macro:stability,heldout,offset,L:F-1-macro,stability,0.998714,0.997796,0.999174,3,DESCRIPTIVE
heldout:offset:L:F-5-continuous:right,heldout,offset,L:F-5-continuous,right,0.377778,0.333333,0.433333,3,DESCRIPTIVE
heldout:offset:L:F-5-continuous:wrong,heldout,offset,L:F-5-continuous,wrong,0.417172,0.384848,0.481818,3,DESCRIPTIVE
heldout:offset:L:F-5-continuous:right_minus_wrong,heldout,offset,L:F-5-continuous,right_minus_wrong,-0.039394,-0.051515,-0.018182,3,DESCRIPTIVE
heldout:offset:L:F-5-continuous:stability,heldout,offset,L:F-5-continuous,stability,0.913315,0.896970,0.926722,3,DESCRIPTIVE
heldout:offset:L:F-5-micro:right,heldout,offset,L:F-5-micro,right,0.444444,0.433333,0.466667,3,DESCRIPTIVE
heldout:offset:L:F-5-micro:wrong,heldout,offset,L:F-5-micro,wrong,0.446465,0.406061,0.527273,3,DESCRIPTIVE
heldout:offset:L:F-5-micro:right_minus_wrong,heldout,offset,L:F-5-micro,right_minus_wrong,-0.002020,-0.093939,0.060606,3,DESCRIPTIVE
heldout:offset:L:F-5-micro:stability,heldout,offset,L:F-5-micro,stability,0.833976,0.807163,0.853168,3,DESCRIPTIVE
heldout:offset:L:F-5-macro:right,heldout,offset,L:F-5-macro,right,0.466667,0.400000,0.500000,3,DESCRIPTIVE
heldout:offset:L:F-5-macro:wrong,heldout,offset,L:F-5-macro,wrong,0.471717,0.396970,0.509091,3,DESCRIPTIVE
heldout:offset:L:F-5-macro:right_minus_wrong,heldout,offset,L:F-5-macro,right_minus_wrong,-0.005051,-0.009091,0.003030,3,DESCRIPTIVE
heldout:offset:L:F-5-macro:stability,heldout,offset,L:F-5-macro,stability,0.986226,0.986226,0.986226,3,DESCRIPTIVE
heldout:offset:L:F-15-continuous:right,heldout,offset,L:F-15-continuous,right,0.455556,0.433333,0.466667,3,DESCRIPTIVE
heldout:offset:L:F-15-continuous:wrong,heldout,offset,L:F-15-continuous,wrong,0.452525,0.409091,0.539394,3,DESCRIPTIVE
heldout:offset:L:F-15-continuous:right_minus_wrong,heldout,offset,L:F-15-continuous,right_minus_wrong,0.003030,-0.072727,0.057576,3,DESCRIPTIVE
heldout:offset:L:F-15-continuous:stability,heldout,offset,L:F-15-continuous,stability,0.844353,0.829477,0.868871,3,DESCRIPTIVE
heldout:offset:L:F-15-micro:right,heldout,offset,L:F-15-micro,right,0.500000,0.500000,0.500000,3,DESCRIPTIVE
heldout:offset:L:F-15-micro:wrong,heldout,offset,L:F-15-micro,wrong,0.513131,0.469697,0.600000,3,DESCRIPTIVE
heldout:offset:L:F-15-micro:right_minus_wrong,heldout,offset,L:F-15-micro,right_minus_wrong,-0.013131,-0.100000,0.030303,3,DESCRIPTIVE
heldout:offset:L:F-15-micro:stability,heldout,offset,L:F-15-micro,stability,0.591368,0.296419,0.773278,3,DESCRIPTIVE
heldout:offset:L:F-15-macro:right,heldout,offset,L:F-15-macro,right,0.511111,0.400000,0.566667,3,DESCRIPTIVE
heldout:offset:L:F-15-macro:wrong,heldout,offset,L:F-15-macro,wrong,0.481818,0.366667,0.539394,3,DESCRIPTIVE
heldout:offset:L:F-15-macro:right_minus_wrong,heldout,offset,L:F-15-macro,right_minus_wrong,0.029293,0.027273,0.033333,3,DESCRIPTIVE
heldout:offset:L:F-15-macro:stability,heldout,offset,L:F-15-macro,stability,0.874197,0.864187,0.894215,3,DESCRIPTIVE
heldout:offset:L:C-F-1:right,heldout,offset,L:C-F-1,right,0.533333,0.500000,0.600000,3,DESCRIPTIVE
heldout:offset:L:C-F-1:wrong,heldout,offset,L:C-F-1,wrong,0.533333,0.512121,0.575758,3,DESCRIPTIVE
heldout:offset:L:C-F-1:right_minus_wrong,heldout,offset,L:C-F-1,right_minus_wrong,-0.000000,-0.012121,0.024242,3,DESCRIPTIVE
heldout:offset:L:C-F-1:stability,heldout,offset,L:C-F-1,stability,0.916253,0.916253,0.916253,3,DESCRIPTIVE
heldout:offset:L:C-F-5:right,heldout,offset,L:C-F-5,right,0.533333,0.500000,0.600000,3,DESCRIPTIVE
heldout:offset:L:C-F-5:wrong,heldout,offset,L:C-F-5,wrong,0.519192,0.487879,0.581818,3,DESCRIPTIVE
heldout:offset:L:C-F-5:right_minus_wrong,heldout,offset,L:C-F-5,right_minus_wrong,0.014141,0.012121,0.018182,3,DESCRIPTIVE
heldout:offset:L:C-F-5:stability,heldout,offset,L:C-F-5,stability,0.927824,0.927824,0.927824,3,DESCRIPTIVE
heldout:offset:L:C-F-15:right,heldout,offset,L:C-F-15,right,0.533333,0.500000,0.600000,3,DESCRIPTIVE
heldout:offset:L:C-F-15:wrong,heldout,offset,L:C-F-15,wrong,0.519192,0.493939,0.569697,3,DESCRIPTIVE
heldout:offset:L:C-F-15:right_minus_wrong,heldout,offset,L:C-F-15,right_minus_wrong,0.014141,0.006061,0.030303,3,DESCRIPTIVE
heldout:offset:L:C-F-15:stability,heldout,offset,L:C-F-15,stability,0.897796,0.897796,0.897796,3,DESCRIPTIVE
heldout:offset:C:F-1-continuous:right,heldout,offset,C:F-1-continuous,right,0.600000,0.500000,0.800000,3,DESCRIPTIVE
heldout:offset:C:F-1-continuous:wrong,heldout,offset,C:F-1-continuous,wrong,0.553535,0.506061,0.648485,3,DESCRIPTIVE
heldout:offset:C:F-1-continuous:right_minus_wrong,heldout,offset,C:F-1-continuous,right_minus_wrong,0.046465,-0.006061,0.151515,3,DESCRIPTIVE
heldout:offset:C:F-1-continuous:stability,heldout,offset,C:F-1-continuous,stability,-0.101561,-0.307163,0.307163,3,DESCRIPTIVE
heldout:offset:C:F-1-micro:right,heldout,offset,C:F-1-micro,right,0.600000,0.500000,0.800000,3,DESCRIPTIVE
heldout:offset:C:F-1-micro:wrong,heldout,offset,C:F-1-micro,wrong,0.549495,0.506061,0.636364,3,DESCRIPTIVE
heldout:offset:C:F-1-micro:right_minus_wrong,heldout,offset,C:F-1-micro,right_minus_wrong,0.050505,-0.006061,0.163636,3,DESCRIPTIVE
heldout:offset:C:F-1-micro:stability,heldout,offset,C:F-1-micro,stability,-0.102112,-0.308264,0.308264,3,DESCRIPTIVE
heldout:offset:C:F-1-macro:right,heldout,offset,C:F-1-macro,right,0.600000,0.500000,0.800000,3,DESCRIPTIVE
heldout:offset:C:F-1-macro:wrong,heldout,offset,C:F-1-macro,wrong,0.554545,0.515152,0.633333,3,DESCRIPTIVE
heldout:offset:C:F-1-macro:right_minus_wrong,heldout,offset,C:F-1-macro,right_minus_wrong,0.045455,-0.015152,0.166667,3,DESCRIPTIVE
heldout:offset:C:F-1-macro:stability,heldout,offset,C:F-1-macro,stability,-0.097704,-0.299725,0.299725,3,DESCRIPTIVE
heldout:offset:C:F-5-continuous:right,heldout,offset,C:F-5-continuous,right,0.600000,0.500000,0.800000,3,DESCRIPTIVE
heldout:offset:C:F-5-continuous:wrong,heldout,offset,C:F-5-continuous,wrong,0.550505,0.512121,0.627273,3,DESCRIPTIVE
heldout:offset:C:F-5-continuous:right_minus_wrong,heldout,offset,C:F-5-continuous,right_minus_wrong,0.049495,-0.012121,0.172727,3,DESCRIPTIVE
heldout:offset:C:F-5-continuous:stability,heldout,offset,C:F-5-continuous,stability,-0.100459,-0.301377,0.301377,3,DESCRIPTIVE
heldout:offset:C:F-5-micro:right,heldout,offset,C:F-5-micro,right,0.600000,0.500000,0.800000,3,DESCRIPTIVE
heldout:offset:C:F-5-micro:wrong,heldout,offset,C:F-5-micro,wrong,0.540404,0.500000,0.621212,3,DESCRIPTIVE
heldout:offset:C:F-5-micro:right_minus_wrong,heldout,offset,C:F-5-micro,right_minus_wrong,0.059596,0.000000,0.178788,3,DESCRIPTIVE
heldout:offset:C:F-5-micro:stability,heldout,offset,C:F-5-micro,stability,-0.106152,-0.318457,0.318457,3,DESCRIPTIVE
heldout:offset:C:F-5-macro:right,heldout,offset,C:F-5-macro,right,0.600000,0.500000,0.800000,3,DESCRIPTIVE
heldout:offset:C:F-5-macro:wrong,heldout,offset,C:F-5-macro,wrong,0.551515,0.521212,0.612121,3,DESCRIPTIVE
heldout:offset:C:F-5-macro:right_minus_wrong,heldout,offset,C:F-5-macro,right_minus_wrong,0.048485,-0.021212,0.187879,3,DESCRIPTIVE
heldout:offset:C:F-5-macro:stability,heldout,offset,C:F-5-macro,stability,-0.090909,-0.272727,0.272727,3,DESCRIPTIVE
heldout:offset:C:F-15-continuous:right,heldout,offset,C:F-15-continuous,right,0.600000,0.500000,0.800000,3,DESCRIPTIVE
heldout:offset:C:F-15-continuous:wrong,heldout,offset,C:F-15-continuous,wrong,0.553535,0.515152,0.630303,3,DESCRIPTIVE
heldout:offset:C:F-15-continuous:right_minus_wrong,heldout,offset,C:F-15-continuous,right_minus_wrong,0.046465,-0.015152,0.169697,3,DESCRIPTIVE
heldout:offset:C:F-15-continuous:stability,heldout,offset,C:F-15-continuous,stability,-0.093388,-0.280165,0.280165,3,DESCRIPTIVE
heldout:offset:C:F-15-micro:right,heldout,offset,C:F-15-micro,right,0.600000,0.500000,0.800000,3,DESCRIPTIVE
heldout:offset:C:F-15-micro:wrong,heldout,offset,C:F-15-micro,wrong,0.544444,0.493939,0.645455,3,DESCRIPTIVE
heldout:offset:C:F-15-micro:right_minus_wrong,heldout,offset,C:F-15-micro,right_minus_wrong,0.055556,0.006061,0.154545,3,DESCRIPTIVE
heldout:offset:C:F-15-micro:stability,heldout,offset,C:F-15-micro,stability,-0.109642,-0.328926,0.328926,3,DESCRIPTIVE
heldout:offset:C:F-15-macro:right,heldout,offset,C:F-15-macro,right,0.600000,0.500000,0.800000,3,DESCRIPTIVE
heldout:offset:C:F-15-macro:wrong,heldout,offset,C:F-15-macro,wrong,0.544444,0.500000,0.633333,3,DESCRIPTIVE
heldout:offset:C:F-15-macro:right_minus_wrong,heldout,offset,C:F-15-macro,right_minus_wrong,0.055556,0.000000,0.166667,3,DESCRIPTIVE
heldout:offset:C:F-15-macro:stability,heldout,offset,C:F-15-macro,stability,-0.094582,-0.283747,0.283747,3,DESCRIPTIVE
heldout:offset:C:C-F-1:right,heldout,offset,C:C-F-1,right,0.600000,0.500000,0.800000,3,DESCRIPTIVE
heldout:offset:C:C-F-1:wrong,heldout,offset,C:C-F-1,wrong,0.541414,0.509091,0.557576,3,DESCRIPTIVE
heldout:offset:C:C-F-1:right_minus_wrong,heldout,offset,C:C-F-1,right_minus_wrong,0.058586,-0.057576,0.290909,3,DESCRIPTIVE
heldout:offset:C:C-F-1:stability,heldout,offset,C:C-F-1,stability,0.012121,-0.036364,0.036364,3,DESCRIPTIVE
heldout:offset:C:C-F-5:right,heldout,offset,C:C-F-5,right,0.600000,0.500000,0.800000,3,DESCRIPTIVE
heldout:offset:C:C-F-5:wrong,heldout,offset,C:C-F-5,wrong,0.549495,0.545455,0.557576,3,DESCRIPTIVE
heldout:offset:C:C-F-5:right_minus_wrong,heldout,offset,C:C-F-5,right_minus_wrong,0.050505,-0.045455,0.242424,3,DESCRIPTIVE
heldout:offset:C:C-F-5:stability,heldout,offset,C:C-F-5,stability,-0.025344,-0.076033,0.076033,3,DESCRIPTIVE
heldout:offset:C:C-F-15:right,heldout,offset,C:C-F-15,right,0.600000,0.500000,0.800000,3,DESCRIPTIVE
heldout:offset:C:C-F-15:wrong,heldout,offset,C:C-F-15,wrong,0.570707,0.566667,0.578788,3,DESCRIPTIVE
heldout:offset:C:C-F-15:right_minus_wrong,heldout,offset,C:C-F-15,right_minus_wrong,0.029293,-0.066667,0.221212,3,DESCRIPTIVE
heldout:offset:C:C-F-15:stability,heldout,offset,C:C-F-15,stability,-0.062443,-0.187328,0.187328,3,DESCRIPTIVE
heldout:offset:LC:F-1-continuous:right,heldout,offset,LC:F-1-continuous,right,0.711111,0.633333,0.833333,3,DESCRIPTIVE
heldout:offset:LC:F-1-continuous:wrong,heldout,offset,LC:F-1-continuous,wrong,0.681818,0.624242,0.796970,3,DESCRIPTIVE
heldout:offset:LC:F-1-continuous:right_minus_wrong,heldout,offset,LC:F-1-continuous,right_minus_wrong,0.029293,0.009091,0.042424,3,DESCRIPTIVE
heldout:offset:LC:F-1-continuous:stability,heldout,offset,LC:F-1-continuous,stability,0.935721,0.920110,0.944353,3,DESCRIPTIVE
heldout:offset:LC:F-1-micro:right,heldout,offset,LC:F-1-micro,right,0.677778,0.666667,0.700000,3,DESCRIPTIVE
heldout:offset:LC:F-1-micro:wrong,heldout,offset,LC:F-1-micro,wrong,0.695960,0.681818,0.724242,3,DESCRIPTIVE
heldout:offset:LC:F-1-micro:right_minus_wrong,heldout,offset,LC:F-1-micro,right_minus_wrong,-0.018182,-0.024242,-0.015152,3,DESCRIPTIVE
heldout:offset:LC:F-1-micro:stability,heldout,offset,LC:F-1-micro,stability,0.911295,0.884022,0.925344,3,DESCRIPTIVE
heldout:offset:LC:F-1-macro:right,heldout,offset,LC:F-1-macro,right,0.655556,0.566667,0.833333,3,DESCRIPTIVE
heldout:offset:LC:F-1-macro:wrong,heldout,offset,LC:F-1-macro,wrong,0.643434,0.560606,0.809091,3,DESCRIPTIVE
heldout:offset:LC:F-1-macro:right_minus_wrong,heldout,offset,LC:F-1-macro,right_minus_wrong,0.012121,0.006061,0.024242,3,DESCRIPTIVE
heldout:offset:LC:F-1-macro:stability,heldout,offset,LC:F-1-macro,stability,0.991368,0.986777,0.993664,3,DESCRIPTIVE
heldout:offset:LC:F-5-continuous:right,heldout,offset,LC:F-5-continuous,right,0.788889,0.733333,0.866667,3,DESCRIPTIVE
heldout:offset:LC:F-5-continuous:wrong,heldout,offset,LC:F-5-continuous,wrong,0.656566,0.645455,0.678788,3,DESCRIPTIVE
heldout:offset:LC:F-5-continuous:right_minus_wrong,heldout,offset,LC:F-5-continuous,right_minus_wrong,0.132323,0.087879,0.187879,3,DESCRIPTIVE
heldout:offset:LC:F-5-continuous:stability,heldout,offset,LC:F-5-continuous,stability,0.303581,0.231956,0.434435,3,DESCRIPTIVE
heldout:offset:LC:F-5-micro:right,heldout,offset,LC:F-5-micro,right,0.766667,0.733333,0.833333,3,DESCRIPTIVE
heldout:offset:LC:F-5-micro:wrong,heldout,offset,LC:F-5-micro,wrong,0.647475,0.633333,0.654545,3,DESCRIPTIVE
heldout:offset:LC:F-5-micro:right_minus_wrong,heldout,offset,LC:F-5-micro,right_minus_wrong,0.119192,0.078788,0.200000,3,DESCRIPTIVE
heldout:offset:LC:F-5-micro:stability,heldout,offset,LC:F-5-micro,stability,0.233792,0.111570,0.400275,3,DESCRIPTIVE
heldout:offset:LC:F-5-macro:right,heldout,offset,LC:F-5-macro,right,0.622222,0.533333,0.800000,3,DESCRIPTIVE
heldout:offset:LC:F-5-macro:wrong,heldout,offset,LC:F-5-macro,wrong,0.603030,0.524242,0.760606,3,DESCRIPTIVE
heldout:offset:LC:F-5-macro:right_minus_wrong,heldout,offset,LC:F-5-macro,right_minus_wrong,0.019192,0.009091,0.039394,3,DESCRIPTIVE
heldout:offset:LC:F-5-macro:stability,heldout,offset,LC:F-5-macro,stability,0.592746,0.519835,0.728375,3,DESCRIPTIVE
heldout:offset:LC:F-15-continuous:right,heldout,offset,LC:F-15-continuous,right,0.633333,0.500000,0.800000,3,DESCRIPTIVE
heldout:offset:LC:F-15-continuous:wrong,heldout,offset,LC:F-15-continuous,wrong,0.576768,0.560606,0.584848,3,DESCRIPTIVE
heldout:offset:LC:F-15-continuous:right_minus_wrong,heldout,offset,LC:F-15-continuous,right_minus_wrong,0.056566,-0.084848,0.239394,3,DESCRIPTIVE
heldout:offset:LC:F-15-continuous:stability,heldout,offset,LC:F-15-continuous,stability,-0.021671,-0.181543,0.209366,3,DESCRIPTIVE
heldout:offset:LC:F-15-micro:right,heldout,offset,LC:F-15-micro,right,0.611111,0.500000,0.800000,3,DESCRIPTIVE
heldout:offset:LC:F-15-micro:wrong,heldout,offset,LC:F-15-micro,wrong,0.567677,0.563636,0.575758,3,DESCRIPTIVE
heldout:offset:LC:F-15-micro:right_minus_wrong,heldout,offset,LC:F-15-micro,right_minus_wrong,0.043434,-0.063636,0.224242,3,DESCRIPTIVE
heldout:offset:LC:F-15-micro:stability,heldout,offset,LC:F-15-micro,stability,-0.048301,-0.193113,0.196694,3,DESCRIPTIVE
heldout:offset:LC:F-15-macro:right,heldout,offset,LC:F-15-macro,right,0.711111,0.566667,0.800000,3,DESCRIPTIVE
heldout:offset:LC:F-15-macro:wrong,heldout,offset,LC:F-15-macro,wrong,0.608081,0.575758,0.672727,3,DESCRIPTIVE
heldout:offset:LC:F-15-macro:right_minus_wrong,heldout,offset,LC:F-15-macro,right_minus_wrong,0.103030,-0.009091,0.190909,3,DESCRIPTIVE
heldout:offset:LC:F-15-macro:stability,heldout,offset,LC:F-15-macro,stability,0.225161,0.018182,0.517906,3,DESCRIPTIVE
heldout:offset:LC:C-F-1:right,heldout,offset,LC:C-F-1,right,0.600000,0.500000,0.800000,3,DESCRIPTIVE
heldout:offset:LC:C-F-1:wrong,heldout,offset,LC:C-F-1,wrong,0.600000,0.500000,0.800000,3,DESCRIPTIVE
heldout:offset:LC:C-F-1:right_minus_wrong,heldout,offset,LC:C-F-1,right_minus_wrong,0.000000,0.000000,0.000000,3,DESCRIPTIVE
heldout:offset:LC:C-F-1:stability,heldout,offset,LC:C-F-1,stability,1.000000,1.000000,1.000000,3,DESCRIPTIVE
heldout:offset:LC:C-F-5:right,heldout,offset,LC:C-F-5,right,0.600000,0.500000,0.800000,3,DESCRIPTIVE
heldout:offset:LC:C-F-5:wrong,heldout,offset,LC:C-F-5,wrong,0.600000,0.500000,0.800000,3,DESCRIPTIVE
heldout:offset:LC:C-F-5:right_minus_wrong,heldout,offset,LC:C-F-5,right_minus_wrong,0.000000,0.000000,0.000000,3,DESCRIPTIVE
heldout:offset:LC:C-F-5:stability,heldout,offset,LC:C-F-5,stability,1.000000,1.000000,1.000000,3,DESCRIPTIVE
heldout:offset:LC:C-F-15:right,heldout,offset,LC:C-F-15,right,0.666667,0.500000,0.800000,3,DESCRIPTIVE
heldout:offset:LC:C-F-15:wrong,heldout,offset,LC:C-F-15,wrong,0.630303,0.536364,0.818182,3,DESCRIPTIVE
heldout:offset:LC:C-F-15:right_minus_wrong,heldout,offset,LC:C-F-15,right_minus_wrong,0.036364,-0.036364,0.163636,3,DESCRIPTIVE
heldout:offset:LC:C-F-15:stability,heldout,offset,LC:C-F-15,stability,0.877410,0.757025,0.938843,3,DESCRIPTIVE
