seed,system,endpoint_frames,kind,metric,value,available_units
20260908,continuous_h1,15,recursive,carrier_mse,0.00747865837183781,48
20260908,continuous_h1,15,recursive,presence_mse,0.006296447943896055,48
20260908,continuous_h1,15,recursive,position_available_values,13.666666666666666,48
20260908,continuous_h1,15,recursive,position_mse,0.007331938133575022,48
20260908,continuous_h1,15,recursive,velocity_available_values,13.666666666666666,48
20260908,continuous_h1,15,recursive,velocity_mse,0.020400536624947563,48
20260908,continuous_h1,15,recursive,kind_available_values,13.666666666666666,48
20260908,continuous_h1,15,recursive,kind_mse,0.006996725094116603,48
20260908,continuous_h1,30,recursive,carrier_mse,0.03463597634496788,48
20260908,continuous_h1,30,recursive,presence_mse,0.03040317042420308,48
20260908,continuous_h1,30,recursive,position_available_values,13.666666666666666,48
20260908,continuous_h1,30,recursive,position_mse,0.036222918735196195,48
20260908,continuous_h1,30,recursive,velocity_available_values,13.666666666666666,48
20260908,continuous_h1,30,recursive,velocity_mse,0.03256097300133357,48
20260908,continuous_h1,30,recursive,kind_available_values,13.666666666666666,48
20260908,continuous_h1,30,recursive,kind_mse,0.03667579257550339,48
20260908,continuous_h1,60,recursive,carrier_mse,0.6034816304842631,48
20260908,continuous_h1,60,recursive,presence_mse,0.5746652881304423,48
20260908,continuous_h1,60,recursive,position_available_values,13.666666666666666,48
20260908,continuous_h1,60,recursive,position_mse,0.8520386752982935,48
20260908,continuous_h1,60,recursive,velocity_available_values,13.666666666666666,48
20260908,continuous_h1,60,recursive,velocity_mse,0.3298502080142498,48
20260908,continuous_h1,60,recursive,kind_available_values,13.666666666666666,48
20260908,continuous_h1,60,recursive,kind_mse,0.5030909975369772,48
20260908,continuous_h1,120,recursive,carrier_mse,256.1460199356079,48
20260908,continuous_h1,120,recursive,presence_mse,273.27694574991864,48
20260908,continuous_h1,120,recursive,position_available_values,13.666666666666666,48
20260908,continuous_h1,120,recursive,position_mse,345.12887986501056,48
20260908,continuous_h1,120,recursive,velocity_available_values,13.666666666666666,48
20260908,continuous_h1,120,recursive,velocity_mse,91.22578128178914,48
20260908,continuous_h1,120,recursive,kind_available_values,13.666666666666666,48
20260908,continuous_h1,120,recursive,kind_mse,552.5047016143799,48
20260908,continuous_h5,15,recursive,carrier_mse,0.0005798967019169746,48
20260908,continuous_h5,15,recursive,presence_mse,0.0003183147697806514,48
20260908,continuous_h5,15,recursive,position_available_values,13.666666666666666,48
20260908,continuous_h5,15,recursive,position_mse,0.0005215253337761775,48
20260908,continuous_h5,15,recursive,velocity_available_values,13.666666666666666,48
20260908,continuous_h5,15,recursive,velocity_mse,0.003947388776092946,48
20260908,continuous_h5,15,recursive,kind_available_values,13.666666666666666,48
20260908,continuous_h5,15,recursive,kind_mse,0.0004266151536285179,48
20260908,continuous_h5,30,recursive,carrier_mse,0.0016603488935894954,48
20260908,continuous_h5,30,recursive,presence_mse,0.001231563384256636,48
20260908,continuous_h5,30,recursive,position_available_values,13.666666666666666,48
20260908,continuous_h5,30,recursive,position_mse,0.0017982611704307299,48
20260908,continuous_h5,30,recursive,velocity_available_values,13.666666666666666,48
20260908,continuous_h5,30,recursive,velocity_mse,0.0070577980344144935,48
20260908,continuous_h5,30,recursive,kind_available_values,13.666666666666666,48
20260908,continuous_h5,30,recursive,kind_mse,0.001479809206405965,48
20260908,continuous_h5,60,recursive,carrier_mse,0.005066593167915319,48
20260908,continuous_h5,60,recursive,presence_mse,0.004789031954715028,48
20260908,continuous_h5,60,recursive,position_available_values,13.666666666666666,48
20260908,continuous_h5,60,recursive,position_mse,0.0061041768543267,48
20260908,continuous_h5,60,recursive,velocity_available_values,13.666666666666666,48
20260908,continuous_h5,60,recursive,velocity_mse,0.007857711825636216,48
20260908,continuous_h5,60,recursive,kind_available_values,13.666666666666666,48
20260908,continuous_h5,60,recursive,kind_mse,0.005158419070842986,48
20260908,continuous_h5,120,recursive,carrier_mse,0.021351031959056854,48
20260908,continuous_h5,120,recursive,presence_mse,0.019894091916891437,48
20260908,continuous_h5,120,recursive,position_available_values,13.666666666666666,48
20260908,continuous_h5,120,recursive,position_mse,0.023565901909023523,48
20260908,continuous_h5,120,recursive,velocity_available_values,13.666666666666666,48
20260908,continuous_h5,120,recursive,velocity_mse,0.018310905240165692,48
20260908,continuous_h5,120,recursive,kind_available_values,13.666666666666666,48
20260908,continuous_h5,120,recursive,kind_mse,0.02347923400035749,48
20260908,continuous_h15,15,recursive,carrier_mse,0.00036412450375185773,48
20260908,continuous_h15,15,recursive,presence_mse,1.9624776314230985e-05,48
20260908,continuous_h15,15,recursive,position_available_values,13.666666666666666,48
20260908,continuous_h15,15,recursive,position_mse,4.225005939891465e-05,48
20260908,continuous_h15,15,recursive,velocity_available_values,13.666666666666666,48
20260908,continuous_h15,15,recursive,velocity_mse,0.005703853046725271,48
20260908,continuous_h15,15,recursive,kind_available_values,13.666666666666666,48
20260908,continuous_h15,15,recursive,kind_mse,3.159177814874662e-05,48
20260908,continuous_h15,30,recursive,carrier_mse,0.0005900899486732669,48
20260908,continuous_h15,30,recursive,presence_mse,7.658548868979172e-05,48
20260908,continuous_h15,30,recursive,position_available_values,13.666666666666666,48
20260908,continuous_h15,30,recursive,position_mse,0.00013714425676880637,48
20260908,continuous_h15,30,recursive,velocity_available_values,13.666666666666666,48
20260908,continuous_h15,30,recursive,velocity_mse,0.008643268197677875,48
20260908,continuous_h15,30,recursive,kind_available_values,13.666666666666666,48
20260908,continuous_h15,30,recursive,kind_mse,0.00011758394005786006,48
20260908,continuous_h15,60,recursive,carrier_mse,0.0007316492058938214,48
20260908,continuous_h15,60,recursive,presence_mse,0.0003017047274624929,48
20260908,continuous_h15,60,recursive,position_available_values,13.666666666666666,48
20260908,continuous_h15,60,recursive,position_mse,0.0004820133835892193,48
20260908,continuous_h15,60,recursive,velocity_available_values,13.666666666666666,48
20260908,continuous_h15,60,recursive,velocity_mse,0.006820436824151936,48
20260908,continuous_h15,60,recursive,kind_available_values,13.666666666666666,48
20260908,continuous_h15,60,recursive,kind_mse,0.000421698920642181,48
20260908,continuous_h15,120,recursive,carrier_mse,0.0015754823180031963,48
20260908,continuous_h15,120,recursive,presence_mse,0.0012161974955233745,48
20260908,continuous_h15,120,recursive,position_available_values,13.666666666666666,48
20260908,continuous_h15,120,recursive,position_mse,0.0017628800608993818,48
20260908,continuous_h15,120,recursive,velocity_available_values,13.666666666666666,48
20260908,continuous_h15,120,recursive,velocity_mse,0.0043298800543804345,48
20260908,continuous_h15,120,recursive,kind_available_values,13.666666666666666,48
20260908,continuous_h15,120,recursive,kind_mse,0.0014821720396867022,48
20260908,hybrid_continuous_h1,15,recursive,carrier_mse,0.0033528347460863492,48
20260908,hybrid_continuous_h1,15,recursive,presence_mse,0.004108689458613905,48
20260908,hybrid_continuous_h1,15,recursive,position_available_values,13.666666666666666,48
20260908,hybrid_continuous_h1,15,recursive,position_mse,0.002850007760571316,48
20260908,hybrid_continuous_h1,15,recursive,velocity_available_values,13.666666666666666,48
20260908,hybrid_continuous_h1,15,recursive,velocity_mse,0.008634827856440097,48
20260908,hybrid_continuous_h1,15,recursive,kind_available_values,13.666666666666666,48
20260908,hybrid_continuous_h1,15,recursive,kind_mse,0.004423953578225337,48
20260908,hybrid_continuous_h1,30,recursive,carrier_mse,0.014079336523233602,48
20260908,hybrid_continuous_h1,30,recursive,presence_mse,0.017479765830406297,48
20260908,hybrid_continuous_h1,30,recursive,position_available_values,13.666666666666666,48
20260908,hybrid_continuous_h1,30,recursive,position_mse,0.015884279060022283,48
20260908,hybrid_continuous_h1,30,recursive,velocity_available_values,13.666666666666666,48
20260908,hybrid_continuous_h1,30,recursive,velocity_mse,0.010969881938459972,48
20260908,hybrid_continuous_h1,30,recursive,kind_available_values,13.666666666666666,48
20260908,hybrid_continuous_h1,30,recursive,kind_mse,0.022310915325457852,48
20260908,hybrid_continuous_h1,60,recursive,carrier_mse,0.18777503290524086,48
20260908,hybrid_continuous_h1,60,recursive,presence_mse,0.1790002303508421,48
20260908,hybrid_continuous_h1,60,recursive,position_available_values,13.666666666666666,48
20260908,hybrid_continuous_h1,60,recursive,position_mse,0.22939776411900917,48
20260908,hybrid_continuous_h1,60,recursive,velocity_available_values,13.666666666666666,48
20260908,hybrid_continuous_h1,60,recursive,velocity_mse,0.07049101024555664,48
20260908,hybrid_continuous_h1,60,recursive,kind_available_values,13.666666666666666,48
20260908,hybrid_continuous_h1,60,recursive,kind_mse,0.4523924943059683,48
20260908,hybrid_continuous_h1,120,recursive,carrier_mse,115.5721333026886,48
20260908,hybrid_continuous_h1,120,recursive,presence_mse,98.26894744237264,48
20260908,hybrid_continuous_h1,120,recursive,position_available_values,13.666666666666666,48
20260908,hybrid_continuous_h1,120,recursive,position_mse,90.94236183166504,48
20260908,hybrid_continuous_h1,120,recursive,velocity_available_values,13.666666666666666,48
20260908,hybrid_continuous_h1,120,recursive,velocity_mse,36.245978355407715,48
20260908,hybrid_continuous_h1,120,recursive,kind_available_values,13.666666666666666,48
20260908,hybrid_continuous_h1,120,recursive,kind_mse,112.94597474733989,48
20260908,hybrid_continuous_h5,15,recursive,carrier_mse,0.000350160926245735,48
20260908,hybrid_continuous_h5,15,recursive,presence_mse,0.00022877315435228715,48
20260908,hybrid_continuous_h5,15,recursive,position_available_values,13.666666666666666,48
20260908,hybrid_continuous_h5,15,recursive,position_mse,0.00011532576847154512,48
20260908,hybrid_continuous_h5,15,recursive,velocity_available_values,13.666666666666666,48
20260908,hybrid_continuous_h5,15,recursive,velocity_mse,0.00345877592129303,48
20260908,hybrid_continuous_h5,15,recursive,kind_available_values,13.666666666666666,48
20260908,hybrid_continuous_h5,15,recursive,kind_mse,0.0002229984026295521,48
20260908,hybrid_continuous_h5,30,recursive,carrier_mse,0.0007693908337387256,48
20260908,hybrid_continuous_h5,30,recursive,presence_mse,0.0007680991948291194,48
20260908,hybrid_continuous_h5,30,recursive,position_available_values,13.666666666666666,48
20260908,hybrid_continuous_h5,30,recursive,position_mse,0.0004102120628886041,48
20260908,hybrid_continuous_h5,30,recursive,velocity_available_values,13.666666666666666,48
20260908,hybrid_continuous_h5,30,recursive,velocity_mse,0.004972319286025595,48
20260908,hybrid_continuous_h5,30,recursive,kind_available_values,13.666666666666666,48
20260908,hybrid_continuous_h5,30,recursive,kind_mse,0.0007973179902667956,48
20260908,hybrid_continuous_h5,60,recursive,carrier_mse,0.0020053427918658904,48
20260908,hybrid_continuous_h5,60,recursive,presence_mse,0.002480530172761064,48
20260908,hybrid_continuous_h5,60,recursive,position_available_values,13.666666666666666,48
20260908,hybrid_continuous_h5,60,recursive,position_mse,0.0016441158077213913,48
20260908,hybrid_continuous_h5,60,recursive,velocity_available_values,13.666666666666666,48
20260908,hybrid_continuous_h5,60,recursive,velocity_mse,0.004930836522059205,48
20260908,hybrid_continuous_h5,60,recursive,kind_available_values,13.666666666666666,48
20260908,hybrid_continuous_h5,60,recursive,kind_mse,0.0027061543805757537,48
20260908,hybrid_continuous_h5,120,recursive,carrier_mse,0.007555437788444881,48
20260908,hybrid_continuous_h5,120,recursive,presence_mse,0.009387144159215191,48
20260908,hybrid_continuous_h5,120,recursive,position_available_values,13.666666666666666,48
20260908,hybrid_continuous_h5,120,recursive,position_mse,0.008466241076045359,48
20260908,hybrid_continuous_h5,120,recursive,velocity_available_values,13.666666666666666,48
20260908,hybrid_continuous_h5,120,recursive,velocity_mse,0.006630091724218801,48
20260908,hybrid_continuous_h5,120,recursive,kind_available_values,13.666666666666666,48
20260908,hybrid_continuous_h5,120,recursive,kind_mse,0.011202655965462327,48
20260908,hybrid_continuous_h15,15,recursive,carrier_mse,0.00036246745681485965,48
20260908,hybrid_continuous_h15,15,recursive,presence_mse,3.680277495732298e-05,48
20260908,hybrid_continuous_h15,15,recursive,position_available_values,13.666666666666666,48
20260908,hybrid_continuous_h15,15,recursive,position_mse,5.63702996127328e-05,48
20260908,hybrid_continuous_h15,15,recursive,velocity_available_values,13.666666666666666,48
20260908,hybrid_continuous_h15,15,recursive,velocity_mse,0.005328854461064718,48
20260908,hybrid_continuous_h15,15,recursive,kind_available_values,13.666666666666666,48
20260908,hybrid_continuous_h15,15,recursive,kind_mse,3.0084506268697925e-05,48
20260908,hybrid_continuous_h15,30,recursive,carrier_mse,0.0005539887618700353,48
20260908,hybrid_continuous_h15,30,recursive,presence_mse,0.0001141585134973866,48
20260908,hybrid_continuous_h15,30,recursive,position_available_values,13.666666666666666,48
20260908,hybrid_continuous_h15,30,recursive,position_mse,0.00011313903788353248,48
20260908,hybrid_continuous_h15,30,recursive,velocity_available_values,13.666666666666666,48
20260908,hybrid_continuous_h15,30,recursive,velocity_mse,0.008131062738054121,48
20260908,hybrid_continuous_h15,30,recursive,kind_available_values,13.666666666666666,48
20260908,hybrid_continuous_h15,30,recursive,kind_mse,0.00010339616195172614,48
20260908,hybrid_continuous_h15,60,recursive,carrier_mse,0.0006407922167757837,48
20260908,hybrid_continuous_h15,60,recursive,presence_mse,0.0003831501805204122,48
20260908,hybrid_continuous_h15,60,recursive,position_available_values,13.666666666666666,48
20260908,hybrid_continuous_h15,60,recursive,position_mse,0.00024326380450171806,48
20260908,hybrid_continuous_h15,60,recursive,velocity_available_values,13.666666666666666,48
20260908,hybrid_continuous_h15,60,recursive,velocity_mse,0.007121976736622552,48
20260908,hybrid_continuous_h15,60,recursive,kind_available_values,13.666666666666666,48
20260908,hybrid_continuous_h15,60,recursive,kind_mse,0.0003696215098898392,48
20260908,hybrid_continuous_h15,120,recursive,carrier_mse,0.0010146026785757083,48
20260908,hybrid_continuous_h15,120,recursive,presence_mse,0.0012263636490388308,48
20260908,hybrid_continuous_h15,120,recursive,position_available_values,13.666666666666666,48
20260908,hybrid_continuous_h15,120,recursive,position_mse,0.0007319796962595623,48
20260908,hybrid_continuous_h15,120,recursive,velocity_available_values,13.666666666666666,48
20260908,hybrid_continuous_h15,120,recursive,velocity_mse,0.0034746606894865786,48
20260908,hybrid_continuous_h15,120,recursive,kind_available_values,13.666666666666666,48
20260908,hybrid_continuous_h15,120,recursive,kind_mse,0.0012668812147846136,48
20260908,hybrid_micro_h1,15,recursive,carrier_mse,0.00584174554872637,48
20260908,hybrid_micro_h1,15,recursive,presence_mse,0.009040558390552178,48
20260908,hybrid_micro_h1,15,recursive,position_available_values,13.666666666666666,48
20260908,hybrid_micro_h1,15,recursive,position_mse,0.007250183455956479,48
20260908,hybrid_micro_h1,15,recursive,velocity_available_values,13.666666666666666,48
20260908,hybrid_micro_h1,15,recursive,velocity_mse,0.011587882220434645,48
20260908,hybrid_micro_h1,15,recursive,kind_available_values,13.666666666666666,48
20260908,hybrid_micro_h1,15,recursive,kind_mse,0.004914708367626493,48
20260908,hybrid_micro_h1,30,recursive,carrier_mse,0.036816484721687935,48
20260908,hybrid_micro_h1,30,recursive,presence_mse,0.060359901981428266,48
20260908,hybrid_micro_h1,30,recursive,position_available_values,13.666666666666666,48
20260908,hybrid_micro_h1,30,recursive,position_mse,0.05004974834931394,48
20260908,hybrid_micro_h1,30,recursive,velocity_available_values,13.666666666666666,48
20260908,hybrid_micro_h1,30,recursive,velocity_mse,0.0212189993277813,48
20260908,hybrid_micro_h1,30,recursive,kind_available_values,13.666666666666666,48
20260908,hybrid_micro_h1,30,recursive,kind_mse,0.04133636686795702,48
20260908,hybrid_micro_h1,60,recursive,carrier_mse,0.6513148757318655,48
20260908,hybrid_micro_h1,60,recursive,presence_mse,0.6893561954299608,48
20260908,hybrid_micro_h1,60,recursive,position_available_values,13.666666666666666,48
20260908,hybrid_micro_h1,60,recursive,position_mse,1.0564346214135487,48
20260908,hybrid_micro_h1,60,recursive,velocity_available_values,13.666666666666666,48
20260908,hybrid_micro_h1,60,recursive,velocity_mse,0.35738783205548924,48
20260908,hybrid_micro_h1,60,recursive,kind_available_values,13.666666666666666,48
20260908,hybrid_micro_h1,60,recursive,kind_mse,0.7098983923594157,48
20260908,hybrid_micro_h1,120,recursive,carrier_mse,88.60216188430786,48
20260908,hybrid_micro_h1,120,recursive,presence_mse,65.61461154619853,48
20260908,hybrid_micro_h1,120,recursive,position_available_values,13.666666666666666,48
20260908,hybrid_micro_h1,120,recursive,position_mse,118.56863021850586,48
20260908,hybrid_micro_h1,120,recursive,velocity_available_values,13.666666666666666,48
20260908,hybrid_micro_h1,120,recursive,velocity_mse,44.8700547615687,48
20260908,hybrid_micro_h1,120,recursive,kind_available_values,13.666666666666666,48
20260908,hybrid_micro_h1,120,recursive,kind_mse,103.14186573028564,48
20260908,hybrid_micro_h5,15,recursive,carrier_mse,0.0004878713152720593,48
20260908,hybrid_micro_h5,15,recursive,presence_mse,0.0007599712049947508,48
20260908,hybrid_micro_h5,15,recursive,position_available_values,13.666666666666666,48
20260908,hybrid_micro_h5,15,recursive,position_mse,0.0002204341693262298,48
20260908,hybrid_micro_h5,15,recursive,velocity_available_values,13.666666666666666,48
20260908,hybrid_micro_h5,15,recursive,velocity_mse,0.003684010766543603,48
20260908,hybrid_micro_h5,15,recursive,kind_available_values,13.666666666666666,48
20260908,hybrid_micro_h5,15,recursive,kind_mse,0.0002434100233585923,48
20260908,hybrid_micro_h5,30,recursive,carrier_mse,0.0009618933205880845,48
20260908,hybrid_micro_h5,30,recursive,presence_mse,0.0012128634261898696,48
20260908,hybrid_micro_h5,30,recursive,position_available_values,13.666666666666666,48
20260908,hybrid_micro_h5,30,recursive,position_mse,0.0008198226284245417,48
20260908,hybrid_micro_h5,30,recursive,velocity_available_values,13.666666666666666,48
20260908,hybrid_micro_h5,30,recursive,velocity_mse,0.005114297826366965,48
20260908,hybrid_micro_h5,30,recursive,kind_available_values,13.666666666666666,48
20260908,hybrid_micro_h5,30,recursive,kind_mse,0.0006761836472530073,48
20260908,hybrid_micro_h5,60,recursive,carrier_mse,0.0030408396026662863,48
20260908,hybrid_micro_h5,60,recursive,presence_mse,0.004378032477688976,48
20260908,hybrid_micro_h5,60,recursive,position_available_values,13.666666666666666,48
20260908,hybrid_micro_h5,60,recursive,position_mse,0.0038561501084283614,48
20260908,hybrid_micro_h5,60,recursive,velocity_available_values,13.666666666666666,48
20260908,hybrid_micro_h5,60,recursive,velocity_mse,0.004930571250345868,48
20260908,hybrid_micro_h5,60,recursive,kind_available_values,13.666666666666666,48
20260908,hybrid_micro_h5,60,recursive,kind_mse,0.002940435314182347,48
20260908,hybrid_micro_h5,120,recursive,carrier_mse,0.016234461509156972,48
20260908,hybrid_micro_h5,120,recursive,presence_mse,0.024473306257277727,48
20260908,hybrid_micro_h5,120,recursive,position_available_values,13.666666666666666,48
20260908,hybrid_micro_h5,120,recursive,position_mse,0.02604943603121986,48
20260908,hybrid_micro_h5,120,recursive,velocity_available_values,13.666666666666666,48
20260908,hybrid_micro_h5,120,recursive,velocity_mse,0.013027229879905159,48
20260908,hybrid_micro_h5,120,recursive,kind_available_values,13.666666666666666,48
20260908,hybrid_micro_h5,120,recursive,kind_mse,0.018416070476329576,48
20260908,hybrid_micro_h15,15,recursive,carrier_mse,0.0027448379381288155,48
20260908,hybrid_micro_h15,15,recursive,presence_mse,0.002132096614028948,48
20260908,hybrid_micro_h15,15,recursive,position_available_values,13.666666666666666,48
20260908,hybrid_micro_h15,15,recursive,position_mse,0.003050345299319209,48
20260908,hybrid_micro_h15,15,recursive,velocity_available_values,13.666666666666666,48
20260908,hybrid_micro_h15,15,recursive,velocity_mse,0.012404148175846785,48
20260908,hybrid_micro_h15,15,recursive,kind_available_values,13.666666666666666,48
20260908,hybrid_micro_h15,15,recursive,kind_mse,0.0003665883053448245,48
20260908,hybrid_micro_h15,30,recursive,carrier_mse,0.0005404440908023389,48
20260908,hybrid_micro_h15,30,recursive,presence_mse,0.0006896696522744605,48
20260908,hybrid_micro_h15,30,recursive,position_available_values,13.666666666666666,48
20260908,hybrid_micro_h15,30,recursive,position_mse,0.0002588235108002361,48
20260908,hybrid_micro_h15,30,recursive,velocity_available_values,13.666666666666666,48
20260908,hybrid_micro_h15,30,recursive,velocity_mse,0.004807988045892368,48
20260908,hybrid_micro_h15,30,recursive,kind_available_values,13.666666666666666,48
20260908,hybrid_micro_h15,30,recursive,kind_mse,0.00017435711864285017,48
20260908,hybrid_micro_h15,60,recursive,carrier_mse,0.0006265794709179318,48
20260908,hybrid_micro_h15,60,recursive,presence_mse,0.0006688473865021175,48
20260908,hybrid_micro_h15,60,recursive,position_available_values,13.666666666666666,48
20260908,hybrid_micro_h15,60,recursive,position_mse,0.0004832756079243457,48
20260908,hybrid_micro_h15,60,recursive,velocity_available_values,13.666666666666666,48
20260908,hybrid_micro_h15,60,recursive,velocity_mse,0.0044053141682525165,48
20260908,hybrid_micro_h15,60,recursive,kind_available_values,13.666666666666666,48
20260908,hybrid_micro_h15,60,recursive,kind_mse,0.00035231668637910235,48
20260908,hybrid_micro_h15,120,recursive,carrier_mse,0.0014381787198847935,48
20260908,hybrid_micro_h15,120,recursive,presence_mse,0.001439600722126973,48
20260908,hybrid_micro_h15,120,recursive,position_available_values,13.666666666666666,48
20260908,hybrid_micro_h15,120,recursive,position_mse,0.0016131277467745047,48
20260908,hybrid_micro_h15,120,recursive,velocity_available_values,13.666666666666666,48
20260908,hybrid_micro_h15,120,recursive,velocity_mse,0.004605640722729731,48
20260908,hybrid_micro_h15,120,recursive,kind_available_values,13.666666666666666,48
20260908,hybrid_micro_h15,120,recursive,kind_mse,0.0014670376622234471,48
20260909,continuous_h1,15,recursive,carrier_mse,0.005091289116535336,48
20260909,continuous_h1,15,recursive,presence_mse,0.0037539563248477257,48
20260909,continuous_h1,15,recursive,position_available_values,13.666666666666666,48
20260909,continuous_h1,15,recursive,position_mse,0.002938569765926028,48
20260909,continuous_h1,15,recursive,velocity_available_values,13.666666666666666,48
20260909,continuous_h1,15,recursive,velocity_mse,0.012472862188587897,48
20260909,continuous_h1,15,recursive,kind_available_values,13.666666666666666,48
20260909,continuous_h1,15,recursive,kind_mse,0.006304317037574947,48
20260909,continuous_h1,30,recursive,carrier_mse,0.025165526700826984,48
20260909,continuous_h1,30,recursive,presence_mse,0.016357000354522217,48
20260909,continuous_h1,30,recursive,position_available_values,13.666666666666666,48
20260909,continuous_h1,30,recursive,position_mse,0.020931539125740528,48
20260909,continuous_h1,30,recursive,velocity_available_values,13.666666666666666,48
20260909,continuous_h1,30,recursive,velocity_mse,0.01984181769269829,48
20260909,continuous_h1,30,recursive,kind_available_values,13.666666666666666,48
20260909,continuous_h1,30,recursive,kind_mse,0.029557616624515504,48
20260909,continuous_h1,60,recursive,carrier_mse,0.40483940206468105,48
20260909,continuous_h1,60,recursive,presence_mse,0.3856019812325637,48
20260909,continuous_h1,60,recursive,position_available_values,13.666666666666666,48
20260909,continuous_h1,60,recursive,position_mse,0.3806589487940073,48
20260909,continuous_h1,60,recursive,velocity_available_values,13.666666666666666,48
20260909,continuous_h1,60,recursive,velocity_mse,0.24835993194331726,48
20260909,continuous_h1,60,recursive,kind_available_values,13.666666666666666,48
20260909,continuous_h1,60,recursive,kind_mse,0.542291471734643,48
20260909,continuous_h1,120,recursive,carrier_mse,90.62963660558064,48
20260909,continuous_h1,120,recursive,presence_mse,121.17932367324829,48
20260909,continuous_h1,120,recursive,position_available_values,13.666666666666666,48
20260909,continuous_h1,120,recursive,position_mse,64.29161008199056,48
20260909,continuous_h1,120,recursive,velocity_available_values,13.666666666666666,48
20260909,continuous_h1,120,recursive,velocity_mse,56.05890925725301,48
20260909,continuous_h1,120,recursive,kind_available_values,13.666666666666666,48
20260909,continuous_h1,120,recursive,kind_mse,136.5580554008484,48
20260909,continuous_h5,15,recursive,carrier_mse,0.00038145291788775165,48
20260909,continuous_h5,15,recursive,presence_mse,0.00021332155120035168,48
20260909,continuous_h5,15,recursive,position_available_values,13.666666666666666,48
20260909,continuous_h5,15,recursive,position_mse,0.0001377627401476881,48
20260909,continuous_h5,15,recursive,velocity_available_values,13.666666666666666,48
20260909,continuous_h5,15,recursive,velocity_mse,0.0033926252423649808,48
20260909,continuous_h5,15,recursive,kind_available_values,13.666666666666666,48
20260909,continuous_h5,15,recursive,kind_mse,0.0002933293520375931,48
20260909,continuous_h5,30,recursive,carrier_mse,0.000935557475410557,48
20260909,continuous_h5,30,recursive,presence_mse,0.000726180761072707,48
20260909,continuous_h5,30,recursive,position_available_values,13.666666666666666,48
20260909,continuous_h5,30,recursive,position_mse,0.0004609212276894444,48
20260909,continuous_h5,30,recursive,velocity_available_values,13.666666666666666,48
20260909,continuous_h5,30,recursive,velocity_mse,0.005000076086920065,48
20260909,continuous_h5,30,recursive,kind_available_values,13.666666666666666,48
20260909,continuous_h5,30,recursive,kind_mse,0.0010267053815672018,48
20260909,continuous_h5,60,recursive,carrier_mse,0.0027547551774963117,48
20260909,continuous_h5,60,recursive,presence_mse,0.002380484191235155,48
20260909,continuous_h5,60,recursive,position_available_values,13.666666666666666,48
20260909,continuous_h5,60,recursive,position_mse,0.0015488872401571523,48
20260909,continuous_h5,60,recursive,velocity_available_values,13.666666666666666,48
20260909,continuous_h5,60,recursive,velocity_mse,0.005013608618658812,48
20260909,continuous_h5,60,recursive,kind_available_values,13.666666666666666,48
20260909,continuous_h5,60,recursive,kind_mse,0.0035888745333068073,48
20260909,continuous_h5,120,recursive,carrier_mse,0.012182907958049327,48
20260909,continuous_h5,120,recursive,presence_mse,0.008516788899820918,48
20260909,continuous_h5,120,recursive,position_available_values,13.666666666666666,48
20260909,continuous_h5,120,recursive,position_mse,0.009072569121296207,48
20260909,continuous_h5,120,recursive,velocity_available_values,13.666666666666666,48
20260909,continuous_h5,120,recursive,velocity_mse,0.0077767399391935514,48
20260909,continuous_h5,120,recursive,kind_available_values,13.666666666666666,48
20260909,continuous_h5,120,recursive,kind_mse,0.014542619270893434,48
20260909,continuous_h15,15,recursive,carrier_mse,0.0003360936103338948,48
20260909,continuous_h15,15,recursive,presence_mse,1.9032343364718447e-05,48
20260909,continuous_h15,15,recursive,position_available_values,13.666666666666666,48
20260909,continuous_h15,15,recursive,position_mse,2.619396548197983e-05,48
20260909,continuous_h15,15,recursive,velocity_available_values,13.666666666666666,48
20260909,continuous_h15,15,recursive,velocity_mse,0.005435735118453522,48
20260909,continuous_h15,15,recursive,kind_available_values,13.666666666666666,48
20260909,continuous_h15,15,recursive,kind_mse,2.1910130385549564e-05,48
20260909,continuous_h15,30,recursive,carrier_mse,0.0005154903309024424,48
20260909,continuous_h15,30,recursive,presence_mse,7.02902547497312e-05,48
20260909,continuous_h15,30,recursive,position_available_values,13.666666666666666,48
20260909,continuous_h15,30,recursive,position_mse,6.014835995908167e-05,48
20260909,continuous_h15,30,recursive,velocity_available_values,13.666666666666666,48
20260909,continuous_h15,30,recursive,velocity_mse,0.008185444220240848,48
20260909,continuous_h15,30,recursive,kind_available_values,13.666666666666666,48
20260909,continuous_h15,30,recursive,kind_mse,8.283270866134747e-05,48
20260909,continuous_h15,60,recursive,carrier_mse,0.0005541838145290967,48
20260909,continuous_h15,60,recursive,presence_mse,0.0002494148487433752,48
20260909,continuous_h15,60,recursive,position_available_values,13.666666666666666,48
20260909,continuous_h15,60,recursive,position_mse,0.00012510468362355218,48
20260909,continuous_h15,60,recursive,velocity_available_values,13.666666666666666,48
20260909,continuous_h15,60,recursive,velocity_mse,0.006553898301111379,48
20260909,continuous_h15,60,recursive,kind_available_values,13.666666666666666,48
20260909,continuous_h15,60,recursive,kind_mse,0.00030382741715584416,48
20260909,continuous_h15,120,recursive,carrier_mse,0.0008845693591865711,48
20260909,continuous_h15,120,recursive,presence_mse,0.0008485015411376177,48
20260909,continuous_h15,120,recursive,position_available_values,13.666666666666666,48
20260909,continuous_h15,120,recursive,position_mse,0.00042922926756242913,48
20260909,continuous_h15,120,recursive,velocity_available_values,13.666666666666666,48
20260909,continuous_h15,120,recursive,velocity_mse,0.0025351903022965416,48
20260909,continuous_h15,120,recursive,kind_available_values,13.666666666666666,48
20260909,continuous_h15,120,recursive,kind_mse,0.0010865594983139697,48
20260909,hybrid_continuous_h1,15,recursive,carrier_mse,0.004850408508597563,48
20260909,hybrid_continuous_h1,15,recursive,presence_mse,0.007223706023069099,48
20260909,hybrid_continuous_h1,15,recursive,position_available_values,13.666666666666666,48
20260909,hybrid_continuous_h1,15,recursive,position_mse,0.005720988473816154,48
20260909,hybrid_continuous_h1,15,recursive,velocity_available_values,13.666666666666666,48
20260909,hybrid_continuous_h1,15,recursive,velocity_mse,0.009673149295849726,48
20260909,hybrid_continuous_h1,15,recursive,kind_available_values,13.666666666666666,48
20260909,hybrid_continuous_h1,15,recursive,kind_mse,0.008330324169946834,48
20260909,hybrid_continuous_h1,30,recursive,carrier_mse,0.026319117130090792,48
20260909,hybrid_continuous_h1,30,recursive,presence_mse,0.0462383379538854,48
20260909,hybrid_continuous_h1,30,recursive,position_available_values,13.666666666666666,48
20260909,hybrid_continuous_h1,30,recursive,position_mse,0.03617504029534757,48
20260909,hybrid_continuous_h1,30,recursive,velocity_available_values,13.666666666666666,48
20260909,hybrid_continuous_h1,30,recursive,velocity_mse,0.01404722589844217,48
20260909,hybrid_continuous_h1,30,recursive,kind_available_values,13.666666666666666,48
20260909,hybrid_continuous_h1,30,recursive,kind_mse,0.04955597726317743,48
20260909,hybrid_continuous_h1,60,recursive,carrier_mse,0.42759180068969727,48
20260909,hybrid_continuous_h1,60,recursive,presence_mse,0.491522416472435,48
20260909,hybrid_continuous_h1,60,recursive,position_available_values,13.666666666666666,48
20260909,hybrid_continuous_h1,60,recursive,position_mse,0.5586188087860743,48
20260909,hybrid_continuous_h1,60,recursive,velocity_available_values,13.666666666666666,48
20260909,hybrid_continuous_h1,60,recursive,velocity_mse,0.29081520282973844,48
20260909,hybrid_continuous_h1,60,recursive,kind_available_values,13.666666666666666,48
20260909,hybrid_continuous_h1,60,recursive,kind_mse,0.6777185164391994,48
20260909,hybrid_continuous_h1,120,recursive,carrier_mse,147.21827507019043,48
20260909,hybrid_continuous_h1,120,recursive,presence_mse,117.54138104120891,48
20260909,hybrid_continuous_h1,120,recursive,position_available_values,13.666666666666666,48
20260909,hybrid_continuous_h1,120,recursive,position_mse,137.29608090718588,48
20260909,hybrid_continuous_h1,120,recursive,velocity_available_values,13.666666666666666,48
20260909,hybrid_continuous_h1,120,recursive,velocity_mse,81.23326496283214,48
20260909,hybrid_continuous_h1,120,recursive,kind_available_values,13.666666666666666,48
20260909,hybrid_continuous_h1,120,recursive,kind_mse,246.1520675023397,48
20260909,hybrid_continuous_h5,15,recursive,carrier_mse,0.00040850166139231686,48
20260909,hybrid_continuous_h5,15,recursive,presence_mse,0.00029788524534524186,48
20260909,hybrid_continuous_h5,15,recursive,position_available_values,13.666666666666666,48
20260909,hybrid_continuous_h5,15,recursive,position_mse,0.00017146581133905178,48
20260909,hybrid_continuous_h5,15,recursive,velocity_available_values,13.666666666666666,48
20260909,hybrid_continuous_h5,15,recursive,velocity_mse,0.003766993942311577,48
20260909,hybrid_continuous_h5,15,recursive,kind_available_values,13.666666666666666,48
20260909,hybrid_continuous_h5,15,recursive,kind_mse,0.0002449111868069546,48
20260909,hybrid_continuous_h5,30,recursive,carrier_mse,0.0009423639360951105,48
20260909,hybrid_continuous_h5,30,recursive,presence_mse,0.001051056967601956,48
20260909,hybrid_continuous_h5,30,recursive,position_available_values,13.666666666666666,48
20260909,hybrid_continuous_h5,30,recursive,position_mse,0.0007030243505141698,48
20260909,hybrid_continuous_h5,30,recursive,velocity_available_values,13.666666666666666,48
20260909,hybrid_continuous_h5,30,recursive,velocity_mse,0.005321718235791195,48
20260909,hybrid_continuous_h5,30,recursive,kind_available_values,13.666666666666666,48
20260909,hybrid_continuous_h5,30,recursive,kind_mse,0.0010195686894197327,48
20260909,hybrid_continuous_h5,60,recursive,carrier_mse,0.0027893395260131606,48
20260909,hybrid_continuous_h5,60,recursive,presence_mse,0.0042415536687864614,48
20260909,hybrid_continuous_h5,60,recursive,position_available_values,13.666666666666666,48
20260909,hybrid_continuous_h5,60,recursive,position_mse,0.0031967374622278535,48
20260909,hybrid_continuous_h5,60,recursive,velocity_available_values,13.666666666666666,48
20260909,hybrid_continuous_h5,60,recursive,velocity_mse,0.004034183613839559,48
20260909,hybrid_continuous_h5,60,recursive,kind_available_values,13.666666666666666,48
20260909,hybrid_continuous_h5,60,recursive,kind_mse,0.004826290620258078,48
20260909,hybrid_continuous_h5,120,recursive,carrier_mse,0.013561873638536781,48
20260909,hybrid_continuous_h5,120,recursive,presence_mse,0.02325110277161002,48
20260909,hybrid_continuous_h5,120,recursive,position_available_values,13.666666666666666,48
20260909,hybrid_continuous_h5,120,recursive,position_mse,0.017789432604331523,48
20260909,hybrid_continuous_h5,120,recursive,velocity_available_values,13.666666666666666,48
20260909,hybrid_continuous_h5,120,recursive,velocity_mse,0.007167332437044631,48
20260909,hybrid_continuous_h5,120,recursive,kind_available_values,13.666666666666666,48
20260909,hybrid_continuous_h5,120,recursive,kind_mse,0.025958572630770504,48
20260909,hybrid_continuous_h15,15,recursive,carrier_mse,0.000338411858137988,48
20260909,hybrid_continuous_h15,15,recursive,presence_mse,4.548037850327091e-05,48
20260909,hybrid_continuous_h15,15,recursive,position_available_values,13.666666666666666,48
20260909,hybrid_continuous_h15,15,recursive,position_mse,4.561061998250201e-05,48
20260909,hybrid_continuous_h15,15,recursive,velocity_available_values,13.666666666666666,48
20260909,hybrid_continuous_h15,15,recursive,velocity_mse,0.005075542239258842,48
20260909,hybrid_continuous_h15,15,recursive,kind_available_values,13.666666666666666,48
20260909,hybrid_continuous_h15,15,recursive,kind_mse,3.317806696638096e-05,48
20260909,hybrid_continuous_h15,30,recursive,carrier_mse,0.0005412079535744851,48
20260909,hybrid_continuous_h15,30,recursive,presence_mse,0.00014177045325898993,48
20260909,hybrid_continuous_h15,30,recursive,position_available_values,13.666666666666666,48
20260909,hybrid_continuous_h15,30,recursive,position_mse,0.00011701237205367458,48
20260909,hybrid_continuous_h15,30,recursive,velocity_available_values,13.666666666666666,48
20260909,hybrid_continuous_h15,30,recursive,velocity_mse,0.007796497112091553,48
20260909,hybrid_continuous_h15,30,recursive,kind_available_values,13.666666666666666,48
20260909,hybrid_continuous_h15,30,recursive,kind_mse,0.00011735930744786553,48
20260909,hybrid_continuous_h15,60,recursive,carrier_mse,0.0006682063861565742,48
20260909,hybrid_continuous_h15,60,recursive,presence_mse,0.0004769360130012501,48
20260909,hybrid_continuous_h15,60,recursive,position_available_values,13.666666666666666,48
20260909,hybrid_continuous_h15,60,recursive,position_mse,0.00032669713164068526,48
20260909,hybrid_continuous_h15,60,recursive,velocity_available_values,13.666666666666666,48
20260909,hybrid_continuous_h15,60,recursive,velocity_mse,0.006286142541891119,48
20260909,hybrid_continuous_h15,60,recursive,kind_available_values,13.666666666666666,48
20260909,hybrid_continuous_h15,60,recursive,kind_mse,0.0004499549340835074,48
20260909,hybrid_continuous_h15,120,recursive,carrier_mse,0.0013364221328326191,48
20260909,hybrid_continuous_h15,120,recursive,presence_mse,0.001760703707986977,48
20260909,hybrid_continuous_h15,120,recursive,position_available_values,13.666666666666666,48
20260909,hybrid_continuous_h15,120,recursive,position_mse,0.0011877308958598103,48
20260909,hybrid_continuous_h15,120,recursive,velocity_available_values,13.666666666666666,48
20260909,hybrid_continuous_h15,120,recursive,velocity_mse,0.003532091565527177,48
20260909,hybrid_continuous_h15,120,recursive,kind_available_values,13.666666666666666,48
20260909,hybrid_continuous_h15,120,recursive,kind_mse,0.0019611980557480515,48
20260909,hybrid_micro_h1,15,recursive,carrier_mse,0.006892597574430208,48
20260909,hybrid_micro_h1,15,recursive,presence_mse,0.008323027199367061,48
20260909,hybrid_micro_h1,15,recursive,position_available_values,13.666666666666666,48
20260909,hybrid_micro_h1,15,recursive,position_mse,0.007567138663337876,48
20260909,hybrid_micro_h1,15,recursive,velocity_available_values,13.666666666666666,48
20260909,hybrid_micro_h1,15,recursive,velocity_mse,0.012471072594053112,48
20260909,hybrid_micro_h1,15,recursive,kind_available_values,13.666666666666666,48
20260909,hybrid_micro_h1,15,recursive,kind_mse,0.011026280233636498,48
20260909,hybrid_micro_h1,30,recursive,carrier_mse,0.04789370011227826,48
20260909,hybrid_micro_h1,30,recursive,presence_mse,0.06365686969365925,48
20260909,hybrid_micro_h1,30,recursive,position_available_values,13.666666666666666,48
20260909,hybrid_micro_h1,30,recursive,position_mse,0.07828157426168521,48
20260909,hybrid_micro_h1,30,recursive,velocity_available_values,13.666666666666666,48
20260909,hybrid_micro_h1,30,recursive,velocity_mse,0.04274344368604943,48
20260909,hybrid_micro_h1,30,recursive,kind_available_values,13.666666666666666,48
20260909,hybrid_micro_h1,30,recursive,kind_mse,0.0779871391908576,48
20260909,hybrid_micro_h1,60,recursive,carrier_mse,0.7788060723493496,48
20260909,hybrid_micro_h1,60,recursive,presence_mse,0.889436750051876,48
20260909,hybrid_micro_h1,60,recursive,position_available_values,13.666666666666666,48
20260909,hybrid_micro_h1,60,recursive,position_mse,0.6444258571912845,48
20260909,hybrid_micro_h1,60,recursive,velocity_available_values,13.666666666666666,48
20260909,hybrid_micro_h1,60,recursive,velocity_mse,0.7929952405393124,48
20260909,hybrid_micro_h1,60,recursive,kind_available_values,13.666666666666666,48
20260909,hybrid_micro_h1,60,recursive,kind_mse,0.8187394166986147,48
20260909,hybrid_micro_h1,120,recursive,carrier_mse,189.89009857177734,48
20260909,hybrid_micro_h1,120,recursive,presence_mse,211.9488116900126,48
20260909,hybrid_micro_h1,120,recursive,position_available_values,13.666666666666666,48
20260909,hybrid_micro_h1,120,recursive,position_mse,252.66396697362265,48
20260909,hybrid_micro_h1,120,recursive,velocity_available_values,13.666666666666666,48
20260909,hybrid_micro_h1,120,recursive,velocity_mse,165.42788577079773,48
20260909,hybrid_micro_h1,120,recursive,kind_available_values,13.666666666666666,48
20260909,hybrid_micro_h1,120,recursive,kind_mse,253.24401458104452,48
20260909,hybrid_micro_h5,15,recursive,carrier_mse,0.0006003784801578149,48
20260909,hybrid_micro_h5,15,recursive,presence_mse,0.0007147977339627687,48
20260909,hybrid_micro_h5,15,recursive,position_available_values,13.666666666666666,48
20260909,hybrid_micro_h5,15,recursive,position_mse,0.00037943898344868404,48
20260909,hybrid_micro_h5,15,recursive,velocity_available_values,13.666666666666666,48
20260909,hybrid_micro_h5,15,recursive,velocity_mse,0.004025186672758234,48
20260909,hybrid_micro_h5,15,recursive,kind_available_values,13.666666666666666,48
20260909,hybrid_micro_h5,15,recursive,kind_mse,0.00046750548729808844,48
20260909,hybrid_micro_h5,30,recursive,carrier_mse,0.0011397882359839666,48
20260909,hybrid_micro_h5,30,recursive,presence_mse,0.0012222319443632539,48
20260909,hybrid_micro_h5,30,recursive,position_available_values,13.666666666666666,48
20260909,hybrid_micro_h5,30,recursive,position_mse,0.0008747553438297473,48
20260909,hybrid_micro_h5,30,recursive,velocity_available_values,13.666666666666666,48
20260909,hybrid_micro_h5,30,recursive,velocity_mse,0.0054777620583384605,48
20260909,hybrid_micro_h5,30,recursive,kind_available_values,13.666666666666666,48
20260909,hybrid_micro_h5,30,recursive,kind_mse,0.001224008432473056,48
20260909,hybrid_micro_h5,60,recursive,carrier_mse,0.003853206920515125,48
20260909,hybrid_micro_h5,60,recursive,presence_mse,0.004935131471332473,48
20260909,hybrid_micro_h5,60,recursive,position_available_values,13.666666666666666,48
20260909,hybrid_micro_h5,60,recursive,position_mse,0.004586280309013091,48
20260909,hybrid_micro_h5,60,recursive,velocity_available_values,13.666666666666666,48
20260909,hybrid_micro_h5,60,recursive,velocity_mse,0.006095842395249444,48
20260909,hybrid_micro_h5,60,recursive,kind_available_values,13.666666666666666,48
20260909,hybrid_micro_h5,60,recursive,kind_mse,0.006138673716729197,48
20260909,hybrid_micro_h5,120,recursive,carrier_mse,0.02224420174024999,48
20260909,hybrid_micro_h5,120,recursive,presence_mse,0.029741641677295167,48
20260909,hybrid_micro_h5,120,recursive,position_available_values,13.666666666666666,48
20260909,hybrid_micro_h5,120,recursive,position_mse,0.038036947565463684,48
20260909,hybrid_micro_h5,120,recursive,velocity_available_values,13.666666666666666,48
20260909,hybrid_micro_h5,120,recursive,velocity_mse,0.016703478147974238,48
20260909,hybrid_micro_h5,120,recursive,kind_available_values,13.666666666666666,48
20260909,hybrid_micro_h5,120,recursive,kind_mse,0.04113312919313709,48
20260909,hybrid_micro_h15,15,recursive,carrier_mse,0.0027110120960666486,48
20260909,hybrid_micro_h15,15,recursive,presence_mse,0.0017037954166880809,48
20260909,hybrid_micro_h15,15,recursive,position_available_values,13.666666666666666,48
20260909,hybrid_micro_h15,15,recursive,position_mse,0.002502763677815286,48
20260909,hybrid_micro_h15,15,recursive,velocity_available_values,13.666666666666666,48
20260909,hybrid_micro_h15,15,recursive,velocity_mse,0.009562435938278213,48
20260909,hybrid_micro_h15,15,recursive,kind_available_values,13.666666666666666,48
20260909,hybrid_micro_h15,15,recursive,kind_mse,0.000615988801655476,48
20260909,hybrid_micro_h15,30,recursive,carrier_mse,0.0006547359735122882,48
20260909,hybrid_micro_h15,30,recursive,presence_mse,0.0007277979451221958,48
20260909,hybrid_micro_h15,30,recursive,position_available_values,13.666666666666666,48
20260909,hybrid_micro_h15,30,recursive,position_mse,0.00043197521699767094,48
20260909,hybrid_micro_h15,30,recursive,velocity_available_values,13.666666666666666,48
20260909,hybrid_micro_h15,30,recursive,velocity_mse,0.005436567832172538,48
20260909,hybrid_micro_h15,30,recursive,kind_available_values,13.666666666666666,48
20260909,hybrid_micro_h15,30,recursive,kind_mse,0.0005051560974607128,48
20260909,hybrid_micro_h15,60,recursive,carrier_mse,0.0006746522794855991,48
20260909,hybrid_micro_h15,60,recursive,presence_mse,0.0006907120017179599,48
20260909,hybrid_micro_h15,60,recursive,position_available_values,13.666666666666666,48
20260909,hybrid_micro_h15,60,recursive,position_mse,0.0006325755496921678,48
20260909,hybrid_micro_h15,60,recursive,velocity_available_values,13.666666666666666,48
20260909,hybrid_micro_h15,60,recursive,velocity_mse,0.0034613988173077814,48
20260909,hybrid_micro_h15,60,recursive,kind_available_values,13.666666666666666,48
20260909,hybrid_micro_h15,60,recursive,kind_mse,0.0007003978134889621,48
20260909,hybrid_micro_h15,120,recursive,carrier_mse,0.0017894301393729013,48
20260909,hybrid_micro_h15,120,recursive,presence_mse,0.0019763925908288607,48
20260909,hybrid_micro_h15,120,recursive,position_available_values,13.666666666666666,48
20260909,hybrid_micro_h15,120,recursive,position_mse,0.0020255229610484093,48
20260909,hybrid_micro_h15,120,recursive,velocity_available_values,13.666666666666666,48
20260909,hybrid_micro_h15,120,recursive,velocity_mse,0.004141536252670146,48
20260909,hybrid_micro_h15,120,recursive,kind_available_values,13.666666666666666,48
20260909,hybrid_micro_h15,120,recursive,kind_mse,0.0023562397182104178,48
20260910,continuous_h1,15,recursive,carrier_mse,0.006592714479969193,48
20260910,continuous_h1,15,recursive,presence_mse,0.00582844217812332,48
20260910,continuous_h1,15,recursive,position_available_values,13.666666666666666,48
20260910,continuous_h1,15,recursive,position_mse,0.004715464917050364,48
20260910,continuous_h1,15,recursive,velocity_available_values,13.666666666666666,48
20260910,continuous_h1,15,recursive,velocity_mse,0.0157880174034896,48
20260910,continuous_h1,15,recursive,kind_available_values,13.666666666666666,48
20260910,continuous_h1,15,recursive,kind_mse,0.011998898621338109,48
20260910,continuous_h1,30,recursive,carrier_mse,0.034802626740808286,48
20260910,continuous_h1,30,recursive,presence_mse,0.0400336179882288,48
20260910,continuous_h1,30,recursive,position_available_values,13.666666666666666,48
20260910,continuous_h1,30,recursive,position_mse,0.03888664875800411,48
20260910,continuous_h1,30,recursive,velocity_available_values,13.666666666666666,48
20260910,continuous_h1,30,recursive,velocity_mse,0.030550157534889877,48
20260910,continuous_h1,30,recursive,kind_available_values,13.666666666666666,48
20260910,continuous_h1,30,recursive,kind_mse,0.062107936246320605,48
20260910,continuous_h1,60,recursive,carrier_mse,0.4423227186004321,48
20260910,continuous_h1,60,recursive,presence_mse,0.6927969418466091,48
20260910,continuous_h1,60,recursive,position_available_values,13.666666666666666,48
20260910,continuous_h1,60,recursive,position_mse,0.7054152749478817,48
20260910,continuous_h1,60,recursive,velocity_available_values,13.666666666666666,48
20260910,continuous_h1,60,recursive,velocity_mse,0.16989243930826584,48
20260910,continuous_h1,60,recursive,kind_available_values,13.666666666666666,48
20260910,continuous_h1,60,recursive,kind_mse,0.6942128812273344,48
20260910,continuous_h1,120,recursive,carrier_mse,107.57790629069011,48
20260910,continuous_h1,120,recursive,presence_mse,83.04925974210103,48
20260910,continuous_h1,120,recursive,position_available_values,13.666666666666666,48
20260910,continuous_h1,120,recursive,position_mse,138.38089195887247,48
20260910,continuous_h1,120,recursive,velocity_available_values,13.666666666666666,48
20260910,continuous_h1,120,recursive,velocity_mse,40.94506482283274,48
20260910,continuous_h1,120,recursive,kind_available_values,13.666666666666666,48
20260910,continuous_h1,120,recursive,kind_mse,217.03260978062949,48
20260910,continuous_h5,15,recursive,carrier_mse,0.0004949285394104663,48
20260910,continuous_h5,15,recursive,presence_mse,0.0002949443951365538,48
20260910,continuous_h5,15,recursive,position_available_values,13.666666666666666,48
20260910,continuous_h5,15,recursive,position_mse,0.00030610315783026937,48
20260910,continuous_h5,15,recursive,velocity_available_values,13.666666666666666,48
20260910,continuous_h5,15,recursive,velocity_mse,0.0036596070688877567,48
20260910,continuous_h5,15,recursive,kind_available_values,13.666666666666666,48
20260910,continuous_h5,15,recursive,kind_mse,0.0005572930452520571,48
20260910,continuous_h5,30,recursive,carrier_mse,0.0013698306453685898,48
20260910,continuous_h5,30,recursive,presence_mse,0.0010512468761589844,48
20260910,continuous_h5,30,recursive,position_available_values,13.666666666666666,48
20260910,continuous_h5,30,recursive,position_mse,0.0010024415581331898,48
20260910,continuous_h5,30,recursive,velocity_available_values,13.666666666666666,48
20260910,continuous_h5,30,recursive,velocity_mse,0.006313788510548572,48
20260910,continuous_h5,30,recursive,kind_available_values,13.666666666666666,48
20260910,continuous_h5,30,recursive,kind_mse,0.0021443679094469794,48
20260910,continuous_h5,60,recursive,carrier_mse,0.004423503909492865,48
20260910,continuous_h5,60,recursive,presence_mse,0.003974552382715046,48
20260910,continuous_h5,60,recursive,position_available_values,13.666666666666666,48
20260910,continuous_h5,60,recursive,position_mse,0.003415903808975903,48
20260910,continuous_h5,60,recursive,velocity_available_values,13.666666666666666,48
20260910,continuous_h5,60,recursive,velocity_mse,0.009157893514687506,48
20260910,continuous_h5,60,recursive,kind_available_values,13.666666666666666,48
20260910,continuous_h5,60,recursive,kind_mse,0.00838753889547661,48
20260910,continuous_h5,120,recursive,carrier_mse,0.020533759224539,48
20260910,continuous_h5,120,recursive,presence_mse,0.021256660111248493,48
20260910,continuous_h5,120,recursive,position_available_values,13.666666666666666,48
20260910,continuous_h5,120,recursive,position_mse,0.020271107864876587,48
20260910,continuous_h5,120,recursive,velocity_available_values,13.666666666666666,48
20260910,continuous_h5,120,recursive,velocity_mse,0.013521003672697892,48
20260910,continuous_h5,120,recursive,kind_available_values,13.666666666666666,48
20260910,continuous_h5,120,recursive,kind_mse,0.03885532337396095,48
20260910,continuous_h15,15,recursive,carrier_mse,0.00036972999369785003,48
20260910,continuous_h15,15,recursive,presence_mse,1.825223432661005e-05,48
20260910,continuous_h15,15,recursive,position_available_values,13.666666666666666,48
20260910,continuous_h15,15,recursive,position_mse,5.91147130914275e-05,48
20260910,continuous_h15,15,recursive,velocity_available_values,13.666666666666666,48
20260910,continuous_h15,15,recursive,velocity_mse,0.0057629202065072604,48
20260910,continuous_h15,15,recursive,kind_available_values,13.666666666666666,48
20260910,continuous_h15,15,recursive,kind_mse,3.8783370807019914e-05,48
20260910,continuous_h15,30,recursive,carrier_mse,0.000597513047978282,48
20260910,continuous_h15,30,recursive,presence_mse,6.814954955795353e-05,48
20260910,continuous_h15,30,recursive,position_available_values,13.666666666666666,48
20260910,continuous_h15,30,recursive,position_mse,0.00016701632830518065,48
20260910,continuous_h15,30,recursive,velocity_available_values,13.666666666666666,48
20260910,continuous_h15,30,recursive,velocity_mse,0.008756877214182168,48
20260910,continuous_h15,30,recursive,kind_available_values,13.666666666666666,48
20260910,continuous_h15,30,recursive,kind_mse,0.00015323491228021643,48
20260910,continuous_h15,60,recursive,carrier_mse,0.0007077022055455018,48
20260910,continuous_h15,60,recursive,presence_mse,0.0002497952042782951,48
20260910,continuous_h15,60,recursive,position_available_values,13.666666666666666,48
20260910,continuous_h15,60,recursive,position_mse,0.00042710094324623543,48
20260910,continuous_h15,60,recursive,velocity_available_values,13.666666666666666,48
20260910,continuous_h15,60,recursive,velocity_mse,0.007390119164483622,48
20260910,continuous_h15,60,recursive,kind_available_values,13.666666666666666,48
20260910,continuous_h15,60,recursive,kind_mse,0.0005999213826726191,48
20260910,continuous_h15,120,recursive,carrier_mse,0.0013470332366220343,48
20260910,continuous_h15,120,recursive,presence_mse,0.0009501306631136686,48
20260910,continuous_h15,120,recursive,position_available_values,13.666666666666666,48
20260910,continuous_h15,120,recursive,position_mse,0.0012209126907691825,48
20260910,continuous_h15,120,recursive,velocity_available_values,13.666666666666666,48
20260910,continuous_h15,120,recursive,velocity_mse,0.0031157653696330576,48
20260910,continuous_h15,120,recursive,kind_available_values,13.666666666666666,48
20260910,continuous_h15,120,recursive,kind_mse,0.002338459868042264,48
20260910,hybrid_continuous_h1,15,recursive,carrier_mse,0.005639134751011928,48
20260910,hybrid_continuous_h1,15,recursive,presence_mse,0.005673200978587071,48
20260910,hybrid_continuous_h1,15,recursive,position_available_values,13.666666666666666,48
20260910,hybrid_continuous_h1,15,recursive,position_mse,0.006220832098430644,48
20260910,hybrid_continuous_h1,15,recursive,velocity_available_values,13.666666666666666,48
20260910,hybrid_continuous_h1,15,recursive,velocity_mse,0.011483129938521111,48
20260910,hybrid_continuous_h1,15,recursive,kind_available_values,13.666666666666666,48
20260910,hybrid_continuous_h1,15,recursive,kind_mse,0.01214819255983457,48
20260910,hybrid_continuous_h1,30,recursive,carrier_mse,0.030916928119647007,48
20260910,hybrid_continuous_h1,30,recursive,presence_mse,0.03024260571692139,48
20260910,hybrid_continuous_h1,30,recursive,position_available_values,13.666666666666666,48
20260910,hybrid_continuous_h1,30,recursive,position_mse,0.04091419892696043,48
20260910,hybrid_continuous_h1,30,recursive,velocity_available_values,13.666666666666666,48
20260910,hybrid_continuous_h1,30,recursive,velocity_mse,0.016499915819925565,48
20260910,hybrid_continuous_h1,30,recursive,kind_available_values,13.666666666666666,48
20260910,hybrid_continuous_h1,30,recursive,kind_mse,0.07533193239942193,48
20260910,hybrid_continuous_h1,60,recursive,carrier_mse,0.6819158097108206,48
20260910,hybrid_continuous_h1,60,recursive,presence_mse,1.1944434804220994,48
20260910,hybrid_continuous_h1,60,recursive,position_available_values,13.666666666666666,48
20260910,hybrid_continuous_h1,60,recursive,position_mse,1.2747760005295277,48
20260910,hybrid_continuous_h1,60,recursive,velocity_available_values,13.666666666666666,48
20260910,hybrid_continuous_h1,60,recursive,velocity_mse,0.5999871815244356,48
20260910,hybrid_continuous_h1,60,recursive,kind_available_values,13.666666666666666,48
20260910,hybrid_continuous_h1,60,recursive,kind_mse,0.943306464701891,48
20260910,hybrid_continuous_h1,120,recursive,carrier_mse,316.2103392283122,48
20260910,hybrid_continuous_h1,120,recursive,presence_mse,376.9425754547119,48
20260910,hybrid_continuous_h1,120,recursive,position_available_values,13.666666666666666,48
20260910,hybrid_continuous_h1,120,recursive,position_mse,273.8524519602458,48
20260910,hybrid_continuous_h1,120,recursive,velocity_available_values,13.666666666666666,48
20260910,hybrid_continuous_h1,120,recursive,velocity_mse,343.1932481129964,48
20260910,hybrid_continuous_h1,120,recursive,kind_available_values,13.666666666666666,48
20260910,hybrid_continuous_h1,120,recursive,kind_mse,250.93526617685953,48
20260910,hybrid_continuous_h5,15,recursive,carrier_mse,0.00041987947285330546,48
20260910,hybrid_continuous_h5,15,recursive,presence_mse,0.00034619798195005086,48
20260910,hybrid_continuous_h5,15,recursive,position_available_values,13.666666666666666,48
20260910,hybrid_continuous_h5,15,recursive,position_mse,0.00029337796422623796,48
20260910,hybrid_continuous_h5,15,recursive,velocity_available_values,13.666666666666666,48
20260910,hybrid_continuous_h5,15,recursive,velocity_mse,0.003367012981470907,48
20260910,hybrid_continuous_h5,15,recursive,kind_available_values,13.666666666666666,48
20260910,hybrid_continuous_h5,15,recursive,kind_mse,0.00040473012207561016,48
20260910,hybrid_continuous_h5,30,recursive,carrier_mse,0.0010620370909843284,48
20260910,hybrid_continuous_h5,30,recursive,presence_mse,0.0011803637474561886,48
20260910,hybrid_continuous_h5,30,recursive,position_available_values,13.666666666666666,48
20260910,hybrid_continuous_h5,30,recursive,position_mse,0.001070078469638247,48
20260910,hybrid_continuous_h5,30,recursive,velocity_available_values,13.666666666666666,48
20260910,hybrid_continuous_h5,30,recursive,velocity_mse,0.005205033907259349,48
20260910,hybrid_continuous_h5,30,recursive,kind_available_values,13.666666666666666,48
20260910,hybrid_continuous_h5,30,recursive,kind_mse,0.0016028757939542022,48
20260910,hybrid_continuous_h5,60,recursive,carrier_mse,0.003218761984802162,48
20260910,hybrid_continuous_h5,60,recursive,presence_mse,0.003791743797288897,48
20260910,hybrid_continuous_h5,60,recursive,position_available_values,13.666666666666666,48
20260910,hybrid_continuous_h5,60,recursive,position_mse,0.004024261113954708,48
20260910,hybrid_continuous_h5,60,recursive,velocity_available_values,13.666666666666666,48
20260910,hybrid_continuous_h5,60,recursive,velocity_mse,0.004007225681561977,48
20260910,hybrid_continuous_h5,60,recursive,kind_available_values,13.666666666666666,48
20260910,hybrid_continuous_h5,60,recursive,kind_mse,0.007118028433372577,48
20260910,hybrid_continuous_h5,120,recursive,carrier_mse,0.015565171585573504,48
20260910,hybrid_continuous_h5,120,recursive,presence_mse,0.013912901437530914,48
20260910,hybrid_continuous_h5,120,recursive,position_available_values,13.666666666666666,48
20260910,hybrid_continuous_h5,120,recursive,position_mse,0.020531027209168922,48
20260910,hybrid_continuous_h5,120,recursive,velocity_available_values,13.666666666666666,48
20260910,hybrid_continuous_h5,120,recursive,velocity_mse,0.008339406456798315,48
20260910,hybrid_continuous_h5,120,recursive,kind_available_values,13.666666666666666,48
20260910,hybrid_continuous_h5,120,recursive,kind_mse,0.03925822547171265,48
20260910,hybrid_continuous_h15,15,recursive,carrier_mse,0.0003623302776153044,48
20260910,hybrid_continuous_h15,15,recursive,presence_mse,5.8757312520659376e-05,48
20260910,hybrid_continuous_h15,15,recursive,position_available_values,13.666666666666666,48
20260910,hybrid_continuous_h15,15,recursive,position_mse,7.422568527696664e-05,48
20260910,hybrid_continuous_h15,15,recursive,velocity_available_values,13.666666666666666,48
20260910,hybrid_continuous_h15,15,recursive,velocity_mse,0.005361980763761191,48
20260910,hybrid_continuous_h15,15,recursive,kind_available_values,13.666666666666666,48
20260910,hybrid_continuous_h15,15,recursive,kind_mse,5.3173924773849045e-05,48
20260910,hybrid_continuous_h15,30,recursive,carrier_mse,0.0005655104253795192,48
20260910,hybrid_continuous_h15,30,recursive,presence_mse,0.0001752241447926887,48
20260910,hybrid_continuous_h15,30,recursive,position_available_values,13.666666666666666,48
20260910,hybrid_continuous_h15,30,recursive,position_mse,0.00020130313820724646,48
20260910,hybrid_continuous_h15,30,recursive,velocity_available_values,13.666666666666666,48
20260910,hybrid_continuous_h15,30,recursive,velocity_mse,0.007871574106199356,48
20260910,hybrid_continuous_h15,30,recursive,kind_available_values,13.666666666666666,48
20260910,hybrid_continuous_h15,30,recursive,kind_mse,0.00019140413617909266,48
20260910,hybrid_continuous_h15,60,recursive,carrier_mse,0.0007016021518211346,48
20260910,hybrid_continuous_h15,60,recursive,presence_mse,0.0006078132785963438,48
20260910,hybrid_continuous_h15,60,recursive,position_available_values,13.666666666666666,48
20260910,hybrid_continuous_h15,60,recursive,position_mse,0.0005901032745896373,48
20260910,hybrid_continuous_h15,60,recursive,velocity_available_values,13.666666666666666,48
20260910,hybrid_continuous_h15,60,recursive,velocity_mse,0.005856823898890677,48
20260910,hybrid_continuous_h15,60,recursive,kind_available_values,13.666666666666666,48
20260910,hybrid_continuous_h15,60,recursive,kind_mse,0.000730333819471222,48
20260910,hybrid_continuous_h15,120,recursive,carrier_mse,0.0015778093656990677,48
20260910,hybrid_continuous_h15,120,recursive,presence_mse,0.0020044266275363043,48
20260910,hybrid_continuous_h15,120,recursive,position_available_values,13.666666666666666,48
20260910,hybrid_continuous_h15,120,recursive,position_mse,0.0019139956251213637,48
20260910,hybrid_continuous_h15,120,recursive,velocity_available_values,13.666666666666666,48
20260910,hybrid_continuous_h15,120,recursive,velocity_mse,0.004296382376196561,48
20260910,hybrid_continuous_h15,120,recursive,kind_available_values,13.666666666666666,48
20260910,hybrid_continuous_h15,120,recursive,kind_mse,0.002967819367768243,48
20260910,hybrid_micro_h1,15,recursive,carrier_mse,0.008216018410166726,48
20260910,hybrid_micro_h1,15,recursive,presence_mse,0.007064395632672434,48
20260910,hybrid_micro_h1,15,recursive,position_available_values,13.666666666666666,48
20260910,hybrid_micro_h1,15,recursive,position_mse,0.012457656499464065,48
20260910,hybrid_micro_h1,15,recursive,velocity_available_values,13.666666666666666,48
20260910,hybrid_micro_h1,15,recursive,velocity_mse,0.012491244764532894,48
20260910,hybrid_micro_h1,15,recursive,kind_available_values,13.666666666666666,48
20260910,hybrid_micro_h1,15,recursive,kind_mse,0.01200068261823617,48
20260910,hybrid_micro_h1,30,recursive,carrier_mse,0.049917525301376976,48
20260910,hybrid_micro_h1,30,recursive,presence_mse,0.037305665493477136,48
20260910,hybrid_micro_h1,30,recursive,position_available_values,13.666666666666666,48
20260910,hybrid_micro_h1,30,recursive,position_mse,0.08080840964491169,48
20260910,hybrid_micro_h1,30,recursive,velocity_available_values,13.666666666666666,48
20260910,hybrid_micro_h1,30,recursive,velocity_mse,0.029149020362334948,48
20260910,hybrid_micro_h1,30,recursive,kind_available_values,13.666666666666666,48
20260910,hybrid_micro_h1,30,recursive,kind_mse,0.06358930359904964,48
20260910,hybrid_micro_h1,60,recursive,carrier_mse,0.6922628991305828,48
20260910,hybrid_micro_h1,60,recursive,presence_mse,0.5578008349984884,48
20260910,hybrid_micro_h1,60,recursive,position_available_values,13.666666666666666,48
20260910,hybrid_micro_h1,60,recursive,position_mse,0.8713279316822687,48
20260910,hybrid_micro_h1,60,recursive,velocity_available_values,13.666666666666666,48
20260910,hybrid_micro_h1,60,recursive,velocity_mse,0.43938884713376564,48
20260910,hybrid_micro_h1,60,recursive,kind_available_values,13.666666666666666,48
20260910,hybrid_micro_h1,60,recursive,kind_mse,0.8251439382632574,48
20260910,hybrid_micro_h1,120,recursive,carrier_mse,76.48042464256287,48
20260910,hybrid_micro_h1,120,recursive,presence_mse,75.61297941207886,48
20260910,hybrid_micro_h1,120,recursive,position_available_values,13.666666666666666,48
20260910,hybrid_micro_h1,120,recursive,position_mse,68.69879992802937,48
20260910,hybrid_micro_h1,120,recursive,velocity_available_values,13.666666666666666,48
20260910,hybrid_micro_h1,120,recursive,velocity_mse,62.68444569905599,48
20260910,hybrid_micro_h1,120,recursive,kind_available_values,13.666666666666666,48
20260910,hybrid_micro_h1,120,recursive,kind_mse,80.65660730997722,48
20260910,hybrid_micro_h5,15,recursive,carrier_mse,0.0006339331145378916,48
20260910,hybrid_micro_h5,15,recursive,presence_mse,0.0007608652619334558,48
20260910,hybrid_micro_h5,15,recursive,position_available_values,13.666666666666666,48
20260910,hybrid_micro_h5,15,recursive,position_mse,0.000568346187719726,48
20260910,hybrid_micro_h5,15,recursive,velocity_available_values,13.666666666666666,48
20260910,hybrid_micro_h5,15,recursive,velocity_mse,0.004596626115623319,48
20260910,hybrid_micro_h5,15,recursive,kind_available_values,13.666666666666666,48
20260910,hybrid_micro_h5,15,recursive,kind_mse,0.00031894912990537705,48
20260910,hybrid_micro_h5,30,recursive,carrier_mse,0.0012661980581469834,48
20260910,hybrid_micro_h5,30,recursive,presence_mse,0.0011792423465522006,48
20260910,hybrid_micro_h5,30,recursive,position_available_values,13.666666666666666,48
20260910,hybrid_micro_h5,30,recursive,position_mse,0.001444295509524333,48
20260910,hybrid_micro_h5,30,recursive,velocity_available_values,13.666666666666666,48
20260910,hybrid_micro_h5,30,recursive,velocity_mse,0.006082917199819349,48
20260910,hybrid_micro_h5,30,recursive,kind_available_values,13.666666666666666,48
20260910,hybrid_micro_h5,30,recursive,kind_mse,0.0015493420845208068,48
20260910,hybrid_micro_h5,60,recursive,carrier_mse,0.00419015624114157,48
20260910,hybrid_micro_h5,60,recursive,presence_mse,0.004087711888132617,48
20260910,hybrid_micro_h5,60,recursive,position_available_values,13.666666666666666,48
20260910,hybrid_micro_h5,60,recursive,position_mse,0.0066115380711077405,48
20260910,hybrid_micro_h5,60,recursive,velocity_available_values,13.666666666666666,48
20260910,hybrid_micro_h5,60,recursive,velocity_mse,0.006373827413578208,48
20260910,hybrid_micro_h5,60,recursive,kind_available_values,13.666666666666666,48
20260910,hybrid_micro_h5,60,recursive,kind_mse,0.00747209651550899,48
20260910,hybrid_micro_h5,120,recursive,carrier_mse,0.023569612375771005,48
20260910,hybrid_micro_h5,120,recursive,presence_mse,0.02195722850350042,48
20260910,hybrid_micro_h5,120,recursive,position_available_values,13.666666666666666,48
20260910,hybrid_micro_h5,120,recursive,position_mse,0.03922853180362532,48
20260910,hybrid_micro_h5,120,recursive,velocity_available_values,13.666666666666666,48
20260910,hybrid_micro_h5,120,recursive,velocity_mse,0.01565110101364553,48
20260910,hybrid_micro_h5,120,recursive,kind_available_values,13.666666666666666,48
20260910,hybrid_micro_h5,120,recursive,kind_mse,0.03551776932242016,48
20260910,hybrid_micro_h15,15,recursive,carrier_mse,0.0030110898539229916,48
20260910,hybrid_micro_h15,15,recursive,presence_mse,0.0026049308204771173,48
20260910,hybrid_micro_h15,15,recursive,position_available_values,13.666666666666666,48
20260910,hybrid_micro_h15,15,recursive,position_mse,0.002126289218722377,48
20260910,hybrid_micro_h15,15,recursive,velocity_available_values,13.666666666666666,48
20260910,hybrid_micro_h15,15,recursive,velocity_mse,0.012037924578180537,48
20260910,hybrid_micro_h15,15,recursive,kind_available_values,13.666666666666666,48
20260910,hybrid_micro_h15,15,recursive,kind_mse,0.0004354725497250911,48
20260910,hybrid_micro_h15,30,recursive,carrier_mse,0.0005866300167933028,48
20260910,hybrid_micro_h15,30,recursive,presence_mse,0.0005840153765651243,48
20260910,hybrid_micro_h15,30,recursive,position_available_values,13.666666666666666,48
20260910,hybrid_micro_h15,30,recursive,position_mse,0.00040299201039791416,48
20260910,hybrid_micro_h15,30,recursive,velocity_available_values,13.666666666666666,48
20260910,hybrid_micro_h15,30,recursive,velocity_mse,0.00470556828562015,48
20260910,hybrid_micro_h15,30,recursive,kind_available_values,13.666666666666666,48
20260910,hybrid_micro_h15,30,recursive,kind_mse,0.000240548297673134,48
20260910,hybrid_micro_h15,60,recursive,carrier_mse,0.0007049556127943409,48
20260910,hybrid_micro_h15,60,recursive,presence_mse,0.0007246635747530187,48
20260910,hybrid_micro_h15,60,recursive,position_available_values,13.666666666666666,48
20260910,hybrid_micro_h15,60,recursive,position_mse,0.0007098756941559259,48
20260910,hybrid_micro_h15,60,recursive,velocity_available_values,13.666666666666666,48
20260910,hybrid_micro_h15,60,recursive,velocity_mse,0.003594250653501755,48
20260910,hybrid_micro_h15,60,recursive,kind_available_values,13.666666666666666,48
20260910,hybrid_micro_h15,60,recursive,kind_mse,0.0008079321681483028,48
20260910,hybrid_micro_h15,120,recursive,carrier_mse,0.0018273639992306319,48
20260910,hybrid_micro_h15,120,recursive,presence_mse,0.0018727626084000804,48
20260910,hybrid_micro_h15,120,recursive,position_available_values,13.666666666666666,48
20260910,hybrid_micro_h15,120,recursive,position_mse,0.0023380222725487934,48
20260910,hybrid_micro_h15,120,recursive,velocity_available_values,13.666666666666666,48
20260910,hybrid_micro_h15,120,recursive,velocity_mse,0.004044801809262329,48
20260910,hybrid_micro_h15,120,recursive,kind_available_values,13.666666666666666,48
20260910,hybrid_micro_h15,120,recursive,kind_mse,0.003269757866898241,48

contrast_tested,reference,kind,horizon,endpoint_frames,metric,mean_difference,interval_low,interval_high,paired_units
hybrid_continuous_h1,continuous_h1,training_effect,1,15,position_mse,6.471482791110047e-05,-0.00010419133799991365,0.00022460199789849054,48
hybrid_continuous_h1,continuous_h1,training_effect,1,15,velocity_mse,0.006290103042071375,0.004820373897625055,0.00772880566081666,48
hybrid_continuous_h1,continuous_h1,training_effect,1,15,carrier_mse,0.001773427987548833,0.0016082343877011833,0.0019428530701083625,48
hybrid_continuous_h1,continuous_h1,training_effect,1,30,position_mse,0.0010225294455368488,-0.00030992191508024287,0.002213582505484938,48
hybrid_continuous_h1,continuous_h1,training_effect,1,30,velocity_mse,0.013811974857364677,0.012130126411567388,0.01564091831314727,48
hybrid_continuous_h1,continuous_h1,training_effect,1,30,carrier_mse,0.007762916004543918,0.00719701034556945,0.008363968963708935,48
hybrid_continuous_h1,continuous_h1,training_effect,1,60,position_mse,-0.041559891464809574,-0.07202436213071146,-0.013557117760905815,48
hybrid_continuous_h1,continuous_h1,training_effect,1,60,velocity_mse,-0.07106360511129929,-0.08610565893274422,-0.05542525246273727,48
hybrid_continuous_h1,continuous_h1,training_effect,1,60,carrier_mse,0.05112036928120587,0.042344452432977665,0.05996281845857286,48
hybrid_continuous_h1,continuous_h1,training_effect,1,120,position_mse,15.236829068925646,3.8383498754766263,25.970973922808962,48
hybrid_continuous_h1,continuous_h1,training_effect,1,120,velocity_mse,-90.81424535645378,-100.16353034277758,-82.31297490066953,48
hybrid_continuous_h1,continuous_h1,training_effect,1,120,carrier_mse,-41.549061589770844,-46.47084100180202,-37.1864775247044,48
hybrid_continuous_h5,continuous_h5,training_effect,5,15,position_mse,0.00012840722923910004,0.0001188493308695292,0.0001377755183139268,48
hybrid_continuous_h5,continuous_h5,training_effect,5,15,velocity_mse,0.0001356127474233896,5.912866222893678e-05,0.00021000428861649801,48
hybrid_continuous_h5,continuous_h5,training_effect,5,15,carrier_mse,9.257869957461178e-05,8.73637747998954e-05,9.803354426417678e-05,48
hybrid_continuous_h5,continuous_h5,training_effect,5,30,position_mse,0.00035943635773744766,0.00033374169721709116,0.0003847760475436088,48
hybrid_continuous_h5,continuous_h5,training_effect,5,30,velocity_mse,0.0009575304009356638,0.0007217528429666547,0.0011894707415598938,48
hybrid_continuous_h5,continuous_h5,training_effect,5,30,carrier_mse,0.0003973150511834926,0.00037478818345941056,0.0004188588851825949,48
hybrid_continuous_h5,continuous_h5,training_effect,5,60,position_mse,0.000734617839851934,0.0006489565885607994,0.0008166868070475173,48
hybrid_continuous_h5,continuous_h5,training_effect,5,60,velocity_mse,0.0030189893805072643,0.002421707605632643,0.003629837106745981,48
hybrid_continuous_h5,continuous_h5,training_effect,5,60,carrier_mse,0.0014104693174077614,0.0013464972117112162,0.001477105074769093,48
hybrid_continuous_h5,continuous_h5,training_effect,5,120,position_mse,0.0020409593352168384,0.0014747061124782905,0.002540576389744981,48
hybrid_continuous_h5,continuous_h5,training_effect,5,120,velocity_mse,0.005823939411331796,0.00468644126930384,0.0069947646820057545,48
hybrid_continuous_h5,continuous_h5,training_effect,5,120,carrier_mse,0.005795072043030006,0.005429938314450232,0.006174576475880005,48
hybrid_continuous_h15,continuous_h15,training_effect,15,15,position_mse,-1.6215955633293157e-05,-2.0202889820729473e-05,-1.2299674615690039e-05,48
hybrid_continuous_h15,continuous_h15,training_effect,15,15,velocity_mse,0.00037871030253376777,0.0002558962366859103,0.000508169429598916,48
hybrid_continuous_h15,continuous_h15,training_effect,15,15,carrier_mse,2.246171738483503e-06,-4.185782770744279e-06,8.707997721065411e-06,48
hybrid_continuous_h15,continuous_h15,training_effect,15,30,position_mse,-2.238186770379495e-05,-3.076372174588313e-05,-1.4048432347458909e-05,48
hybrid_continuous_h15,continuous_h15,training_effect,15,30,velocity_mse,0.0005954852252519535,0.0005044720038313243,0.0006913175235947873,48
hybrid_continuous_h15,continuous_h15,training_effect,15,30,carrier_mse,1.4128728909983894e-05,9.551644766108641e-06,1.8775746995440075e-05,48
hybrid_continuous_h15,continuous_h15,training_effect,15,60,position_mse,-4.194840009101123e-05,-5.263863836893911e-05,-3.1127251480079906e-05,48
hybrid_continuous_h15,continuous_h15,training_effect,15,60,velocity_mse,0.0004998370374475295,9.710587184801827e-05,0.0009091576109413935,48
hybrid_continuous_h15,continuous_h15,training_effect,15,60,carrier_mse,-5.688509595024193e-06,-2.7452593531052117e-05,1.628693578620893e-05,48
hybrid_continuous_h15,continuous_h15,training_effect,15,120,position_mse,-0.00014022806600324757,-0.00018424399086648514,-0.00010021652250947634,48
hybrid_continuous_h15,continuous_h15,training_effect,15,120,velocity_mse,-0.0004407663016334279,-0.0008836681894182321,-2.7611892735674536e-05,48
hybrid_continuous_h15,continuous_h15,training_effect,15,120,carrier_mse,-4.0583087765197786e-05,-7.087622562822718e-05,-1.0642854815361926e-05,48
hybrid_micro_h1,hybrid_continuous_h1,symbolic_execution,1,15,position_mse,-0.0041610500953134354,-0.004572467286521311,-0.0037630334379274346,48
hybrid_micro_h1,hybrid_continuous_h1,symbolic_execution,1,15,velocity_mse,-0.002253030829403239,-0.0030248051346764746,-0.0015337811670987217,48
hybrid_micro_h1,hybrid_continuous_h1,symbolic_execution,1,15,carrier_mse,-0.0023693278425424877,-0.0025636499254889917,-0.0021860936722886337,48
hybrid_micro_h1,hybrid_continuous_h1,symbolic_execution,1,30,position_mse,-0.03872207132452685,-0.0410633781695247,-0.036358413845462366,48
hybrid_micro_h1,hybrid_continuous_h1,symbolic_execution,1,30,velocity_mse,-0.017198146573112656,-0.019761650891612387,-0.014737443511128531,48
hybrid_micro_h1,hybrid_continuous_h1,symbolic_execution,1,30,carrier_mse,-0.021104109454123925,-0.022181483947820702,-0.01993254637248659,48
hybrid_micro_h1,hybrid_continuous_h1,symbolic_execution,1,60,position_mse,-0.16979861228416362,-0.2492581628314737,-0.08820602005451092,48
hybrid_micro_h1,hybrid_continuous_h1,symbolic_execution,1,60,velocity_mse,-0.20949284170961216,-0.2777071754008325,-0.1462887272995431,48
hybrid_micro_h1,hybrid_continuous_h1,symbolic_execution,1,60,carrier_mse,-0.27503373463534647,-0.3130088901121376,-0.23798089676743583,48
hybrid_micro_h1,hybrid_continuous_h1,symbolic_execution,1,120,position_mse,20.719832526312935,1.8540329780843519,38.95784994297557,48
hybrid_micro_h1,hybrid_continuous_h1,symbolic_execution,1,120,velocity_mse,62.56336839993795,48.42561228076617,77.36373954084183,48
hybrid_micro_h1,hybrid_continuous_h1,symbolic_execution,1,120,carrier_mse,74.67602083418105,65.07729063828785,84.2096604069074,48
hybrid_micro_h5,hybrid_continuous_h5,symbolic_execution,5,15,position_mse,-0.00019601659881926837,-0.0002317116077676929,-0.00016256008288072126,48
hybrid_micro_h5,hybrid_continuous_h5,symbolic_execution,5,15,velocity_mse,-0.0005710135699498804,-0.0008232695562734685,-0.00028884770190416024,48
hybrid_micro_h5,hybrid_continuous_h5,symbolic_execution,5,15,carrier_mse,-0.00018121361649213618,-0.00019641028097541698,-0.00016525840194642823,48
hybrid_micro_h5,hybrid_continuous_h5,symbolic_execution,5,30,position_mse,-0.00031851953291253367,-0.0003933108132110242,-0.0002473630378744929,48
hybrid_micro_h5,hybrid_continuous_h5,symbolic_execution,5,30,velocity_mse,-0.0003919685518162118,-0.0005507062636752381,-0.0002127933724801147,48
hybrid_micro_h5,hybrid_continuous_h5,symbolic_execution,5,30,carrier_mse,-0.00019802925130029002,-0.00022499840103288685,-0.0001716658287781077,48
hybrid_micro_h5,hybrid_continuous_h5,symbolic_execution,5,60,position_mse,-0.00206295136821508,-0.002298727756816435,-0.0018317313134401858,48
hybrid_micro_h5,hybrid_continuous_h5,symbolic_execution,5,60,velocity_mse,-0.0014759984139042597,-0.0016974602071261162,-0.0012536510885588037,48
hybrid_micro_h5,hybrid_continuous_h5,symbolic_execution,5,60,carrier_mse,-0.0010235861538805894,-0.0011064527607636087,-0.0009503393916626616,48
hybrid_micro_h5,hybrid_continuous_h5,symbolic_execution,5,120,position_mse,-0.018842738170254354,-0.019775161757570457,-0.0179832931086518,48
hybrid_micro_h5,hybrid_continuous_h5,symbolic_execution,5,120,velocity_mse,-0.0077483261411543936,-0.008875041579408893,-0.006731579833487759,48
hybrid_micro_h5,hybrid_continuous_h5,symbolic_execution,5,120,carrier_mse,-0.008455264204207601,-0.008957896819548398,-0.00796679379879303,48
hybrid_micro_h15,hybrid_continuous_h15,symbolic_execution,15,15,position_mse,-0.0025010638636615568,-0.00275469309741791,-0.0022610781864174437,48
hybrid_micro_h15,hybrid_continuous_h15,symbolic_execution,15,15,velocity_mse,-0.006079377076073595,-0.007185888723865395,-0.004999079810666747,48
hybrid_micro_h15,hybrid_continuous_h15,symbolic_execution,15,15,carrier_mse,-0.002467910098516768,-0.0026570409300388878,-0.0022843911568590633,48
hybrid_micro_h15,hybrid_continuous_h15,symbolic_execution,15,30,position_mse,-0.00022077873001712252,-0.00026017357597475486,-0.00018474803085047773,48
hybrid_micro_h15,hybrid_continuous_h15,symbolic_execution,15,30,velocity_mse,0.0029496699308866584,0.0023189650672874353,0.00357654934818533,48
hybrid_micro_h15,hybrid_continuous_h15,symbolic_execution,15,30,carrier_mse,-4.036764676129678e-05,-9.994229603257229e-05,1.647936855230606e-05,48
hybrid_micro_h15,hybrid_continuous_h15,symbolic_execution,15,60,position_mse,-0.00022188754701346625,-0.0002613472138313632,-0.0001831755804447413,48
hybrid_micro_h15,hybrid_continuous_h15,symbolic_execution,15,60,velocity_mse,0.0026013265127807646,0.0021443270294589133,0.003044274641747001,48
hybrid_micro_h15,hybrid_continuous_h15,symbolic_execution,15,60,carrier_mse,1.4711305185402257e-06,-3.539489314587424e-05,3.611297899321167e-05,48
hybrid_micro_h15,hybrid_continuous_h15,symbolic_execution,15,120,position_mse,-0.0007143222543769904,-0.0008408873061701645,-0.0005894161157963632,48
hybrid_micro_h15,hybrid_continuous_h15,symbolic_execution,15,120,velocity_mse,-0.0004962813844839629,-0.0007383043893949232,-0.00025860059367409523,48
hybrid_micro_h15,hybrid_continuous_h15,symbolic_execution,15,120,carrier_mse,-0.00037537956046031066,-0.00042468735960533697,-0.0003301635118987179,48

kind,horizon,endpoint_frames,stratum,mean_difference,interval_low,interval_high,paired_units
symbolic_execution_regime,1,15,active,-0.0037036304894302575,-0.004188043963042133,-0.0032424772359497312,35
symbolic_execution_regime,1,15,still,-0.0053925644188450705,-0.005497868428191838,-0.005280695864423296,13
symbolic_execution_regime,1,30,active,-0.04264988236661468,-0.044589261049626475,-0.04054268912345703,35
symbolic_execution_regime,1,30,still,-0.028147195441982686,-0.029592221701899783,-0.027286590546823277,13
symbolic_execution_regime,1,60,active,-0.3094702668133236,-0.36390980155340263,-0.25211689454104214,35
symbolic_execution_regime,1,60,still,0.20624045760203633,0.08554017465466109,0.2830194847323955,13
symbolic_execution_regime,1,120,active,54.79960101899647,43.66401700337729,65.8846816044762,35
symbolic_execution_regime,1,120,still,-71.03339033860426,-86.00650751407332,-46.4785218801254,13
symbolic_execution_regime,5,15,active,-0.00016856538800528228,-0.00021235817934818135,-0.00012896260052955422,35
symbolic_execution_regime,5,15,still,-0.00026992370485692303,-0.0003145988811947739,-0.00023656285079479673,13
symbolic_execution_regime,5,30,active,-0.0002225204641165744,-0.00030401750168017485,-0.00014975422626732675,35
symbolic_execution_regime,5,30,still,-0.0005769785642862702,-0.0006309299022504068,-0.0005322014735354922,13
symbolic_execution_regime,5,60,active,-0.0017736586620144188,-0.0020412415521319153,-0.0015255349319583426,35
symbolic_execution_regime,5,60,still,-0.0028418163464476284,-0.002954082860154673,-0.002732603425661532,13
symbolic_execution_regime,5,120,active,-0.018575483724652297,-0.019831909677900727,-0.01746624998260467,35
symbolic_execution_regime,5,120,still,-0.019562269369952194,-0.02025714909407095,-0.018770619040020763,13
symbolic_execution_regime,15,15,active,-0.0022932746220855433,-0.0025073313673467405,-0.0020883735490204868,35
symbolic_execution_regime,15,15,still,-0.0030604964371354396,-0.003676037175185999,-0.0024609867647506275,13
symbolic_execution_regime,15,30,active,-0.00021916102171720317,-0.00027164285855958177,-0.00017149388069377723,35
symbolic_execution_regime,15,30,still,-0.0002251340985169055,-0.00026325102250479966,-0.0001993546430989786,13
symbolic_execution_regime,15,60,active,-0.0001789378758985549,-0.0002254956152527094,-0.000136163635621155,35
symbolic_execution_regime,15,60,still,-0.00033752127693822753,-0.00036928716696983877,-0.00031133233938957205,13
symbolic_execution_regime,15,120,active,-0.0005916553230712279,-0.0007437343686580701,-0.0004465431219432504,35
symbolic_execution_regime,15,120,still,-0.0010445793771232741,-0.0011817202385058269,-0.0009228485969241517,13

seed,arm,fit_wall_seconds,steps,optimizer_examples
20260908,continuous,204.5789674250409,9000,576000
20260908,hybrid,308.4307211181149,9000,576000
20260909,continuous,230.43892674311064,9000,576000
20260909,hybrid,510.9067212701775,9000,576000
20260910,continuous,379.65312997996807,9000,576000
20260910,hybrid,306.82336019189097,9000,576000
