template,novelty_level,family,scenario,novelty_type,pig_type,birds,slingshot_side,fit_share_v1,fit_share_v2,force_law,visibility,representation_v2,identifiability,decision_verdict_expectation,v1_status,v1_reasons,v2_status,v2_reasons
novelty_level_0/type010101/Levels/00001_0_1_010101_0_1.xml,0,type010101,single_force,,BasicSmall,1,left,1.0,1.0,,none,v1 slot kinds only,not required,single-shot pig removal possible (BasicSmall life 1),supported,,supported,
novelty_level_0/type010102/Levels/00001_0_1_010102_0_2.xml,0,type010102,multiple_forces,,BasicBig,3,left,1.0,1.0,,none,v1 slot kinds only,not required,degenerate in single-shot capture: BasicBig dies after 3 distinct bird hits (life 1e+08),supported,,supported,
novelty_level_0/type010103/Levels/00001_0_1_010103_0_3.xml,0,type010103,rolling,,BasicSmall,1,left,0.9,1.0,,none,v1 slot kinds only,not required,single-shot pig removal possible (BasicSmall life 1),supported,,supported,
novelty_level_0/type010104/Levels/00001_0_1_010104_0_4.xml,0,type010104,falling,,BasicSmall,1,left,0.0,1.0,,none,v1 slot kinds only,not required,single-shot pig removal possible (BasicSmall life 1),unsupported,slot_outside_v1_vocabulary (authored slots),supported,
novelty_level_0/type010105/Levels/00001_0_1_010105_0_5.xml,0,type010105,sliding,,BasicSmall,1,left,0.845,1.0,,none,v1 slot kinds only,not required,single-shot pig removal possible (BasicSmall life 1),supported,,supported,
novelty_level_0/type010201/Levels/00001_0_1_010201_0_1.xml,0,type010201,single_force,,BasicSmall,1,left,1.0,1.0,,none,v1 slot kinds only,not required,single-shot pig removal possible (BasicSmall life 1),supported,,supported,
novelty_level_0/type010202/Levels/00001_0_1_010202_0_2.xml,0,type010202,multiple_forces,,BasicBig,3,left,1.0,1.0,,none,v1 slot kinds only,not required,degenerate in single-shot capture: BasicBig dies after 3 distinct bird hits (life 1e+08),supported,,supported,
novelty_level_0/type010203/Levels/00001_0_1_010203_0_3.xml,0,type010203,rolling,,BasicMedium,1,left,0.0,1.0,,none,v1 slot kinds only,not required,single-shot pig removal possible (BasicMedium life 1),unsupported,slot_outside_v1_vocabulary (authored slots),supported,
novelty_level_0/type010204/Levels/00001_0_1_010204_0_4.xml,0,type010204,falling,,BasicSmall,1,left,0.7,1.0,,none,v1 slot kinds only,not required,single-shot pig removal possible (BasicSmall life 1),supported,,supported,
novelty_level_0/type010205/Levels/00001_0_1_010205_0_5.xml,0,type010205,sliding,,BasicMedium,1,left,0.635,1.0,,none,v1 slot kinds only,not required,single-shot pig removal possible (BasicMedium life 1),supported,,supported,
novelty_level_0/type010301/Levels/00001_0_1_010301_0_1.xml,0,type010301,single_force,NonNovelAirTurbulence,BasicSmall,1,left,0.0,1.0,region_push,visible_region_hidden_law,"novelty:0000 slot, kind air-turbulence; micro force-on edges + macro external-force-active","region visible, magnitude/sign hidden: probe from motion history",single-shot pig removal possible (BasicSmall life 1),unsupported,slot_outside_v1_vocabulary (authored slots); force_unrepresented,supported,
novelty_level_0/type010302/Levels/00001_0_1_010302_0_2.xml,0,type010302,multiple_forces,NonNovelAirTurbulence,BasicBig,3,left,0.0,1.0,region_push,visible_region_hidden_law,"novelty:0000 slot, kind air-turbulence; micro force-on edges + macro external-force-active","region visible, magnitude/sign hidden: probe from motion history",degenerate in single-shot capture: BasicBig dies after 3 distinct bird hits (life 1e+08),unsupported,slot_outside_v1_vocabulary (authored slots); force_unrepresented,supported,
novelty_level_0/type010303/Levels/00001_0_1_010303_0_3.xml,0,type010303,rolling,NonNovelAirTurbulence,BasicMedium,1,left,0.0,1.0,region_push,visible_region_hidden_law,"novelty:0000 slot, kind air-turbulence; micro force-on edges + macro external-force-active","region visible, magnitude/sign hidden: probe from motion history",single-shot pig removal possible (BasicMedium life 1),unsupported,slot_outside_v1_vocabulary (authored slots); force_unrepresented,supported,
novelty_level_0/type010304/Levels/00001_0_1_010304_0_4.xml,0,type010304,falling,NonNovelAirTurbulence,BasicSmall,1,left,0.0,1.0,region_push,visible_region_hidden_law,"novelty:0000 slot, kind air-turbulence; micro force-on edges + macro external-force-active","region visible, magnitude/sign hidden: probe from motion history",single-shot pig removal possible (BasicSmall life 1),unsupported,slot_outside_v1_vocabulary (authored slots); force_unrepresented,supported,
novelty_level_0/type010305/Levels/00001_0_1_010305_0_5.xml,0,type010305,sliding,NonNovelAirTurbulence,BasicMedium,1,left,0.0,1.0,region_push,visible_region_hidden_law,"novelty:0000 slot, kind air-turbulence; micro force-on edges + macro external-force-active","region visible, magnitude/sign hidden: probe from motion history",single-shot pig removal possible (BasicMedium life 1),unsupported,slot_outside_v1_vocabulary (authored slots); force_unrepresented,supported,
novelty_level_0/type010401/Levels/00001_0_1_010401_0_1.xml,0,type010401,single_force,,BasicSmall,1,left,0.895,1.0,,none,v1 slot kinds only,not required,single-shot pig removal possible (BasicSmall life 1),supported,,supported,
novelty_level_0/type010402/Levels/00001_0_1_010402_0_2.xml,0,type010402,multiple_forces,,BasicBig,3,left,0.885,1.0,,none,v1 slot kinds only,not required,degenerate in single-shot capture: BasicBig dies after 3 distinct bird hits (life 1e+08),supported,,supported,
novelty_level_0/type010403/Levels/00001_0_1_010403_0_3.xml,0,type010403,rolling,,BasicSmall,1,left,0.0,1.0,,none,v1 slot kinds only,not required,single-shot pig removal possible (BasicSmall life 1),unsupported,slot_outside_v1_vocabulary (authored slots),supported,
novelty_level_0/type010404/Levels/00001_0_1_010404_0_4.xml,0,type010404,falling,,BasicSmall,1,left,0.0,1.0,,none,v1 slot kinds only,not required,single-shot pig removal possible (BasicSmall life 1),unsupported,slot_outside_v1_vocabulary (authored slots),supported,
novelty_level_0/type010405/Levels/00001_0_1_010405_0_5.xml,0,type010405,sliding,,BasicMedium,1,left,0.305,1.0,,none,v1 slot kinds only,not required,single-shot pig removal possible (BasicMedium life 1),supported,,supported,
novelty_level_0/type010501/Levels/00001_0_1_010501_0_1.xml,0,type010501,single_force,,BasicSmall,1,left,1.0,1.0,,none,v1 slot kinds only,not required,single-shot pig removal possible (BasicSmall life 1),supported,,supported,
novelty_level_0/type010502/Levels/00001_0_1_010502_0_2.xml,0,type010502,multiple_forces,,BasicBig,3,left,1.0,1.0,,none,v1 slot kinds only,not required,degenerate in single-shot capture: BasicBig dies after 3 distinct bird hits (life 1e+08),supported,,supported,
novelty_level_0/type010503/Levels/00001_0_1_010503_0_3.xml,0,type010503,rolling,,BasicSmall,1,left,0.84,1.0,,none,v1 slot kinds only,not required,single-shot pig removal possible (BasicSmall life 1),supported,,supported,
novelty_level_0/type010504/Levels/00001_0_1_010504_0_4.xml,0,type010504,falling,,BasicSmall,1,left,0.85,1.0,,none,v1 slot kinds only,not required,single-shot pig removal possible (BasicSmall life 1),supported,,supported,
novelty_level_0/type010505/Levels/00001_0_1_010505_0_5.xml,0,type010505,sliding,,BasicSmall,1,left,0.845,1.0,,none,v1 slot kinds only,not required,single-shot pig removal possible (BasicSmall life 1),supported,,supported,
novelty_level_0/type010601/Levels/00001_0_1_010601_0_1.xml,0,type010601,single_force,,BasicSmall,1,left,1.0,1.0,,none,v1 slot kinds only,not required,single-shot pig removal possible (BasicSmall life 1),supported,,supported,
novelty_level_0/type010602/Levels/00001_0_1_010602_0_2.xml,0,type010602,multiple_forces,,BasicBig,3,left,1.0,1.0,,none,v1 slot kinds only,not required,degenerate in single-shot capture: BasicBig dies after 3 distinct bird hits (life 1e+08),supported,,supported,
novelty_level_0/type010603/Levels/00001_0_1_010603_0_3.xml,0,type010603,rolling,,BasicMedium,1,left,0.0,1.0,,none,v1 slot kinds only,not required,single-shot pig removal possible (BasicMedium life 1),unsupported,slot_outside_v1_vocabulary (authored slots),supported,
novelty_level_0/type010604/Levels/00001_0_1_010604_0_4.xml,0,type010604,falling,,BasicSmall,1,left,0.535,1.0,,none,v1 slot kinds only,not required,single-shot pig removal possible (BasicSmall life 1),supported,,supported,
novelty_level_0/type010605/Levels/00001_0_1_010605_0_5.xml,0,type010605,sliding,,BasicMedium,1,left,0.56,1.0,,none,v1 slot kinds only,not required,single-shot pig removal possible (BasicMedium life 1),supported,,supported,
novelty_level_0/type010701/Levels/00001_0_1_010701_0_1.xml,0,type010701,single_force,NonNovelAirTurbulence,BasicSmall,1,left,0.0,1.0,region_push,visible_region_hidden_law,"novelty:0000 slot, kind air-turbulence; micro force-on edges + macro external-force-active","region visible, magnitude/sign hidden: probe from motion history",single-shot pig removal possible (BasicSmall life 1),unsupported,slot_outside_v1_vocabulary (authored slots); force_unrepresented,supported,
novelty_level_0/type010702/Levels/00001_0_1_010702_0_2.xml,0,type010702,multiple_forces,NonNovelAirTurbulence,BasicBig,3,left,0.0,1.0,region_push,visible_region_hidden_law,"novelty:0000 slot, kind air-turbulence; micro force-on edges + macro external-force-active","region visible, magnitude/sign hidden: probe from motion history",degenerate in single-shot capture: BasicBig dies after 3 distinct bird hits (life 1e+08),unsupported,slot_outside_v1_vocabulary (authored slots); force_unrepresented,supported,
novelty_level_0/type010703/Levels/00001_0_1_010703_0_3.xml,0,type010703,rolling,NonNovelAirTurbulence,BasicMedium,1,left,0.0,1.0,region_push,visible_region_hidden_law,"novelty:0000 slot, kind air-turbulence; micro force-on edges + macro external-force-active","region visible, magnitude/sign hidden: probe from motion history",single-shot pig removal possible (BasicMedium life 1),unsupported,slot_outside_v1_vocabulary (authored slots); force_unrepresented,supported,
novelty_level_0/type010704/Levels/00001_0_1_010704_0_4.xml,0,type010704,falling,NonNovelAirTurbulence,BasicMedium,1,left,0.0,1.0,region_push,visible_region_hidden_law,"novelty:0000 slot, kind air-turbulence; micro force-on edges + macro external-force-active","region visible, magnitude/sign hidden: probe from motion history",single-shot pig removal possible (BasicMedium life 1),unsupported,slot_outside_v1_vocabulary (authored slots); force_unrepresented,supported,
novelty_level_0/type010705/Levels/00001_0_1_010705_0_5.xml,0,type010705,sliding,NonNovelAirTurbulence,BasicSmall,1,left,0.0,1.0,region_push,visible_region_hidden_law,"novelty:0000 slot, kind air-turbulence; micro force-on edges + macro external-force-active","region visible, magnitude/sign hidden: probe from motion history",single-shot pig removal possible (BasicSmall life 1),unsupported,slot_outside_v1_vocabulary (authored slots); force_unrepresented,supported,
novelty_level_0/type010801/Levels/00001_0_1_010801_0_1.xml,0,type010801,single_force,,BasicSmall,1,left,1.0,1.0,,none,v1 slot kinds only,not required,single-shot pig removal possible (BasicSmall life 1),supported,,supported,
novelty_level_0/type010802/Levels/00001_0_1_010802_0_2.xml,0,type010802,multiple_forces,,BasicBig,3,left,1.0,1.0,,none,v1 slot kinds only,not required,degenerate in single-shot capture: BasicBig dies after 3 distinct bird hits (life 1e+08),supported,,supported,
novelty_level_0/type010803/Levels/00001_0_1_010803_0_3.xml,0,type010803,rolling,,BasicMedium,1,left,0.9,1.0,,none,v1 slot kinds only,not required,single-shot pig removal possible (BasicMedium life 1),supported,,supported,
novelty_level_0/type010804/Levels/00001_0_1_010804_0_4.xml,0,type010804,falling,,BasicMedium,1,left,0.88,1.0,,none,v1 slot kinds only,not required,single-shot pig removal possible (BasicMedium life 1),supported,,supported,
novelty_level_0/type010805/Levels/00001_0_1_010805_0_5.xml,0,type010805,sliding,,BasicMedium,1,left,0.87,1.0,,none,v1 slot kinds only,not required,single-shot pig removal possible (BasicMedium life 1),supported,,supported,
novelty_level_1/type010101/Levels/00001_0_1_010101_1_1.xml,1,type010101,single_force,,PinkPig,1,left,1.0,1.0,,visible_appearance,pig:0000 appearance shift (same kind),not required (no force),single-shot pig removal possible (PinkPig life 1),supported,,supported,
novelty_level_1/type010102/Levels/00001_0_1_010102_1_2.xml,1,type010102,multiple_forces,,PinkBigPig,3,left,1.0,1.0,,visible_appearance,pig:0000 appearance shift (same kind),not required (no force),degenerate in single-shot capture: PinkBigPig dies after 3 distinct bird hits (life 10000),supported,,supported,
novelty_level_1/type010103/Levels/00001_0_1_010103_1_3.xml,1,type010103,rolling,PinkCircle,BasicSmall,1,left,0.0,1.0,,visible_appearance,"novelty:0000 slot, kind block",not required (no force),single-shot pig removal possible (BasicSmall life 1),unsupported,slot_outside_v1_vocabulary (authored slots),supported,
novelty_level_1/type010104/Levels/00001_0_1_010104_1_4.xml,1,type010104,falling,PinkCircle,BasicSmall,1,left,0.0,1.0,,visible_appearance,"novelty:0000 slot, kind block",not required (no force),single-shot pig removal possible (BasicSmall life 1),unsupported,slot_outside_v1_vocabulary (authored slots),supported,
novelty_level_1/type010105/Levels/00001_0_1_010105_1_5.xml,1,type010105,sliding,PinkRectFat,BasicSmall,1,left,0.0,1.0,,visible_appearance,"novelty:0000 slot, kind block",not required (no force),single-shot pig removal possible (BasicSmall life 1),unsupported,slot_outside_v1_vocabulary (authored slots),supported,
novelty_level_2/type010201/Levels/00001_0_1_010201_2_1.xml,2,type010201,single_force,Fan,BasicSmall,1,left,0.0,1.0,bird_zone_push,visible_entity,"novelty:0000 slot, kind fan; micro force-on edges + macro external-force-active",source visible; force-on edges probed post-capture,single-shot pig removal possible (BasicSmall life 1),unsupported,slot_outside_v1_vocabulary (authored slots); force_unrepresented,supported,
novelty_level_2/type010202/Levels/00001_0_1_010202_2_2.xml,2,type010202,multiple_forces,Fan,BasicBig,3,left,0.0,1.0,bird_zone_push,visible_entity,"novelty:0000 slot, kind fan; micro force-on edges + macro external-force-active",source visible; force-on edges probed post-capture,degenerate in single-shot capture: BasicBig dies after 3 distinct bird hits (life 1e+08),unsupported,slot_outside_v1_vocabulary (authored slots); force_unrepresented,supported,
novelty_level_2/type010203/Levels/00001_0_1_010203_2_3.xml,2,type010203,rolling,Fan,BasicMedium,1,left,0.0,1.0,bird_zone_push,visible_entity,"novelty:0000 slot, kind fan; micro force-on edges + macro external-force-active",source visible; force-on edges probed post-capture,single-shot pig removal possible (BasicMedium life 1),unsupported,slot_outside_v1_vocabulary (authored slots); force_unrepresented,supported,
novelty_level_2/type010204/Levels/00001_0_1_010204_2_4.xml,2,type010204,falling,Fan,BasicSmall,1,left,0.0,1.0,bird_zone_push,visible_entity,"novelty:0000 slot, kind fan; micro force-on edges + macro external-force-active",source visible; force-on edges probed post-capture,single-shot pig removal possible (BasicSmall life 1),unsupported,slot_outside_v1_vocabulary (authored slots); force_unrepresented,supported,
novelty_level_2/type010205/Levels/00001_0_1_010205_2_5.xml,2,type010205,sliding,Fan,BasicMedium,1,left,0.0,1.0,bird_zone_push,visible_entity,"novelty:0000 slot, kind fan; micro force-on edges + macro external-force-active",source visible; force-on edges probed post-capture,single-shot pig removal possible (BasicMedium life 1),unsupported,slot_outside_v1_vocabulary (authored slots); force_unrepresented,supported,
novelty_level_3/type010301/Levels/00001_0_1_010301_3_1.xml,3,type010301,single_force,NovelAirTurbulence,BasicSmall,1,left,0.0,1.0,region_push,visible_region_hidden_law,"novelty:0000 slot, kind air-turbulence; micro force-on edges + macro external-force-active","region visible, magnitude/sign hidden: probe from motion history",single-shot pig removal possible (BasicSmall life 1),unsupported,slot_outside_v1_vocabulary (authored slots); force_unrepresented,supported,
novelty_level_3/type010302/Levels/00001_0_1_010302_3_2.xml,3,type010302,multiple_forces,NovelAirTurbulence,BasicBigFourShots,4,left,0.0,1.0,region_push,visible_region_hidden_law,"novelty:0000 slot, kind air-turbulence; micro force-on edges + macro external-force-active","region visible, magnitude/sign hidden: probe from motion history",degenerate in single-shot capture: BasicBigFourShots dies after 4 distinct bird hits (life 10000),unsupported,slot_outside_v1_vocabulary (authored slots); force_unrepresented,supported,
novelty_level_3/type010303/Levels/00001_0_1_010303_3_3.xml,3,type010303,rolling,NovelAirTurbulence,BasicMedium,1,left,0.0,1.0,region_push,visible_region_hidden_law,"novelty:0000 slot, kind air-turbulence; micro force-on edges + macro external-force-active","region visible, magnitude/sign hidden: probe from motion history",single-shot pig removal possible (BasicMedium life 1),unsupported,slot_outside_v1_vocabulary (authored slots); force_unrepresented,supported,
novelty_level_3/type010304/Levels/00001_0_1_010304_3_4.xml,3,type010304,falling,NovelAirTurbulence,BasicSmall,1,left,0.0,1.0,region_push,visible_region_hidden_law,"novelty:0000 slot, kind air-turbulence; micro force-on edges + macro external-force-active","region visible, magnitude/sign hidden: probe from motion history",single-shot pig removal possible (BasicSmall life 1),unsupported,slot_outside_v1_vocabulary (authored slots); force_unrepresented,supported,
novelty_level_3/type010305/Levels/00001_0_1_010305_3_5.xml,3,type010305,sliding,NovelAirTurbulence,BasicMedium,1,left,0.0,1.0,region_push,visible_region_hidden_law,"novelty:0000 slot, kind air-turbulence; micro force-on edges + macro external-force-active","region visible, magnitude/sign hidden: probe from motion history",single-shot pig removal possible (BasicMedium life 1),unsupported,slot_outside_v1_vocabulary (authored slots); force_unrepresented,supported,
novelty_level_4/type010401/Levels/00001_0_1_010401_4_1.xml,4,type010401,single_force,Magnet,BasicSmall,1,left,0.0,1.0,radial_linear,hidden_law_normal_appearance,"novelty:0000 slot, kind block; micro force-on edges + macro external-force-active",source looks like a normal wood circle: probe from motion history,single-shot pig removal possible (BasicSmall life 1),unsupported,slot_outside_v1_vocabulary (authored slots); force_unrepresented,supported,
novelty_level_4/type010402/Levels/00001_0_1_010402_4_2.xml,4,type010402,multiple_forces,Magnet,BasicBigTwoShots,2,left,0.0,1.0,radial_linear,hidden_law_normal_appearance,"novelty:0000 slot, kind block; micro force-on edges + macro external-force-active",source looks like a normal wood circle: probe from motion history,degenerate in single-shot capture: BasicBigTwoShots dies after 2 distinct bird hits (life 10000),unsupported,slot_outside_v1_vocabulary (authored slots); force_unrepresented,supported,
novelty_level_4/type010403/Levels/00001_0_1_010403_4_3.xml,4,type010403,rolling,Magnet,BasicSmall,1,left,0.0,1.0,radial_linear,hidden_law_normal_appearance,"novelty:0000 slot, kind block; micro force-on edges + macro external-force-active",source looks like a normal wood circle: probe from motion history,single-shot pig removal possible (BasicSmall life 1),unsupported,slot_outside_v1_vocabulary (authored slots); force_unrepresented,supported,
novelty_level_4/type010404/Levels/00001_0_1_010404_4_4.xml,4,type010404,falling,Magnet,BasicSmall,1,left,0.0,1.0,radial_linear,hidden_law_normal_appearance,"novelty:0000 slot, kind block; micro force-on edges + macro external-force-active",source looks like a normal wood circle: probe from motion history,single-shot pig removal possible (BasicSmall life 1),unsupported,slot_outside_v1_vocabulary (authored slots); force_unrepresented,supported,
novelty_level_4/type010405/Levels/00001_0_1_010405_4_5.xml,4,type010405,sliding,Magnet,BasicMedium,1,left,0.0,1.0,radial_linear,hidden_law_normal_appearance,"novelty:0000 slot, kind block; micro force-on edges + macro external-force-active",source looks like a normal wood circle: probe from motion history,single-shot pig removal possible (BasicMedium life 1),unsupported,slot_outside_v1_vocabulary (authored slots); force_unrepresented,supported,
novelty_level_5/type010501/Levels/00001_0_1_010501_5_1.xml,5,type010501,single_force,,BasicSmall,1,right,1.0,1.0,,none,mirrored action inventory,not required,single-shot pig removal possible (BasicSmall life 1),unsupported,left_pull_only_action_contract,supported,
novelty_level_5/type010502/Levels/00001_0_1_010502_5_2.xml,5,type010502,multiple_forces,,BasicBig,3,right,1.0,1.0,,none,mirrored action inventory,not required,degenerate in single-shot capture: BasicBig dies after 3 distinct bird hits (life 1e+08),unsupported,left_pull_only_action_contract,supported,
novelty_level_5/type010503/Levels/00001_0_1_010503_5_3.xml,5,type010503,rolling,,BasicSmall,1,right,0.815,1.0,,none,mirrored action inventory,not required,single-shot pig removal possible (BasicSmall life 1),unsupported,left_pull_only_action_contract,supported,
novelty_level_5/type010504/Levels/00001_0_1_010504_5_4.xml,5,type010504,falling,,BasicSmall,1,right,0.865,1.0,,none,mirrored action inventory,not required,single-shot pig removal possible (BasicSmall life 1),unsupported,left_pull_only_action_contract,supported,
novelty_level_5/type010505/Levels/00001_0_1_010505_5_5.xml,5,type010505,sliding,,BasicSmall,1,right,0.875,1.0,,none,mirrored action inventory,not required,single-shot pig removal possible (BasicSmall life 1),unsupported,left_pull_only_action_contract,supported,
novelty_level_6/type010601/Levels/00001_0_1_010601_6_1.xml,6,type010601,single_force,InverseGravity,BasicSmall,1,left,0.0,1.0,global_gravity,invisible_global,"novelty:0000 slot declared, never visible; scene state gravity_y",gravity sign from configuration and motion history: probe,single-shot pig removal possible (BasicSmall life 1),unsupported,slot_outside_v1_vocabulary (authored slots); force_unrepresented,supported,
novelty_level_6/type010602/Levels/00001_0_1_010602_6_2.xml,6,type010602,multiple_forces,InverseGravity,BasicBig,3,left,0.0,1.0,global_gravity,invisible_global,"novelty:0000 slot declared, never visible; scene state gravity_y",gravity sign from configuration and motion history: probe,degenerate in single-shot capture: BasicBig dies after 3 distinct bird hits (life 1e+08),unsupported,slot_outside_v1_vocabulary (authored slots); force_unrepresented,supported,
novelty_level_6/type010603/Levels/00001_0_1_010603_6_3.xml,6,type010603,rolling,InverseGravity,BasicMedium,1,left,0.0,1.0,global_gravity,invisible_global,"novelty:0000 slot declared, never visible; scene state gravity_y",gravity sign from configuration and motion history: probe,single-shot pig removal possible (BasicMedium life 1),unsupported,slot_outside_v1_vocabulary (authored slots); force_unrepresented,supported,
novelty_level_6/type010604/Levels/00001_0_1_010604_6_4.xml,6,type010604,falling,InverseGravity,BasicSmall,1,left,0.0,1.0,global_gravity,invisible_global,"novelty:0000 slot declared, never visible; scene state gravity_y",gravity sign from configuration and motion history: probe,single-shot pig removal possible (BasicSmall life 1),unsupported,slot_outside_v1_vocabulary (authored slots); force_unrepresented,supported,
novelty_level_6/type010605/Levels/00001_0_1_010605_6_5.xml,6,type010605,sliding,InverseGravity,BasicMedium,1,left,0.0,1.0,global_gravity,invisible_global,"novelty:0000 slot declared, never visible; scene state gravity_y",gravity sign from configuration and motion history: probe,single-shot pig removal possible (BasicMedium life 1),unsupported,slot_outside_v1_vocabulary (authored slots); force_unrepresented,supported,
novelty_level_7/type010701/Levels/00001_0_1_010701_7_1.xml,7,type010701,single_force,InverseAirTurbulence,BasicSmall,1,left,0.0,1.0,region_push,visible_region_hidden_law,"novelty:0000 slot, kind air-turbulence; micro force-on edges + macro external-force-active","region visible, magnitude/sign hidden: probe from motion history",single-shot pig removal possible (BasicSmall life 1),unsupported,slot_outside_v1_vocabulary (authored slots); force_unrepresented; objective_undeclared,supported,
novelty_level_7/type010702/Levels/00001_0_1_010702_7_2.xml,7,type010702,multiple_forces,InverseAirTurbulence,BasicBigTwoShots,2,left,0.0,1.0,region_push,visible_region_hidden_law,"novelty:0000 slot, kind air-turbulence; micro force-on edges + macro external-force-active","region visible, magnitude/sign hidden: probe from motion history",degenerate in single-shot capture: BasicBigTwoShots dies after 2 distinct bird hits (life 10000),unsupported,slot_outside_v1_vocabulary (authored slots); force_unrepresented; objective_undeclared,supported,
novelty_level_7/type010703/Levels/00001_0_1_010703_7_3.xml,7,type010703,rolling,InverseAirTurbulence,BasicMedium,1,left,0.0,1.0,region_push,visible_region_hidden_law,"novelty:0000 slot, kind air-turbulence; micro force-on edges + macro external-force-active","region visible, magnitude/sign hidden: probe from motion history",single-shot pig removal possible (BasicMedium life 1),unsupported,slot_outside_v1_vocabulary (authored slots); force_unrepresented; objective_undeclared,supported,
novelty_level_7/type010704/Levels/00001_0_1_010704_7_4.xml,7,type010704,falling,InverseAirTurbulence,BasicMedium,1,left,0.0,1.0,region_push,visible_region_hidden_law,"novelty:0000 slot, kind air-turbulence; micro force-on edges + macro external-force-active","region visible, magnitude/sign hidden: probe from motion history",single-shot pig removal possible (BasicMedium life 1),unsupported,slot_outside_v1_vocabulary (authored slots); force_unrepresented; objective_undeclared,supported,
novelty_level_7/type010705/Levels/00001_0_1_010705_7_5.xml,7,type010705,sliding,InverseAirTurbulence,BasicSmall,1,left,0.0,1.0,region_push,visible_region_hidden_law,"novelty:0000 slot, kind air-turbulence; micro force-on edges + macro external-force-active","region visible, magnitude/sign hidden: probe from motion history",single-shot pig removal possible (BasicSmall life 1),unsupported,slot_outside_v1_vocabulary (authored slots); force_unrepresented; objective_undeclared,supported,
novelty_level_8/type010801/Levels/00001_0_1_010801_8_1.xml,8,type010801,single_force,Storm,BasicSmall,2,left,0.0,1.0,event_wind,invisible_trigger_visible_after_onset,"novelty:0000 slot declared, never visible; micro force-on edges + macro external-force-active; scene state storm_active",onset hidden until the overlay appears: probe,single-shot pig removal possible (BasicSmall life 1),unsupported,slot_outside_v1_vocabulary (authored slots); force_unrepresented,supported,
novelty_level_8/type010802/Levels/00001_0_1_010802_8_2.xml,8,type010802,multiple_forces,Storm,BasicBig,4,left,0.0,1.0,event_wind,invisible_trigger_visible_after_onset,"novelty:0000 slot declared, never visible; micro force-on edges + macro external-force-active; scene state storm_active",onset hidden until the overlay appears: probe,degenerate in single-shot capture: BasicBig dies after 3 distinct bird hits (life 1e+08),unsupported,slot_outside_v1_vocabulary (authored slots); force_unrepresented,supported,
novelty_level_8/type010803/Levels/00001_0_1_010803_8_3.xml,8,type010803,rolling,Storm,BasicMedium,2,left,0.0,1.0,event_wind,invisible_trigger_visible_after_onset,"novelty:0000 slot declared, never visible; micro force-on edges + macro external-force-active; scene state storm_active",onset hidden until the overlay appears: probe,single-shot pig removal possible (BasicMedium life 1),unsupported,slot_outside_v1_vocabulary (authored slots); force_unrepresented,supported,
novelty_level_8/type010804/Levels/00001_0_1_010804_8_4.xml,8,type010804,falling,Storm,BasicMedium,2,left,0.0,1.0,event_wind,invisible_trigger_visible_after_onset,"novelty:0000 slot declared, never visible; micro force-on edges + macro external-force-active; scene state storm_active",onset hidden until the overlay appears: probe,single-shot pig removal possible (BasicMedium life 1),unsupported,slot_outside_v1_vocabulary (authored slots); force_unrepresented,supported,
novelty_level_8/type010805/Levels/00001_0_1_010805_8_5.xml,8,type010805,sliding,Storm,BasicMedium,2,left,0.0,1.0,event_wind,invisible_trigger_visible_after_onset,"novelty:0000 slot declared, never visible; micro force-on edges + macro external-force-active; scene state storm_active",onset hidden until the overlay appears: probe,single-shot pig removal possible (BasicMedium life 1),unsupported,slot_outside_v1_vocabulary (authored slots); force_unrepresented,supported,
