oracle_per_state,family,candidates,executed,typed_failures,successes,successful_ordinals,ceiling_indicator
issue-77-n1-001-a00,type010103,12,8,4,1,6,1
issue-77-n1-001-a07,type010103,12,12,0,1,6,1
issue-77-n1-003-a00,type010103,9,9,0,0,none,0
issue-77-n1-003-a10,type010103,9,7,2,0,none,0
issue-77-n1-004-a07,type010103,9,5,4,0,none,0
issue-77-n1-005-a07,type010103,4,0,4,0,none,
issue-77-n1-006-a05,type010103,13,12,1,1,5,1
issue-77-n1-006-a11,type010103,13,12,1,1,5,1
issue-77-n1-007-a05,type010103,13,11,2,0,none,0
issue-77-n1-007-a12,type010103,13,10,3,0,none,0
issue-77-n1-008-a05,type010103,13,12,1,0,none,0
issue-77-n1-008-a12,type010103,13,13,0,0,none,0
issue-77-n1-009-a00,type010105,13,13,0,0,none,0
issue-77-n1-009-a09,type010105,13,9,4,0,none,0
issue-77-n1-010-a06,type010105,13,9,4,0,none,0
issue-77-n1-011-a02,type010105,13,10,3,1,4,1
issue-77-n1-011-a11,type010105,13,11,2,0,none,0
issue-77-n1-012-a08,type010105,13,13,0,1,4,1
issue-77-n1-013-a04,type010105,13,11,2,0,none,0
issue-77-n1-014-a01,type010105,13,8,5,0,none,0
issue-77-n1-014-a10,type010105,13,7,6,0,none,0
issue-77-n1-015-a06,type010105,13,9,4,0,none,0
issue-77-n1-016-a03,type010105,13,10,3,0,none,0
issue-77-n1-016-a12,type010105,13,13,0,1,3,1

oracle_pooled_prevalence,states,ceiling_states,prevalence,descriptive_95_low,descriptive_95_high,label
engine_truth_first_shot,24,7,0.30434782608695654,0.13043478260869565,0.5217391304347826,DESCRIPTIVE

system_vs_oracle_selection,system,seed,state,ceiling_state,chosen_ordinal,chosen_branch_identity,chosen_successful,failure_kind
selection,hybrid-fixed-h1,20260908,issue-77-n1-001-a00,True,12,issue-77-n1-001-a12,False,
selection,hybrid-fixed-h1,20260909,issue-77-n1-001-a00,True,12,issue-77-n1-001-a12,False,
selection,hybrid-fixed-h1,20260910,issue-77-n1-001-a00,True,9,issue-77-n1-001-a09,False,
selection,continuous-fixed-h1,20260908,issue-77-n1-001-a00,True,9,issue-77-n1-001-a09,False,
selection,continuous-fixed-h1,20260909,issue-77-n1-001-a00,True,7,issue-77-n1-001-a07,False,
selection,continuous-fixed-h1,20260910,issue-77-n1-001-a00,True,7,issue-77-n1-001-a07,False,
selection,continuous-fixed-h5,20260908,issue-77-n1-001-a00,True,9,issue-77-n1-001-a09,False,
selection,continuous-fixed-h5,20260909,issue-77-n1-001-a00,True,7,issue-77-n1-001-a07,False,
selection,continuous-fixed-h5,20260910,issue-77-n1-001-a00,True,7,issue-77-n1-001-a07,False,
selection,no-model-ordinal-prior,20260908,issue-77-n1-001-a00,True,8,issue-77-n1-001-a08,False,
selection,no-model-ordinal-prior,20260909,issue-77-n1-001-a00,True,8,issue-77-n1-001-a08,False,
selection,no-model-ordinal-prior,20260910,issue-77-n1-001-a00,True,8,issue-77-n1-001-a08,False,
selection,hybrid-fixed-h1,20260908,issue-77-n1-001-a07,True,12,issue-77-n1-001-a12,False,
selection,hybrid-fixed-h1,20260909,issue-77-n1-001-a07,True,12,issue-77-n1-001-a12,False,
selection,hybrid-fixed-h1,20260910,issue-77-n1-001-a07,True,9,issue-77-n1-001-a09,False,
selection,continuous-fixed-h1,20260908,issue-77-n1-001-a07,True,9,issue-77-n1-001-a09,False,
selection,continuous-fixed-h1,20260909,issue-77-n1-001-a07,True,7,issue-77-n1-001-a07,False,
selection,continuous-fixed-h1,20260910,issue-77-n1-001-a07,True,7,issue-77-n1-001-a07,False,
selection,continuous-fixed-h5,20260908,issue-77-n1-001-a07,True,9,issue-77-n1-001-a09,False,
selection,continuous-fixed-h5,20260909,issue-77-n1-001-a07,True,7,issue-77-n1-001-a07,False,
selection,continuous-fixed-h5,20260910,issue-77-n1-001-a07,True,7,issue-77-n1-001-a07,False,
selection,no-model-ordinal-prior,20260908,issue-77-n1-001-a07,True,8,issue-77-n1-001-a08,False,
selection,no-model-ordinal-prior,20260909,issue-77-n1-001-a07,True,8,issue-77-n1-001-a08,False,
selection,no-model-ordinal-prior,20260910,issue-77-n1-001-a07,True,8,issue-77-n1-001-a08,False,
selection,hybrid-fixed-h1,20260908,issue-77-n1-003-a00,False,11,issue-77-n1-003-a11,False,
selection,hybrid-fixed-h1,20260909,issue-77-n1-003-a00,False,11,issue-77-n1-003-a11,False,
selection,hybrid-fixed-h1,20260910,issue-77-n1-003-a00,False,9,issue-77-n1-003-a09,False,
selection,continuous-fixed-h1,20260908,issue-77-n1-003-a00,False,9,issue-77-n1-003-a09,False,
selection,continuous-fixed-h1,20260909,issue-77-n1-003-a00,False,7,issue-77-n1-003-a07,False,
selection,continuous-fixed-h1,20260910,issue-77-n1-003-a00,False,7,issue-77-n1-003-a07,False,
selection,continuous-fixed-h5,20260908,issue-77-n1-003-a00,False,9,issue-77-n1-003-a09,False,
selection,continuous-fixed-h5,20260909,issue-77-n1-003-a00,False,7,issue-77-n1-003-a07,False,
selection,continuous-fixed-h5,20260910,issue-77-n1-003-a00,False,7,issue-77-n1-003-a07,False,
selection,no-model-ordinal-prior,20260908,issue-77-n1-003-a00,False,7,issue-77-n1-003-a07,False,
selection,no-model-ordinal-prior,20260909,issue-77-n1-003-a00,False,7,issue-77-n1-003-a07,False,
selection,no-model-ordinal-prior,20260910,issue-77-n1-003-a00,False,7,issue-77-n1-003-a07,False,
selection,hybrid-fixed-h1,20260908,issue-77-n1-003-a10,False,11,issue-77-n1-003-a11,,
selection,hybrid-fixed-h1,20260909,issue-77-n1-003-a10,False,11,issue-77-n1-003-a11,,
selection,hybrid-fixed-h1,20260910,issue-77-n1-003-a10,False,9,issue-77-n1-003-a09,False,
selection,continuous-fixed-h1,20260908,issue-77-n1-003-a10,False,9,issue-77-n1-003-a09,False,
selection,continuous-fixed-h1,20260909,issue-77-n1-003-a10,False,7,issue-77-n1-003-a07,False,
selection,continuous-fixed-h1,20260910,issue-77-n1-003-a10,False,7,issue-77-n1-003-a07,False,
selection,continuous-fixed-h5,20260908,issue-77-n1-003-a10,False,9,issue-77-n1-003-a09,False,
selection,continuous-fixed-h5,20260909,issue-77-n1-003-a10,False,7,issue-77-n1-003-a07,False,
selection,continuous-fixed-h5,20260910,issue-77-n1-003-a10,False,7,issue-77-n1-003-a07,False,
selection,no-model-ordinal-prior,20260908,issue-77-n1-003-a10,False,7,issue-77-n1-003-a07,False,
selection,no-model-ordinal-prior,20260909,issue-77-n1-003-a10,False,7,issue-77-n1-003-a07,False,
selection,no-model-ordinal-prior,20260910,issue-77-n1-003-a10,False,7,issue-77-n1-003-a07,False,
selection,hybrid-fixed-h1,20260908,issue-77-n1-004-a07,False,12,issue-77-n1-004-a12,False,
selection,hybrid-fixed-h1,20260909,issue-77-n1-004-a07,False,12,issue-77-n1-004-a12,False,
selection,hybrid-fixed-h1,20260910,issue-77-n1-004-a07,False,11,issue-77-n1-004-a11,,
selection,continuous-fixed-h1,20260908,issue-77-n1-004-a07,False,8,issue-77-n1-004-a08,,
selection,continuous-fixed-h1,20260909,issue-77-n1-004-a07,False,7,issue-77-n1-004-a07,False,
selection,continuous-fixed-h1,20260910,issue-77-n1-004-a07,False,7,issue-77-n1-004-a07,False,
selection,continuous-fixed-h5,20260908,issue-77-n1-004-a07,False,11,issue-77-n1-004-a11,,
selection,continuous-fixed-h5,20260909,issue-77-n1-004-a07,False,7,issue-77-n1-004-a07,False,
selection,continuous-fixed-h5,20260910,issue-77-n1-004-a07,False,7,issue-77-n1-004-a07,False,
selection,no-model-ordinal-prior,20260908,issue-77-n1-004-a07,False,8,issue-77-n1-004-a08,,
selection,no-model-ordinal-prior,20260909,issue-77-n1-004-a07,False,8,issue-77-n1-004-a08,,
selection,no-model-ordinal-prior,20260910,issue-77-n1-004-a07,False,8,issue-77-n1-004-a08,,
selection,hybrid-fixed-h1,20260908,issue-77-n1-005-a07,False,,,,decision_failure
selection,hybrid-fixed-h1,20260909,issue-77-n1-005-a07,False,,,,decision_failure
selection,hybrid-fixed-h1,20260910,issue-77-n1-005-a07,False,,,,decision_failure
selection,continuous-fixed-h1,20260908,issue-77-n1-005-a07,False,,,,decision_failure
selection,continuous-fixed-h1,20260909,issue-77-n1-005-a07,False,,,,decision_failure
selection,continuous-fixed-h1,20260910,issue-77-n1-005-a07,False,,,,decision_failure
selection,continuous-fixed-h5,20260908,issue-77-n1-005-a07,False,,,,decision_failure
selection,continuous-fixed-h5,20260909,issue-77-n1-005-a07,False,,,,decision_failure
selection,continuous-fixed-h5,20260910,issue-77-n1-005-a07,False,,,,decision_failure
selection,no-model-ordinal-prior,20260908,issue-77-n1-005-a07,False,,,,decision_failure
selection,no-model-ordinal-prior,20260909,issue-77-n1-005-a07,False,,,,decision_failure
selection,no-model-ordinal-prior,20260910,issue-77-n1-005-a07,False,,,,decision_failure
selection,hybrid-fixed-h1,20260908,issue-77-n1-006-a05,True,12,issue-77-n1-006-a12,False,
selection,hybrid-fixed-h1,20260909,issue-77-n1-006-a05,True,12,issue-77-n1-006-a12,False,
selection,hybrid-fixed-h1,20260910,issue-77-n1-006-a05,True,8,issue-77-n1-006-a08,False,
selection,continuous-fixed-h1,20260908,issue-77-n1-006-a05,True,9,issue-77-n1-006-a09,,
selection,continuous-fixed-h1,20260909,issue-77-n1-006-a05,True,7,issue-77-n1-006-a07,False,
selection,continuous-fixed-h1,20260910,issue-77-n1-006-a05,True,7,issue-77-n1-006-a07,False,
selection,continuous-fixed-h5,20260908,issue-77-n1-006-a05,True,10,issue-77-n1-006-a10,False,
selection,continuous-fixed-h5,20260909,issue-77-n1-006-a05,True,7,issue-77-n1-006-a07,False,
selection,continuous-fixed-h5,20260910,issue-77-n1-006-a05,True,7,issue-77-n1-006-a07,False,
selection,no-model-ordinal-prior,20260908,issue-77-n1-006-a05,True,8,issue-77-n1-006-a08,False,
selection,no-model-ordinal-prior,20260909,issue-77-n1-006-a05,True,8,issue-77-n1-006-a08,False,
selection,no-model-ordinal-prior,20260910,issue-77-n1-006-a05,True,8,issue-77-n1-006-a08,False,
selection,hybrid-fixed-h1,20260908,issue-77-n1-006-a11,True,12,issue-77-n1-006-a12,False,
selection,hybrid-fixed-h1,20260909,issue-77-n1-006-a11,True,12,issue-77-n1-006-a12,False,
selection,hybrid-fixed-h1,20260910,issue-77-n1-006-a11,True,8,issue-77-n1-006-a08,False,
selection,continuous-fixed-h1,20260908,issue-77-n1-006-a11,True,9,issue-77-n1-006-a09,False,
selection,continuous-fixed-h1,20260909,issue-77-n1-006-a11,True,7,issue-77-n1-006-a07,False,
selection,continuous-fixed-h1,20260910,issue-77-n1-006-a11,True,7,issue-77-n1-006-a07,False,
selection,continuous-fixed-h5,20260908,issue-77-n1-006-a11,True,10,issue-77-n1-006-a10,False,
selection,continuous-fixed-h5,20260909,issue-77-n1-006-a11,True,7,issue-77-n1-006-a07,False,
selection,continuous-fixed-h5,20260910,issue-77-n1-006-a11,True,7,issue-77-n1-006-a07,False,
selection,no-model-ordinal-prior,20260908,issue-77-n1-006-a11,True,8,issue-77-n1-006-a08,False,
selection,no-model-ordinal-prior,20260909,issue-77-n1-006-a11,True,8,issue-77-n1-006-a08,False,
selection,no-model-ordinal-prior,20260910,issue-77-n1-006-a11,True,8,issue-77-n1-006-a08,False,
selection,hybrid-fixed-h1,20260908,issue-77-n1-007-a05,False,12,issue-77-n1-007-a12,False,
selection,hybrid-fixed-h1,20260909,issue-77-n1-007-a05,False,12,issue-77-n1-007-a12,False,
selection,hybrid-fixed-h1,20260910,issue-77-n1-007-a05,False,12,issue-77-n1-007-a12,False,
selection,continuous-fixed-h1,20260908,issue-77-n1-007-a05,False,9,issue-77-n1-007-a09,False,
selection,continuous-fixed-h1,20260909,issue-77-n1-007-a05,False,7,issue-77-n1-007-a07,False,
selection,continuous-fixed-h1,20260910,issue-77-n1-007-a05,False,7,issue-77-n1-007-a07,False,
selection,continuous-fixed-h5,20260908,issue-77-n1-007-a05,False,10,issue-77-n1-007-a10,False,
selection,continuous-fixed-h5,20260909,issue-77-n1-007-a05,False,7,issue-77-n1-007-a07,False,
selection,continuous-fixed-h5,20260910,issue-77-n1-007-a05,False,7,issue-77-n1-007-a07,False,
selection,no-model-ordinal-prior,20260908,issue-77-n1-007-a05,False,8,issue-77-n1-007-a08,False,
selection,no-model-ordinal-prior,20260909,issue-77-n1-007-a05,False,8,issue-77-n1-007-a08,False,
selection,no-model-ordinal-prior,20260910,issue-77-n1-007-a05,False,8,issue-77-n1-007-a08,False,
selection,hybrid-fixed-h1,20260908,issue-77-n1-007-a12,False,12,issue-77-n1-007-a12,False,
selection,hybrid-fixed-h1,20260909,issue-77-n1-007-a12,False,12,issue-77-n1-007-a12,False,
selection,hybrid-fixed-h1,20260910,issue-77-n1-007-a12,False,12,issue-77-n1-007-a12,False,
selection,continuous-fixed-h1,20260908,issue-77-n1-007-a12,False,9,issue-77-n1-007-a09,False,
selection,continuous-fixed-h1,20260909,issue-77-n1-007-a12,False,7,issue-77-n1-007-a07,False,
selection,continuous-fixed-h1,20260910,issue-77-n1-007-a12,False,7,issue-77-n1-007-a07,False,
selection,continuous-fixed-h5,20260908,issue-77-n1-007-a12,False,10,issue-77-n1-007-a10,False,
selection,continuous-fixed-h5,20260909,issue-77-n1-007-a12,False,7,issue-77-n1-007-a07,False,
selection,continuous-fixed-h5,20260910,issue-77-n1-007-a12,False,7,issue-77-n1-007-a07,False,
selection,no-model-ordinal-prior,20260908,issue-77-n1-007-a12,False,8,issue-77-n1-007-a08,False,
selection,no-model-ordinal-prior,20260909,issue-77-n1-007-a12,False,8,issue-77-n1-007-a08,False,
selection,no-model-ordinal-prior,20260910,issue-77-n1-007-a12,False,8,issue-77-n1-007-a08,False,
selection,hybrid-fixed-h1,20260908,issue-77-n1-008-a05,False,12,issue-77-n1-008-a12,False,
selection,hybrid-fixed-h1,20260909,issue-77-n1-008-a05,False,12,issue-77-n1-008-a12,False,
selection,hybrid-fixed-h1,20260910,issue-77-n1-008-a05,False,7,issue-77-n1-008-a07,False,
selection,continuous-fixed-h1,20260908,issue-77-n1-008-a05,False,9,issue-77-n1-008-a09,False,
selection,continuous-fixed-h1,20260909,issue-77-n1-008-a05,False,7,issue-77-n1-008-a07,False,
selection,continuous-fixed-h1,20260910,issue-77-n1-008-a05,False,7,issue-77-n1-008-a07,False,
selection,continuous-fixed-h5,20260908,issue-77-n1-008-a05,False,9,issue-77-n1-008-a09,False,
selection,continuous-fixed-h5,20260909,issue-77-n1-008-a05,False,7,issue-77-n1-008-a07,False,
selection,continuous-fixed-h5,20260910,issue-77-n1-008-a05,False,7,issue-77-n1-008-a07,False,
selection,no-model-ordinal-prior,20260908,issue-77-n1-008-a05,False,8,issue-77-n1-008-a08,False,
selection,no-model-ordinal-prior,20260909,issue-77-n1-008-a05,False,8,issue-77-n1-008-a08,False,
selection,no-model-ordinal-prior,20260910,issue-77-n1-008-a05,False,8,issue-77-n1-008-a08,False,
selection,hybrid-fixed-h1,20260908,issue-77-n1-008-a12,False,12,issue-77-n1-008-a12,False,
selection,hybrid-fixed-h1,20260909,issue-77-n1-008-a12,False,12,issue-77-n1-008-a12,False,
selection,hybrid-fixed-h1,20260910,issue-77-n1-008-a12,False,7,issue-77-n1-008-a07,False,
selection,continuous-fixed-h1,20260908,issue-77-n1-008-a12,False,9,issue-77-n1-008-a09,False,
selection,continuous-fixed-h1,20260909,issue-77-n1-008-a12,False,7,issue-77-n1-008-a07,False,
selection,continuous-fixed-h1,20260910,issue-77-n1-008-a12,False,7,issue-77-n1-008-a07,False,
selection,continuous-fixed-h5,20260908,issue-77-n1-008-a12,False,9,issue-77-n1-008-a09,False,
selection,continuous-fixed-h5,20260909,issue-77-n1-008-a12,False,7,issue-77-n1-008-a07,False,
selection,continuous-fixed-h5,20260910,issue-77-n1-008-a12,False,7,issue-77-n1-008-a07,False,
selection,no-model-ordinal-prior,20260908,issue-77-n1-008-a12,False,8,issue-77-n1-008-a08,False,
selection,no-model-ordinal-prior,20260909,issue-77-n1-008-a12,False,8,issue-77-n1-008-a08,False,
selection,no-model-ordinal-prior,20260910,issue-77-n1-008-a12,False,8,issue-77-n1-008-a08,False,
selection,hybrid-fixed-h1,20260908,issue-77-n1-009-a00,False,12,issue-77-n1-009-a12,False,
selection,hybrid-fixed-h1,20260909,issue-77-n1-009-a00,False,12,issue-77-n1-009-a12,False,
selection,hybrid-fixed-h1,20260910,issue-77-n1-009-a00,False,7,issue-77-n1-009-a07,False,
selection,continuous-fixed-h1,20260908,issue-77-n1-009-a00,False,9,issue-77-n1-009-a09,False,
selection,continuous-fixed-h1,20260909,issue-77-n1-009-a00,False,7,issue-77-n1-009-a07,False,
selection,continuous-fixed-h1,20260910,issue-77-n1-009-a00,False,8,issue-77-n1-009-a08,False,
selection,continuous-fixed-h5,20260908,issue-77-n1-009-a00,False,9,issue-77-n1-009-a09,False,
selection,continuous-fixed-h5,20260909,issue-77-n1-009-a00,False,8,issue-77-n1-009-a08,False,
selection,continuous-fixed-h5,20260910,issue-77-n1-009-a00,False,7,issue-77-n1-009-a07,False,
selection,no-model-ordinal-prior,20260908,issue-77-n1-009-a00,False,8,issue-77-n1-009-a08,False,
selection,no-model-ordinal-prior,20260909,issue-77-n1-009-a00,False,8,issue-77-n1-009-a08,False,
selection,no-model-ordinal-prior,20260910,issue-77-n1-009-a00,False,8,issue-77-n1-009-a08,False,
selection,hybrid-fixed-h1,20260908,issue-77-n1-009-a09,False,12,issue-77-n1-009-a12,False,
selection,hybrid-fixed-h1,20260909,issue-77-n1-009-a09,False,12,issue-77-n1-009-a12,False,
selection,hybrid-fixed-h1,20260910,issue-77-n1-009-a09,False,7,issue-77-n1-009-a07,,
selection,continuous-fixed-h1,20260908,issue-77-n1-009-a09,False,9,issue-77-n1-009-a09,,
selection,continuous-fixed-h1,20260909,issue-77-n1-009-a09,False,7,issue-77-n1-009-a07,,
selection,continuous-fixed-h1,20260910,issue-77-n1-009-a09,False,8,issue-77-n1-009-a08,False,
selection,continuous-fixed-h5,20260908,issue-77-n1-009-a09,False,9,issue-77-n1-009-a09,,
selection,continuous-fixed-h5,20260909,issue-77-n1-009-a09,False,8,issue-77-n1-009-a08,False,
selection,continuous-fixed-h5,20260910,issue-77-n1-009-a09,False,7,issue-77-n1-009-a07,,
selection,no-model-ordinal-prior,20260908,issue-77-n1-009-a09,False,8,issue-77-n1-009-a08,False,
selection,no-model-ordinal-prior,20260909,issue-77-n1-009-a09,False,8,issue-77-n1-009-a08,False,
selection,no-model-ordinal-prior,20260910,issue-77-n1-009-a09,False,8,issue-77-n1-009-a08,False,
selection,hybrid-fixed-h1,20260908,issue-77-n1-010-a06,False,12,issue-77-n1-010-a12,False,
selection,hybrid-fixed-h1,20260909,issue-77-n1-010-a06,False,12,issue-77-n1-010-a12,False,
selection,hybrid-fixed-h1,20260910,issue-77-n1-010-a06,False,7,issue-77-n1-010-a07,,
selection,continuous-fixed-h1,20260908,issue-77-n1-010-a06,False,9,issue-77-n1-010-a09,False,
selection,continuous-fixed-h1,20260909,issue-77-n1-010-a06,False,7,issue-77-n1-010-a07,,
selection,continuous-fixed-h1,20260910,issue-77-n1-010-a06,False,7,issue-77-n1-010-a07,,
selection,continuous-fixed-h5,20260908,issue-77-n1-010-a06,False,9,issue-77-n1-010-a09,False,
selection,continuous-fixed-h5,20260909,issue-77-n1-010-a06,False,7,issue-77-n1-010-a07,,
selection,continuous-fixed-h5,20260910,issue-77-n1-010-a06,False,7,issue-77-n1-010-a07,,
selection,no-model-ordinal-prior,20260908,issue-77-n1-010-a06,False,8,issue-77-n1-010-a08,False,
selection,no-model-ordinal-prior,20260909,issue-77-n1-010-a06,False,8,issue-77-n1-010-a08,False,
selection,no-model-ordinal-prior,20260910,issue-77-n1-010-a06,False,8,issue-77-n1-010-a08,False,
selection,hybrid-fixed-h1,20260908,issue-77-n1-011-a02,True,12,issue-77-n1-011-a12,False,
selection,hybrid-fixed-h1,20260909,issue-77-n1-011-a02,True,12,issue-77-n1-011-a12,False,
selection,hybrid-fixed-h1,20260910,issue-77-n1-011-a02,True,10,issue-77-n1-011-a10,,
selection,continuous-fixed-h1,20260908,issue-77-n1-011-a02,True,9,issue-77-n1-011-a09,False,
selection,continuous-fixed-h1,20260909,issue-77-n1-011-a02,True,7,issue-77-n1-011-a07,False,
selection,continuous-fixed-h1,20260910,issue-77-n1-011-a02,True,7,issue-77-n1-011-a07,False,
selection,continuous-fixed-h5,20260908,issue-77-n1-011-a02,True,9,issue-77-n1-011-a09,False,
selection,continuous-fixed-h5,20260909,issue-77-n1-011-a02,True,7,issue-77-n1-011-a07,False,
selection,continuous-fixed-h5,20260910,issue-77-n1-011-a02,True,7,issue-77-n1-011-a07,False,
selection,no-model-ordinal-prior,20260908,issue-77-n1-011-a02,True,8,issue-77-n1-011-a08,False,
selection,no-model-ordinal-prior,20260909,issue-77-n1-011-a02,True,8,issue-77-n1-011-a08,False,
selection,no-model-ordinal-prior,20260910,issue-77-n1-011-a02,True,8,issue-77-n1-011-a08,False,
selection,hybrid-fixed-h1,20260908,issue-77-n1-011-a11,False,12,issue-77-n1-011-a12,False,
selection,hybrid-fixed-h1,20260909,issue-77-n1-011-a11,False,12,issue-77-n1-011-a12,False,
selection,hybrid-fixed-h1,20260910,issue-77-n1-011-a11,False,10,issue-77-n1-011-a10,,
selection,continuous-fixed-h1,20260908,issue-77-n1-011-a11,False,9,issue-77-n1-011-a09,False,
selection,continuous-fixed-h1,20260909,issue-77-n1-011-a11,False,7,issue-77-n1-011-a07,False,
selection,continuous-fixed-h1,20260910,issue-77-n1-011-a11,False,7,issue-77-n1-011-a07,False,
selection,continuous-fixed-h5,20260908,issue-77-n1-011-a11,False,9,issue-77-n1-011-a09,False,
selection,continuous-fixed-h5,20260909,issue-77-n1-011-a11,False,7,issue-77-n1-011-a07,False,
selection,continuous-fixed-h5,20260910,issue-77-n1-011-a11,False,7,issue-77-n1-011-a07,False,
selection,no-model-ordinal-prior,20260908,issue-77-n1-011-a11,False,8,issue-77-n1-011-a08,False,
selection,no-model-ordinal-prior,20260909,issue-77-n1-011-a11,False,8,issue-77-n1-011-a08,False,
selection,no-model-ordinal-prior,20260910,issue-77-n1-011-a11,False,8,issue-77-n1-011-a08,False,
selection,hybrid-fixed-h1,20260908,issue-77-n1-012-a08,True,12,issue-77-n1-012-a12,False,
selection,hybrid-fixed-h1,20260909,issue-77-n1-012-a08,True,12,issue-77-n1-012-a12,False,
selection,hybrid-fixed-h1,20260910,issue-77-n1-012-a08,True,7,issue-77-n1-012-a07,False,
selection,continuous-fixed-h1,20260908,issue-77-n1-012-a08,True,9,issue-77-n1-012-a09,False,
selection,continuous-fixed-h1,20260909,issue-77-n1-012-a08,True,7,issue-77-n1-012-a07,False,
selection,continuous-fixed-h1,20260910,issue-77-n1-012-a08,True,8,issue-77-n1-012-a08,False,
selection,continuous-fixed-h5,20260908,issue-77-n1-012-a08,True,9,issue-77-n1-012-a09,False,
selection,continuous-fixed-h5,20260909,issue-77-n1-012-a08,True,8,issue-77-n1-012-a08,False,
selection,continuous-fixed-h5,20260910,issue-77-n1-012-a08,True,7,issue-77-n1-012-a07,False,
selection,no-model-ordinal-prior,20260908,issue-77-n1-012-a08,True,8,issue-77-n1-012-a08,False,
selection,no-model-ordinal-prior,20260909,issue-77-n1-012-a08,True,8,issue-77-n1-012-a08,False,
selection,no-model-ordinal-prior,20260910,issue-77-n1-012-a08,True,8,issue-77-n1-012-a08,False,
selection,hybrid-fixed-h1,20260908,issue-77-n1-013-a04,False,12,issue-77-n1-013-a12,False,
selection,hybrid-fixed-h1,20260909,issue-77-n1-013-a04,False,12,issue-77-n1-013-a12,False,
selection,hybrid-fixed-h1,20260910,issue-77-n1-013-a04,False,8,issue-77-n1-013-a08,False,
selection,continuous-fixed-h1,20260908,issue-77-n1-013-a04,False,9,issue-77-n1-013-a09,,
selection,continuous-fixed-h1,20260909,issue-77-n1-013-a04,False,7,issue-77-n1-013-a07,False,
selection,continuous-fixed-h1,20260910,issue-77-n1-013-a04,False,8,issue-77-n1-013-a08,False,
selection,continuous-fixed-h5,20260908,issue-77-n1-013-a04,False,9,issue-77-n1-013-a09,,
selection,continuous-fixed-h5,20260909,issue-77-n1-013-a04,False,8,issue-77-n1-013-a08,False,
selection,continuous-fixed-h5,20260910,issue-77-n1-013-a04,False,7,issue-77-n1-013-a07,False,
selection,no-model-ordinal-prior,20260908,issue-77-n1-013-a04,False,8,issue-77-n1-013-a08,False,
selection,no-model-ordinal-prior,20260909,issue-77-n1-013-a04,False,8,issue-77-n1-013-a08,False,
selection,no-model-ordinal-prior,20260910,issue-77-n1-013-a04,False,8,issue-77-n1-013-a08,False,
selection,hybrid-fixed-h1,20260908,issue-77-n1-014-a01,False,12,issue-77-n1-014-a12,,
selection,hybrid-fixed-h1,20260909,issue-77-n1-014-a01,False,12,issue-77-n1-014-a12,,
selection,hybrid-fixed-h1,20260910,issue-77-n1-014-a01,False,10,issue-77-n1-014-a10,False,
selection,continuous-fixed-h1,20260908,issue-77-n1-014-a01,False,9,issue-77-n1-014-a09,,
selection,continuous-fixed-h1,20260909,issue-77-n1-014-a01,False,7,issue-77-n1-014-a07,False,
selection,continuous-fixed-h1,20260910,issue-77-n1-014-a01,False,7,issue-77-n1-014-a07,False,
selection,continuous-fixed-h5,20260908,issue-77-n1-014-a01,False,9,issue-77-n1-014-a09,,
selection,continuous-fixed-h5,20260909,issue-77-n1-014-a01,False,7,issue-77-n1-014-a07,False,
selection,continuous-fixed-h5,20260910,issue-77-n1-014-a01,False,7,issue-77-n1-014-a07,False,
selection,no-model-ordinal-prior,20260908,issue-77-n1-014-a01,False,8,issue-77-n1-014-a08,,
selection,no-model-ordinal-prior,20260909,issue-77-n1-014-a01,False,8,issue-77-n1-014-a08,,
selection,no-model-ordinal-prior,20260910,issue-77-n1-014-a01,False,8,issue-77-n1-014-a08,,
selection,hybrid-fixed-h1,20260908,issue-77-n1-014-a10,False,12,issue-77-n1-014-a12,,
selection,hybrid-fixed-h1,20260909,issue-77-n1-014-a10,False,12,issue-77-n1-014-a12,,
selection,hybrid-fixed-h1,20260910,issue-77-n1-014-a10,False,10,issue-77-n1-014-a10,False,
selection,continuous-fixed-h1,20260908,issue-77-n1-014-a10,False,9,issue-77-n1-014-a09,False,
selection,continuous-fixed-h1,20260909,issue-77-n1-014-a10,False,7,issue-77-n1-014-a07,,
selection,continuous-fixed-h1,20260910,issue-77-n1-014-a10,False,7,issue-77-n1-014-a07,,
selection,continuous-fixed-h5,20260908,issue-77-n1-014-a10,False,9,issue-77-n1-014-a09,False,
selection,continuous-fixed-h5,20260909,issue-77-n1-014-a10,False,7,issue-77-n1-014-a07,,
selection,continuous-fixed-h5,20260910,issue-77-n1-014-a10,False,7,issue-77-n1-014-a07,,
selection,no-model-ordinal-prior,20260908,issue-77-n1-014-a10,False,8,issue-77-n1-014-a08,,
selection,no-model-ordinal-prior,20260909,issue-77-n1-014-a10,False,8,issue-77-n1-014-a08,,
selection,no-model-ordinal-prior,20260910,issue-77-n1-014-a10,False,8,issue-77-n1-014-a08,,
selection,hybrid-fixed-h1,20260908,issue-77-n1-015-a06,False,12,issue-77-n1-015-a12,False,
selection,hybrid-fixed-h1,20260909,issue-77-n1-015-a06,False,12,issue-77-n1-015-a12,False,
selection,hybrid-fixed-h1,20260910,issue-77-n1-015-a06,False,9,issue-77-n1-015-a09,False,
selection,continuous-fixed-h1,20260908,issue-77-n1-015-a06,False,9,issue-77-n1-015-a09,False,
selection,continuous-fixed-h1,20260909,issue-77-n1-015-a06,False,7,issue-77-n1-015-a07,False,
selection,continuous-fixed-h1,20260910,issue-77-n1-015-a06,False,7,issue-77-n1-015-a07,False,
selection,continuous-fixed-h5,20260908,issue-77-n1-015-a06,False,9,issue-77-n1-015-a09,False,
selection,continuous-fixed-h5,20260909,issue-77-n1-015-a06,False,7,issue-77-n1-015-a07,False,
selection,continuous-fixed-h5,20260910,issue-77-n1-015-a06,False,7,issue-77-n1-015-a07,False,
selection,no-model-ordinal-prior,20260908,issue-77-n1-015-a06,False,8,issue-77-n1-015-a08,,
selection,no-model-ordinal-prior,20260909,issue-77-n1-015-a06,False,8,issue-77-n1-015-a08,,
selection,no-model-ordinal-prior,20260910,issue-77-n1-015-a06,False,8,issue-77-n1-015-a08,,
selection,hybrid-fixed-h1,20260908,issue-77-n1-016-a03,False,12,issue-77-n1-016-a12,False,
selection,hybrid-fixed-h1,20260909,issue-77-n1-016-a03,False,12,issue-77-n1-016-a12,False,
selection,hybrid-fixed-h1,20260910,issue-77-n1-016-a03,False,10,issue-77-n1-016-a10,False,
selection,continuous-fixed-h1,20260908,issue-77-n1-016-a03,False,9,issue-77-n1-016-a09,False,
selection,continuous-fixed-h1,20260909,issue-77-n1-016-a03,False,7,issue-77-n1-016-a07,,
selection,continuous-fixed-h1,20260910,issue-77-n1-016-a03,False,7,issue-77-n1-016-a07,,
selection,continuous-fixed-h5,20260908,issue-77-n1-016-a03,False,9,issue-77-n1-016-a09,False,
selection,continuous-fixed-h5,20260909,issue-77-n1-016-a03,False,7,issue-77-n1-016-a07,,
selection,continuous-fixed-h5,20260910,issue-77-n1-016-a03,False,7,issue-77-n1-016-a07,,
selection,no-model-ordinal-prior,20260908,issue-77-n1-016-a03,False,8,issue-77-n1-016-a08,False,
selection,no-model-ordinal-prior,20260909,issue-77-n1-016-a03,False,8,issue-77-n1-016-a08,False,
selection,no-model-ordinal-prior,20260910,issue-77-n1-016-a03,False,8,issue-77-n1-016-a08,False,
selection,hybrid-fixed-h1,20260908,issue-77-n1-016-a12,True,12,issue-77-n1-016-a12,False,
selection,hybrid-fixed-h1,20260909,issue-77-n1-016-a12,True,12,issue-77-n1-016-a12,False,
selection,hybrid-fixed-h1,20260910,issue-77-n1-016-a12,True,10,issue-77-n1-016-a10,False,
selection,continuous-fixed-h1,20260908,issue-77-n1-016-a12,True,9,issue-77-n1-016-a09,False,
selection,continuous-fixed-h1,20260909,issue-77-n1-016-a12,True,7,issue-77-n1-016-a07,False,
selection,continuous-fixed-h1,20260910,issue-77-n1-016-a12,True,7,issue-77-n1-016-a07,False,
selection,continuous-fixed-h5,20260908,issue-77-n1-016-a12,True,9,issue-77-n1-016-a09,False,
selection,continuous-fixed-h5,20260909,issue-77-n1-016-a12,True,7,issue-77-n1-016-a07,False,
selection,continuous-fixed-h5,20260910,issue-77-n1-016-a12,True,7,issue-77-n1-016-a07,False,
selection,no-model-ordinal-prior,20260908,issue-77-n1-016-a12,True,8,issue-77-n1-016-a08,False,
selection,no-model-ordinal-prior,20260909,issue-77-n1-016-a12,True,8,issue-77-n1-016-a08,False,
selection,no-model-ordinal-prior,20260910,issue-77-n1-016-a12,True,8,issue-77-n1-016-a08,False,

per_system_ceiling_rates,system,ceiling_states,cells,successes,rate,descriptive_95_low,descriptive_95_high,label
selection_of_successful_candidate,continuous-fixed-h1,7,20,0,0.0,0.0,0.0,DESCRIPTIVE
selection_of_successful_candidate,continuous-fixed-h5,7,21,0,0.0,0.0,0.0,DESCRIPTIVE
selection_of_successful_candidate,hybrid-fixed-h1,7,20,0,0.0,0.0,0.0,DESCRIPTIVE
selection_of_successful_candidate,no-model-ordinal-prior,7,21,0,0.0,0.0,0.0,DESCRIPTIVE

decision_compute_accounting,system,cells,transition_calls,linear_macs,gpu_seconds,candidate_count_min,candidate_count_max,decision_failures
decision_only,continuous-fixed-h1,69,855,1583631000,1.049243129324168,9,13,3
decision_only,continuous-fixed-h5,69,4275,7918155000,3.3697199230082333,9,13,3
decision_only,hybrid-fixed-h1,69,855,1224743040,1.461809555068612,9,13,3
decision_only,no-model-ordinal-prior,69,0,0,0.29769275803118944,9,13,3

protocol_version,status,frozen_at_utc,change
plan-v1,development,2026-09-22T02:17:27Z,initial protocol draft
plan-v2,terminal,2026-09-22T02:41:38Z,terminal freeze after the plan-v1 rendered smoke
plan-v3,terminal,2026-09-22T02:45:51Z,terminal freeze after the plan-v1 rendered smoke
plan-v3,terminal,2026-09-22T02:45:51Z,terminal freeze CORRECTION before the scoring run: supersedes plan-v2 on a bookkeeping defect only

development_versions,version,label,cell,executed,pig_removed,expectation_matched
EXPLORATORY,1,EXPLORATORY,smoke-v1--issue-77-n1-010-a06--a02,True,True,True
EXPLORATORY,1,EXPLORATORY,smoke-v1--issue-77-n1-009-a00--a00,True,False,True
