system,seed,states_scored,typed_decision_failures,predicate_success_states,mean_chosen_realized_count_cost,mean_oracle_best_realized_count_cost,mean_gap_cost,transition_calls,linear_macs
hybrid-fixed-h1,20260908,24,0,n/a,59.785,48.252,11.532,177,253543296
hybrid-fixed-h1,20260909,24,0,n/a,59.785,48.252,11.532,177,253543296
hybrid-fixed-h1,20260910,24,0,n/a,58.567,48.252,10.315,177,253543296
continuous-fixed-h1,20260908,24,0,n/a,52.663,48.252,4.411,177,327839400
continuous-fixed-h1,20260909,24,0,n/a,57.767,48.252,9.515,177,327839400
continuous-fixed-h1,20260910,24,0,n/a,66.450,48.252,18.198,177,327839400
continuous-fixed-h5,20260908,24,0,n/a,53.626,48.252,5.374,885,1639197000
continuous-fixed-h5,20260909,24,0,n/a,66.450,48.252,18.198,885,1639197000
continuous-fixed-h5,20260910,24,0,n/a,57.767,48.252,9.515,885,1639197000
no-model-ordinal-prior,20260908,22,2,n/a,68.772,48.850,19.923,0,0
no-model-ordinal-prior,20260909,22,2,n/a,68.772,48.850,19.923,0,0
no-model-ordinal-prior,20260910,22,2,n/a,68.772,48.850,19.923,0,0

state,system,seed,failure,chosen_ordinal,chosen_realized_count_cost,chosen_replay_success,oracle_best_realized_count_cost,gap_cost,indicator_gap
issue-77-n1-001-a00,hybrid-fixed-h1,20260908,,12,54.457,n/a,38.563,15.894,n/a
issue-77-n1-001-a07,hybrid-fixed-h1,20260908,,12,54.457,n/a,38.563,15.894,n/a
issue-77-n1-003-a00,hybrid-fixed-h1,20260908,,11,44.939,n/a,41.677,3.262,n/a
issue-77-n1-003-a10,hybrid-fixed-h1,20260908,,11,44.939,n/a,41.677,3.262,n/a
issue-77-n1-004-a07,hybrid-fixed-h1,20260908,,12,92.468,n/a,77.595,14.874,n/a
issue-77-n1-005-a07,hybrid-fixed-h1,20260908,,8,67.431,n/a,67.431,0.000,n/a
issue-77-n1-006-a05,hybrid-fixed-h1,20260908,,12,73.807,n/a,63.951,9.857,n/a
issue-77-n1-006-a11,hybrid-fixed-h1,20260908,,12,73.807,n/a,63.951,9.857,n/a
issue-77-n1-007-a05,hybrid-fixed-h1,20260908,,12,70.731,n/a,61.919,8.812,n/a
issue-77-n1-007-a12,hybrid-fixed-h1,20260908,,12,70.731,n/a,61.919,8.812,n/a
issue-77-n1-008-a05,hybrid-fixed-h1,20260908,,12,67.156,n/a,50.814,16.341,n/a
issue-77-n1-008-a12,hybrid-fixed-h1,20260908,,12,67.156,n/a,50.814,16.341,n/a
issue-77-n1-009-a00,hybrid-fixed-h1,20260908,,12,54.644,n/a,47.712,6.932,n/a
issue-77-n1-009-a09,hybrid-fixed-h1,20260908,,12,54.644,n/a,47.712,6.932,n/a
issue-77-n1-010-a06,hybrid-fixed-h1,20260908,,12,70.092,n/a,33.362,36.730,n/a
issue-77-n1-011-a02,hybrid-fixed-h1,20260908,,12,52.747,n/a,45.768,6.978,n/a
issue-77-n1-011-a11,hybrid-fixed-h1,20260908,,12,52.747,n/a,45.768,6.978,n/a
issue-77-n1-012-a08,hybrid-fixed-h1,20260908,,12,66.346,n/a,54.447,11.900,n/a
issue-77-n1-013-a04,hybrid-fixed-h1,20260908,,12,65.693,n/a,57.876,7.817,n/a
issue-77-n1-014-a01,hybrid-fixed-h1,20260908,,12,46.459,n/a,41.708,4.751,n/a
issue-77-n1-014-a10,hybrid-fixed-h1,20260908,,12,46.459,n/a,41.708,4.751,n/a
issue-77-n1-015-a06,hybrid-fixed-h1,20260908,,12,54.366,n/a,27.495,26.871,n/a
issue-77-n1-016-a03,hybrid-fixed-h1,20260908,,12,44.277,n/a,27.810,16.468,n/a
issue-77-n1-016-a12,hybrid-fixed-h1,20260908,,12,44.277,n/a,27.810,16.468,n/a
issue-77-n1-001-a00,hybrid-fixed-h1,20260909,,12,54.457,n/a,38.563,15.894,n/a
issue-77-n1-001-a07,hybrid-fixed-h1,20260909,,12,54.457,n/a,38.563,15.894,n/a
issue-77-n1-003-a00,hybrid-fixed-h1,20260909,,11,44.939,n/a,41.677,3.262,n/a
issue-77-n1-003-a10,hybrid-fixed-h1,20260909,,11,44.939,n/a,41.677,3.262,n/a
issue-77-n1-004-a07,hybrid-fixed-h1,20260909,,12,92.468,n/a,77.595,14.874,n/a
issue-77-n1-005-a07,hybrid-fixed-h1,20260909,,8,67.431,n/a,67.431,0.000,n/a
issue-77-n1-006-a05,hybrid-fixed-h1,20260909,,12,73.807,n/a,63.951,9.857,n/a
issue-77-n1-006-a11,hybrid-fixed-h1,20260909,,12,73.807,n/a,63.951,9.857,n/a
issue-77-n1-007-a05,hybrid-fixed-h1,20260909,,12,70.731,n/a,61.919,8.812,n/a
issue-77-n1-007-a12,hybrid-fixed-h1,20260909,,12,70.731,n/a,61.919,8.812,n/a
issue-77-n1-008-a05,hybrid-fixed-h1,20260909,,12,67.156,n/a,50.814,16.341,n/a
issue-77-n1-008-a12,hybrid-fixed-h1,20260909,,12,67.156,n/a,50.814,16.341,n/a
issue-77-n1-009-a00,hybrid-fixed-h1,20260909,,12,54.644,n/a,47.712,6.932,n/a
issue-77-n1-009-a09,hybrid-fixed-h1,20260909,,12,54.644,n/a,47.712,6.932,n/a
issue-77-n1-010-a06,hybrid-fixed-h1,20260909,,12,70.092,n/a,33.362,36.730,n/a
issue-77-n1-011-a02,hybrid-fixed-h1,20260909,,12,52.747,n/a,45.768,6.978,n/a
issue-77-n1-011-a11,hybrid-fixed-h1,20260909,,12,52.747,n/a,45.768,6.978,n/a
issue-77-n1-012-a08,hybrid-fixed-h1,20260909,,12,66.346,n/a,54.447,11.900,n/a
issue-77-n1-013-a04,hybrid-fixed-h1,20260909,,12,65.693,n/a,57.876,7.817,n/a
issue-77-n1-014-a01,hybrid-fixed-h1,20260909,,12,46.459,n/a,41.708,4.751,n/a
issue-77-n1-014-a10,hybrid-fixed-h1,20260909,,12,46.459,n/a,41.708,4.751,n/a
issue-77-n1-015-a06,hybrid-fixed-h1,20260909,,12,54.366,n/a,27.495,26.871,n/a
issue-77-n1-016-a03,hybrid-fixed-h1,20260909,,12,44.277,n/a,27.810,16.468,n/a
issue-77-n1-016-a12,hybrid-fixed-h1,20260909,,12,44.277,n/a,27.810,16.468,n/a
issue-77-n1-001-a00,hybrid-fixed-h1,20260910,,9,53.041,n/a,38.563,14.478,n/a
issue-77-n1-001-a07,hybrid-fixed-h1,20260910,,9,53.041,n/a,38.563,14.478,n/a
issue-77-n1-003-a00,hybrid-fixed-h1,20260910,,9,42.063,n/a,41.677,0.386,n/a
issue-77-n1-003-a10,hybrid-fixed-h1,20260910,,9,42.063,n/a,41.677,0.386,n/a
issue-77-n1-004-a07,hybrid-fixed-h1,20260910,,11,89.135,n/a,77.595,11.541,n/a
issue-77-n1-005-a07,hybrid-fixed-h1,20260910,,8,67.431,n/a,67.431,0.000,n/a
issue-77-n1-006-a05,hybrid-fixed-h1,20260910,,8,70.753,n/a,63.951,6.802,n/a
issue-77-n1-006-a11,hybrid-fixed-h1,20260910,,8,70.753,n/a,63.951,6.802,n/a
issue-77-n1-007-a05,hybrid-fixed-h1,20260910,,12,70.731,n/a,61.919,8.812,n/a
issue-77-n1-007-a12,hybrid-fixed-h1,20260910,,12,70.731,n/a,61.919,8.812,n/a
issue-77-n1-008-a05,hybrid-fixed-h1,20260910,,7,59.132,n/a,50.814,8.318,n/a
issue-77-n1-008-a12,hybrid-fixed-h1,20260910,,7,59.132,n/a,50.814,8.318,n/a
issue-77-n1-009-a00,hybrid-fixed-h1,20260910,,7,52.657,n/a,47.712,4.945,n/a
issue-77-n1-009-a09,hybrid-fixed-h1,20260910,,7,52.657,n/a,47.712,4.945,n/a
issue-77-n1-010-a06,hybrid-fixed-h1,20260910,,7,68.027,n/a,33.362,34.665,n/a
issue-77-n1-011-a02,hybrid-fixed-h1,20260910,,10,57.549,n/a,45.768,11.781,n/a
issue-77-n1-011-a11,hybrid-fixed-h1,20260910,,10,57.549,n/a,45.768,11.781,n/a
issue-77-n1-012-a08,hybrid-fixed-h1,20260910,,7,65.501,n/a,54.447,11.055,n/a
issue-77-n1-013-a04,hybrid-fixed-h1,20260910,,8,72.597,n/a,57.876,14.721,n/a
issue-77-n1-014-a01,hybrid-fixed-h1,20260910,,10,51.696,n/a,41.708,9.988,n/a
issue-77-n1-014-a10,hybrid-fixed-h1,20260910,,10,51.696,n/a,41.708,9.988,n/a
issue-77-n1-015-a06,hybrid-fixed-h1,20260910,,9,36.572,n/a,27.495,9.078,n/a
issue-77-n1-016-a03,hybrid-fixed-h1,20260910,,10,45.547,n/a,27.810,17.738,n/a
issue-77-n1-016-a12,hybrid-fixed-h1,20260910,,10,45.547,n/a,27.810,17.738,n/a
issue-77-n1-001-a00,continuous-fixed-h1,20260908,,9,53.041,n/a,38.563,14.478,n/a
issue-77-n1-001-a07,continuous-fixed-h1,20260908,,9,53.041,n/a,38.563,14.478,n/a
issue-77-n1-003-a00,continuous-fixed-h1,20260908,,9,42.063,n/a,41.677,0.386,n/a
issue-77-n1-003-a10,continuous-fixed-h1,20260908,,9,42.063,n/a,41.677,0.386,n/a
issue-77-n1-004-a07,continuous-fixed-h1,20260908,,8,89.635,n/a,77.595,12.040,n/a
issue-77-n1-005-a07,continuous-fixed-h1,20260908,,8,67.431,n/a,67.431,0.000,n/a
issue-77-n1-006-a05,continuous-fixed-h1,20260908,,9,71.475,n/a,63.951,7.524,n/a
issue-77-n1-006-a11,continuous-fixed-h1,20260908,,9,71.475,n/a,63.951,7.524,n/a
issue-77-n1-007-a05,continuous-fixed-h1,20260908,,9,61.919,n/a,61.919,0.000,n/a
issue-77-n1-007-a12,continuous-fixed-h1,20260908,,9,61.919,n/a,61.919,0.000,n/a
issue-77-n1-008-a05,continuous-fixed-h1,20260908,,9,55.749,n/a,50.814,4.935,n/a
issue-77-n1-008-a12,continuous-fixed-h1,20260908,,9,55.749,n/a,50.814,4.935,n/a
issue-77-n1-009-a00,continuous-fixed-h1,20260908,,9,47.712,n/a,47.712,0.000,n/a
issue-77-n1-009-a09,continuous-fixed-h1,20260908,,9,47.712,n/a,47.712,0.000,n/a
issue-77-n1-010-a06,continuous-fixed-h1,20260908,,9,46.951,n/a,33.362,13.588,n/a
issue-77-n1-011-a02,continuous-fixed-h1,20260908,,9,45.768,n/a,45.768,0.000,n/a
issue-77-n1-011-a11,continuous-fixed-h1,20260908,,9,45.768,n/a,45.768,0.000,n/a
issue-77-n1-012-a08,continuous-fixed-h1,20260908,,9,58.725,n/a,54.447,4.279,n/a
issue-77-n1-013-a04,continuous-fixed-h1,20260908,,9,66.053,n/a,57.876,8.177,n/a
issue-77-n1-014-a01,continuous-fixed-h1,20260908,,9,42.392,n/a,41.708,0.683,n/a
issue-77-n1-014-a10,continuous-fixed-h1,20260908,,9,42.392,n/a,41.708,0.683,n/a
issue-77-n1-015-a06,continuous-fixed-h1,20260908,,9,36.572,n/a,27.495,9.078,n/a
issue-77-n1-016-a03,continuous-fixed-h1,20260908,,9,29.149,n/a,27.810,1.340,n/a
issue-77-n1-016-a12,continuous-fixed-h1,20260908,,9,29.149,n/a,27.810,1.340,n/a
issue-77-n1-001-a00,continuous-fixed-h1,20260909,,7,38.563,n/a,38.563,0.000,n/a
issue-77-n1-001-a07,continuous-fixed-h1,20260909,,7,38.563,n/a,38.563,0.000,n/a
issue-77-n1-003-a00,continuous-fixed-h1,20260909,,7,42.185,n/a,41.677,0.508,n/a
issue-77-n1-003-a10,continuous-fixed-h1,20260909,,7,42.185,n/a,41.677,0.508,n/a
issue-77-n1-004-a07,continuous-fixed-h1,20260909,,7,89.373,n/a,77.595,11.779,n/a
issue-77-n1-005-a07,continuous-fixed-h1,20260909,,7,81.688,n/a,67.431,14.258,n/a
issue-77-n1-006-a05,continuous-fixed-h1,20260909,,7,71.073,n/a,63.951,7.122,n/a
issue-77-n1-006-a11,continuous-fixed-h1,20260909,,7,71.073,n/a,63.951,7.122,n/a
issue-77-n1-007-a05,continuous-fixed-h1,20260909,,7,75.705,n/a,61.919,13.786,n/a
issue-77-n1-007-a12,continuous-fixed-h1,20260909,,7,75.705,n/a,61.919,13.786,n/a
issue-77-n1-008-a05,continuous-fixed-h1,20260909,,7,59.132,n/a,50.814,8.318,n/a
issue-77-n1-008-a12,continuous-fixed-h1,20260909,,7,59.132,n/a,50.814,8.318,n/a
issue-77-n1-009-a00,continuous-fixed-h1,20260909,,7,52.657,n/a,47.712,4.945,n/a
issue-77-n1-009-a09,continuous-fixed-h1,20260909,,7,52.657,n/a,47.712,4.945,n/a
issue-77-n1-010-a06,continuous-fixed-h1,20260909,,7,68.027,n/a,33.362,34.665,n/a
issue-77-n1-011-a02,continuous-fixed-h1,20260909,,7,52.355,n/a,45.768,6.587,n/a
issue-77-n1-011-a11,continuous-fixed-h1,20260909,,7,52.355,n/a,45.768,6.587,n/a
issue-77-n1-012-a08,continuous-fixed-h1,20260909,,7,65.501,n/a,54.447,11.055,n/a
issue-77-n1-013-a04,continuous-fixed-h1,20260909,,7,72.518,n/a,57.876,14.642,n/a
issue-77-n1-014-a01,continuous-fixed-h1,20260909,,7,47.836,n/a,41.708,6.127,n/a
issue-77-n1-014-a10,continuous-fixed-h1,20260909,,7,47.836,n/a,41.708,6.127,n/a
issue-77-n1-015-a06,continuous-fixed-h1,20260909,,7,56.589,n/a,27.495,29.094,n/a
issue-77-n1-016-a03,continuous-fixed-h1,20260909,,7,36.845,n/a,27.810,9.036,n/a
issue-77-n1-016-a12,continuous-fixed-h1,20260909,,7,36.845,n/a,27.810,9.036,n/a
issue-77-n1-001-a00,continuous-fixed-h1,20260910,,7,38.563,n/a,38.563,0.000,n/a
issue-77-n1-001-a07,continuous-fixed-h1,20260910,,7,38.563,n/a,38.563,0.000,n/a
issue-77-n1-003-a00,continuous-fixed-h1,20260910,,7,42.185,n/a,41.677,0.508,n/a
issue-77-n1-003-a10,continuous-fixed-h1,20260910,,7,42.185,n/a,41.677,0.508,n/a
issue-77-n1-004-a07,continuous-fixed-h1,20260910,,7,89.373,n/a,77.595,11.779,n/a
issue-77-n1-005-a07,continuous-fixed-h1,20260910,,7,81.688,n/a,67.431,14.258,n/a
issue-77-n1-006-a05,continuous-fixed-h1,20260910,,7,71.073,n/a,63.951,7.122,n/a
issue-77-n1-006-a11,continuous-fixed-h1,20260910,,7,71.073,n/a,63.951,7.122,n/a
issue-77-n1-007-a05,continuous-fixed-h1,20260910,,7,75.705,n/a,61.919,13.786,n/a
issue-77-n1-007-a12,continuous-fixed-h1,20260910,,7,75.705,n/a,61.919,13.786,n/a
issue-77-n1-008-a05,continuous-fixed-h1,20260910,,7,59.132,n/a,50.814,8.318,n/a
issue-77-n1-008-a12,continuous-fixed-h1,20260910,,7,59.132,n/a,50.814,8.318,n/a
issue-77-n1-009-a00,continuous-fixed-h1,20260910,,8,153.479,n/a,47.712,105.767,n/a
issue-77-n1-009-a09,continuous-fixed-h1,20260910,,8,153.479,n/a,47.712,105.767,n/a
issue-77-n1-010-a06,continuous-fixed-h1,20260910,,7,68.027,n/a,33.362,34.665,n/a
issue-77-n1-011-a02,continuous-fixed-h1,20260910,,7,52.355,n/a,45.768,6.587,n/a
issue-77-n1-011-a11,continuous-fixed-h1,20260910,,7,52.355,n/a,45.768,6.587,n/a
issue-77-n1-012-a08,continuous-fixed-h1,20260910,,8,72.187,n/a,54.447,17.740,n/a
issue-77-n1-013-a04,continuous-fixed-h1,20260910,,8,72.597,n/a,57.876,14.721,n/a
issue-77-n1-014-a01,continuous-fixed-h1,20260910,,7,47.836,n/a,41.708,6.127,n/a
issue-77-n1-014-a10,continuous-fixed-h1,20260910,,7,47.836,n/a,41.708,6.127,n/a
issue-77-n1-015-a06,continuous-fixed-h1,20260910,,7,56.589,n/a,27.495,29.094,n/a
issue-77-n1-016-a03,continuous-fixed-h1,20260910,,7,36.845,n/a,27.810,9.036,n/a
issue-77-n1-016-a12,continuous-fixed-h1,20260910,,7,36.845,n/a,27.810,9.036,n/a
issue-77-n1-001-a00,continuous-fixed-h5,20260908,,9,53.041,n/a,38.563,14.478,n/a
issue-77-n1-001-a07,continuous-fixed-h5,20260908,,9,53.041,n/a,38.563,14.478,n/a
issue-77-n1-003-a00,continuous-fixed-h5,20260908,,9,42.063,n/a,41.677,0.386,n/a
issue-77-n1-003-a10,continuous-fixed-h5,20260908,,9,42.063,n/a,41.677,0.386,n/a
issue-77-n1-004-a07,continuous-fixed-h5,20260908,,11,89.135,n/a,77.595,11.541,n/a
issue-77-n1-005-a07,continuous-fixed-h5,20260908,,8,67.431,n/a,67.431,0.000,n/a
issue-77-n1-006-a05,continuous-fixed-h5,20260908,,10,71.176,n/a,63.951,7.225,n/a
issue-77-n1-006-a11,continuous-fixed-h5,20260908,,10,71.176,n/a,63.951,7.225,n/a
issue-77-n1-007-a05,continuous-fixed-h5,20260908,,10,74.027,n/a,61.919,12.108,n/a
issue-77-n1-007-a12,continuous-fixed-h5,20260908,,10,74.027,n/a,61.919,12.108,n/a
issue-77-n1-008-a05,continuous-fixed-h5,20260908,,9,55.749,n/a,50.814,4.935,n/a
issue-77-n1-008-a12,continuous-fixed-h5,20260908,,9,55.749,n/a,50.814,4.935,n/a
issue-77-n1-009-a00,continuous-fixed-h5,20260908,,9,47.712,n/a,47.712,0.000,n/a
issue-77-n1-009-a09,continuous-fixed-h5,20260908,,9,47.712,n/a,47.712,0.000,n/a
issue-77-n1-010-a06,continuous-fixed-h5,20260908,,9,46.951,n/a,33.362,13.588,n/a
issue-77-n1-011-a02,continuous-fixed-h5,20260908,,9,45.768,n/a,45.768,0.000,n/a
issue-77-n1-011-a11,continuous-fixed-h5,20260908,,9,45.768,n/a,45.768,0.000,n/a
issue-77-n1-012-a08,continuous-fixed-h5,20260908,,9,58.725,n/a,54.447,4.279,n/a
issue-77-n1-013-a04,continuous-fixed-h5,20260908,,9,66.053,n/a,57.876,8.177,n/a
issue-77-n1-014-a01,continuous-fixed-h5,20260908,,9,42.392,n/a,41.708,0.683,n/a
issue-77-n1-014-a10,continuous-fixed-h5,20260908,,9,42.392,n/a,41.708,0.683,n/a
issue-77-n1-015-a06,continuous-fixed-h5,20260908,,9,36.572,n/a,27.495,9.078,n/a
issue-77-n1-016-a03,continuous-fixed-h5,20260908,,9,29.149,n/a,27.810,1.340,n/a
issue-77-n1-016-a12,continuous-fixed-h5,20260908,,9,29.149,n/a,27.810,1.340,n/a
issue-77-n1-001-a00,continuous-fixed-h5,20260909,,7,38.563,n/a,38.563,0.000,n/a
issue-77-n1-001-a07,continuous-fixed-h5,20260909,,7,38.563,n/a,38.563,0.000,n/a
issue-77-n1-003-a00,continuous-fixed-h5,20260909,,7,42.185,n/a,41.677,0.508,n/a
issue-77-n1-003-a10,continuous-fixed-h5,20260909,,7,42.185,n/a,41.677,0.508,n/a
issue-77-n1-004-a07,continuous-fixed-h5,20260909,,7,89.373,n/a,77.595,11.779,n/a
issue-77-n1-005-a07,continuous-fixed-h5,20260909,,7,81.688,n/a,67.431,14.258,n/a
issue-77-n1-006-a05,continuous-fixed-h5,20260909,,7,71.073,n/a,63.951,7.122,n/a
issue-77-n1-006-a11,continuous-fixed-h5,20260909,,7,71.073,n/a,63.951,7.122,n/a
issue-77-n1-007-a05,continuous-fixed-h5,20260909,,7,75.705,n/a,61.919,13.786,n/a
issue-77-n1-007-a12,continuous-fixed-h5,20260909,,7,75.705,n/a,61.919,13.786,n/a
issue-77-n1-008-a05,continuous-fixed-h5,20260909,,7,59.132,n/a,50.814,8.318,n/a
issue-77-n1-008-a12,continuous-fixed-h5,20260909,,7,59.132,n/a,50.814,8.318,n/a
issue-77-n1-009-a00,continuous-fixed-h5,20260909,,8,153.479,n/a,47.712,105.767,n/a
issue-77-n1-009-a09,continuous-fixed-h5,20260909,,8,153.479,n/a,47.712,105.767,n/a
issue-77-n1-010-a06,continuous-fixed-h5,20260909,,7,68.027,n/a,33.362,34.665,n/a
issue-77-n1-011-a02,continuous-fixed-h5,20260909,,7,52.355,n/a,45.768,6.587,n/a
issue-77-n1-011-a11,continuous-fixed-h5,20260909,,7,52.355,n/a,45.768,6.587,n/a
issue-77-n1-012-a08,continuous-fixed-h5,20260909,,8,72.187,n/a,54.447,17.740,n/a
issue-77-n1-013-a04,continuous-fixed-h5,20260909,,8,72.597,n/a,57.876,14.721,n/a
issue-77-n1-014-a01,continuous-fixed-h5,20260909,,7,47.836,n/a,41.708,6.127,n/a
issue-77-n1-014-a10,continuous-fixed-h5,20260909,,7,47.836,n/a,41.708,6.127,n/a
issue-77-n1-015-a06,continuous-fixed-h5,20260909,,7,56.589,n/a,27.495,29.094,n/a
issue-77-n1-016-a03,continuous-fixed-h5,20260909,,7,36.845,n/a,27.810,9.036,n/a
issue-77-n1-016-a12,continuous-fixed-h5,20260909,,7,36.845,n/a,27.810,9.036,n/a
issue-77-n1-001-a00,continuous-fixed-h5,20260910,,7,38.563,n/a,38.563,0.000,n/a
issue-77-n1-001-a07,continuous-fixed-h5,20260910,,7,38.563,n/a,38.563,0.000,n/a
issue-77-n1-003-a00,continuous-fixed-h5,20260910,,7,42.185,n/a,41.677,0.508,n/a
issue-77-n1-003-a10,continuous-fixed-h5,20260910,,7,42.185,n/a,41.677,0.508,n/a
issue-77-n1-004-a07,continuous-fixed-h5,20260910,,7,89.373,n/a,77.595,11.779,n/a
issue-77-n1-005-a07,continuous-fixed-h5,20260910,,7,81.688,n/a,67.431,14.258,n/a
issue-77-n1-006-a05,continuous-fixed-h5,20260910,,7,71.073,n/a,63.951,7.122,n/a
issue-77-n1-006-a11,continuous-fixed-h5,20260910,,7,71.073,n/a,63.951,7.122,n/a
issue-77-n1-007-a05,continuous-fixed-h5,20260910,,7,75.705,n/a,61.919,13.786,n/a
issue-77-n1-007-a12,continuous-fixed-h5,20260910,,7,75.705,n/a,61.919,13.786,n/a
issue-77-n1-008-a05,continuous-fixed-h5,20260910,,7,59.132,n/a,50.814,8.318,n/a
issue-77-n1-008-a12,continuous-fixed-h5,20260910,,7,59.132,n/a,50.814,8.318,n/a
issue-77-n1-009-a00,continuous-fixed-h5,20260910,,7,52.657,n/a,47.712,4.945,n/a
issue-77-n1-009-a09,continuous-fixed-h5,20260910,,7,52.657,n/a,47.712,4.945,n/a
issue-77-n1-010-a06,continuous-fixed-h5,20260910,,7,68.027,n/a,33.362,34.665,n/a
issue-77-n1-011-a02,continuous-fixed-h5,20260910,,7,52.355,n/a,45.768,6.587,n/a
issue-77-n1-011-a11,continuous-fixed-h5,20260910,,7,52.355,n/a,45.768,6.587,n/a
issue-77-n1-012-a08,continuous-fixed-h5,20260910,,7,65.501,n/a,54.447,11.055,n/a
issue-77-n1-013-a04,continuous-fixed-h5,20260910,,7,72.518,n/a,57.876,14.642,n/a
issue-77-n1-014-a01,continuous-fixed-h5,20260910,,7,47.836,n/a,41.708,6.127,n/a
issue-77-n1-014-a10,continuous-fixed-h5,20260910,,7,47.836,n/a,41.708,6.127,n/a
issue-77-n1-015-a06,continuous-fixed-h5,20260910,,7,56.589,n/a,27.495,29.094,n/a
issue-77-n1-016-a03,continuous-fixed-h5,20260910,,7,36.845,n/a,27.810,9.036,n/a
issue-77-n1-016-a12,continuous-fixed-h5,20260910,,7,36.845,n/a,27.810,9.036,n/a
issue-77-n1-001-a00,no-model-ordinal-prior,20260908,,8,49.098,n/a,38.563,10.536,n/a
issue-77-n1-001-a07,no-model-ordinal-prior,20260908,,8,49.098,n/a,38.563,10.536,n/a
issue-77-n1-003-a00,no-model-ordinal-prior,20260908,prior_candidate_absent,n/a,n/a,n/a,41.677,n/a,n/a
issue-77-n1-003-a10,no-model-ordinal-prior,20260908,prior_candidate_absent,n/a,n/a,n/a,41.677,n/a,n/a
issue-77-n1-004-a07,no-model-ordinal-prior,20260908,,8,89.635,n/a,77.595,12.040,n/a
issue-77-n1-005-a07,no-model-ordinal-prior,20260908,,8,67.431,n/a,67.431,0.000,n/a
issue-77-n1-006-a05,no-model-ordinal-prior,20260908,,8,70.753,n/a,63.951,6.802,n/a
issue-77-n1-006-a11,no-model-ordinal-prior,20260908,,8,70.753,n/a,63.951,6.802,n/a
issue-77-n1-007-a05,no-model-ordinal-prior,20260908,,8,68.567,n/a,61.919,6.648,n/a
issue-77-n1-007-a12,no-model-ordinal-prior,20260908,,8,68.567,n/a,61.919,6.648,n/a
issue-77-n1-008-a05,no-model-ordinal-prior,20260908,,8,64.601,n/a,50.814,13.787,n/a
issue-77-n1-008-a12,no-model-ordinal-prior,20260908,,8,64.601,n/a,50.814,13.787,n/a
issue-77-n1-009-a00,no-model-ordinal-prior,20260908,,8,153.479,n/a,47.712,105.767,n/a
issue-77-n1-009-a09,no-model-ordinal-prior,20260908,,8,153.479,n/a,47.712,105.767,n/a
issue-77-n1-010-a06,no-model-ordinal-prior,20260908,,8,67.959,n/a,33.362,34.597,n/a
issue-77-n1-011-a02,no-model-ordinal-prior,20260908,,8,52.028,n/a,45.768,6.260,n/a
issue-77-n1-011-a11,no-model-ordinal-prior,20260908,,8,52.028,n/a,45.768,6.260,n/a
issue-77-n1-012-a08,no-model-ordinal-prior,20260908,,8,72.187,n/a,54.447,17.740,n/a
issue-77-n1-013-a04,no-model-ordinal-prior,20260908,,8,72.597,n/a,57.876,14.721,n/a
issue-77-n1-014-a01,no-model-ordinal-prior,20260908,,8,47.836,n/a,41.708,6.127,n/a
issue-77-n1-014-a10,no-model-ordinal-prior,20260908,,8,47.836,n/a,41.708,6.127,n/a
issue-77-n1-015-a06,no-model-ordinal-prior,20260908,,8,56.574,n/a,27.495,29.079,n/a
issue-77-n1-016-a03,no-model-ordinal-prior,20260908,,8,36.942,n/a,27.810,9.133,n/a
issue-77-n1-016-a12,no-model-ordinal-prior,20260908,,8,36.942,n/a,27.810,9.133,n/a
issue-77-n1-001-a00,no-model-ordinal-prior,20260909,,8,49.098,n/a,38.563,10.536,n/a
issue-77-n1-001-a07,no-model-ordinal-prior,20260909,,8,49.098,n/a,38.563,10.536,n/a
issue-77-n1-003-a00,no-model-ordinal-prior,20260909,prior_candidate_absent,n/a,n/a,n/a,41.677,n/a,n/a
issue-77-n1-003-a10,no-model-ordinal-prior,20260909,prior_candidate_absent,n/a,n/a,n/a,41.677,n/a,n/a
issue-77-n1-004-a07,no-model-ordinal-prior,20260909,,8,89.635,n/a,77.595,12.040,n/a
issue-77-n1-005-a07,no-model-ordinal-prior,20260909,,8,67.431,n/a,67.431,0.000,n/a
issue-77-n1-006-a05,no-model-ordinal-prior,20260909,,8,70.753,n/a,63.951,6.802,n/a
issue-77-n1-006-a11,no-model-ordinal-prior,20260909,,8,70.753,n/a,63.951,6.802,n/a
issue-77-n1-007-a05,no-model-ordinal-prior,20260909,,8,68.567,n/a,61.919,6.648,n/a
issue-77-n1-007-a12,no-model-ordinal-prior,20260909,,8,68.567,n/a,61.919,6.648,n/a
issue-77-n1-008-a05,no-model-ordinal-prior,20260909,,8,64.601,n/a,50.814,13.787,n/a
issue-77-n1-008-a12,no-model-ordinal-prior,20260909,,8,64.601,n/a,50.814,13.787,n/a
issue-77-n1-009-a00,no-model-ordinal-prior,20260909,,8,153.479,n/a,47.712,105.767,n/a
issue-77-n1-009-a09,no-model-ordinal-prior,20260909,,8,153.479,n/a,47.712,105.767,n/a
issue-77-n1-010-a06,no-model-ordinal-prior,20260909,,8,67.959,n/a,33.362,34.597,n/a
issue-77-n1-011-a02,no-model-ordinal-prior,20260909,,8,52.028,n/a,45.768,6.260,n/a
issue-77-n1-011-a11,no-model-ordinal-prior,20260909,,8,52.028,n/a,45.768,6.260,n/a
issue-77-n1-012-a08,no-model-ordinal-prior,20260909,,8,72.187,n/a,54.447,17.740,n/a
issue-77-n1-013-a04,no-model-ordinal-prior,20260909,,8,72.597,n/a,57.876,14.721,n/a
issue-77-n1-014-a01,no-model-ordinal-prior,20260909,,8,47.836,n/a,41.708,6.127,n/a
issue-77-n1-014-a10,no-model-ordinal-prior,20260909,,8,47.836,n/a,41.708,6.127,n/a
issue-77-n1-015-a06,no-model-ordinal-prior,20260909,,8,56.574,n/a,27.495,29.079,n/a
issue-77-n1-016-a03,no-model-ordinal-prior,20260909,,8,36.942,n/a,27.810,9.133,n/a
issue-77-n1-016-a12,no-model-ordinal-prior,20260909,,8,36.942,n/a,27.810,9.133,n/a
issue-77-n1-001-a00,no-model-ordinal-prior,20260910,,8,49.098,n/a,38.563,10.536,n/a
issue-77-n1-001-a07,no-model-ordinal-prior,20260910,,8,49.098,n/a,38.563,10.536,n/a
issue-77-n1-003-a00,no-model-ordinal-prior,20260910,prior_candidate_absent,n/a,n/a,n/a,41.677,n/a,n/a
issue-77-n1-003-a10,no-model-ordinal-prior,20260910,prior_candidate_absent,n/a,n/a,n/a,41.677,n/a,n/a
issue-77-n1-004-a07,no-model-ordinal-prior,20260910,,8,89.635,n/a,77.595,12.040,n/a
issue-77-n1-005-a07,no-model-ordinal-prior,20260910,,8,67.431,n/a,67.431,0.000,n/a
issue-77-n1-006-a05,no-model-ordinal-prior,20260910,,8,70.753,n/a,63.951,6.802,n/a
issue-77-n1-006-a11,no-model-ordinal-prior,20260910,,8,70.753,n/a,63.951,6.802,n/a
issue-77-n1-007-a05,no-model-ordinal-prior,20260910,,8,68.567,n/a,61.919,6.648,n/a
issue-77-n1-007-a12,no-model-ordinal-prior,20260910,,8,68.567,n/a,61.919,6.648,n/a
issue-77-n1-008-a05,no-model-ordinal-prior,20260910,,8,64.601,n/a,50.814,13.787,n/a
issue-77-n1-008-a12,no-model-ordinal-prior,20260910,,8,64.601,n/a,50.814,13.787,n/a
issue-77-n1-009-a00,no-model-ordinal-prior,20260910,,8,153.479,n/a,47.712,105.767,n/a
issue-77-n1-009-a09,no-model-ordinal-prior,20260910,,8,153.479,n/a,47.712,105.767,n/a
issue-77-n1-010-a06,no-model-ordinal-prior,20260910,,8,67.959,n/a,33.362,34.597,n/a
issue-77-n1-011-a02,no-model-ordinal-prior,20260910,,8,52.028,n/a,45.768,6.260,n/a
issue-77-n1-011-a11,no-model-ordinal-prior,20260910,,8,52.028,n/a,45.768,6.260,n/a
issue-77-n1-012-a08,no-model-ordinal-prior,20260910,,8,72.187,n/a,54.447,17.740,n/a
issue-77-n1-013-a04,no-model-ordinal-prior,20260910,,8,72.597,n/a,57.876,14.721,n/a
issue-77-n1-014-a01,no-model-ordinal-prior,20260910,,8,47.836,n/a,41.708,6.127,n/a
issue-77-n1-014-a10,no-model-ordinal-prior,20260910,,8,47.836,n/a,41.708,6.127,n/a
issue-77-n1-015-a06,no-model-ordinal-prior,20260910,,8,56.574,n/a,27.495,29.079,n/a
issue-77-n1-016-a03,no-model-ordinal-prior,20260910,,8,36.942,n/a,27.810,9.133,n/a
issue-77-n1-016-a12,no-model-ordinal-prior,20260910,,8,36.942,n/a,27.810,9.133,n/a

state,family,source_member,admissible_candidates,best_ordinal,best_branch_identity,best_realized_count_cost,oracle_indicator
issue-77-n1-001-a00,type010103,issue-77-n1-001,12,7,issue-77-n1-001-a07,38.563,n/a
issue-77-n1-001-a07,type010103,issue-77-n1-001,12,7,issue-77-n1-001-a07,38.563,n/a
issue-77-n1-003-a00,type010103,issue-77-n1-003,9,1,issue-77-n1-003-a01,41.677,n/a
issue-77-n1-003-a10,type010103,issue-77-n1-003,9,1,issue-77-n1-003-a01,41.677,n/a
issue-77-n1-004-a07,type010103,issue-77-n1-004,9,2,issue-77-n1-004-a02,77.595,n/a
issue-77-n1-005-a07,type010103,issue-77-n1-005,4,8,issue-77-n1-005-a08,67.431,n/a
issue-77-n1-006-a05,type010103,issue-77-n1-006,13,5,issue-77-n1-006-a05,63.951,n/a
issue-77-n1-006-a11,type010103,issue-77-n1-006,13,5,issue-77-n1-006-a05,63.951,n/a
issue-77-n1-007-a05,type010103,issue-77-n1-007,13,9,issue-77-n1-007-a09,61.919,n/a
issue-77-n1-007-a12,type010103,issue-77-n1-007,13,9,issue-77-n1-007-a09,61.919,n/a
issue-77-n1-008-a05,type010103,issue-77-n1-008,13,2,issue-77-n1-008-a02,50.814,n/a
issue-77-n1-008-a12,type010103,issue-77-n1-008,13,2,issue-77-n1-008-a02,50.814,n/a
issue-77-n1-009-a00,type010105,issue-77-n1-009,13,9,issue-77-n1-009-a09,47.712,n/a
issue-77-n1-009-a09,type010105,issue-77-n1-009,13,9,issue-77-n1-009-a09,47.712,n/a
issue-77-n1-010-a06,type010105,issue-77-n1-010,13,4,issue-77-n1-010-a04,33.362,n/a
issue-77-n1-011-a02,type010105,issue-77-n1-011,13,9,issue-77-n1-011-a09,45.768,n/a
issue-77-n1-011-a11,type010105,issue-77-n1-011,13,9,issue-77-n1-011-a09,45.768,n/a
issue-77-n1-012-a08,type010105,issue-77-n1-012,13,2,issue-77-n1-012-a02,54.447,n/a
issue-77-n1-013-a04,type010105,issue-77-n1-013,13,4,issue-77-n1-013-a04,57.876,n/a
issue-77-n1-014-a01,type010105,issue-77-n1-014,13,5,issue-77-n1-014-a05,41.708,n/a
issue-77-n1-014-a10,type010105,issue-77-n1-014,13,5,issue-77-n1-014-a05,41.708,n/a
issue-77-n1-015-a06,type010105,issue-77-n1-015,13,0,issue-77-n1-015-a00,27.495,n/a
issue-77-n1-016-a03,type010105,issue-77-n1-016,13,4,issue-77-n1-016-a04,27.810,n/a
issue-77-n1-016-a12,type010105,issue-77-n1-016,13,4,issue-77-n1-016-a04,27.810,n/a

contrast_system,metric,mean,descriptive_95_low,descriptive_95_high,paired_states
