id,statistic,value,interval_low,interval_high,interval_label,detail
guard_G1,v1 pass / v2 pass,False/True,,,,"{""max_abs_nonmotion_delta"": 0.0007217824459075928, ""max_motion_delta_times_elapsed_over_2"": 1.5482306480407715e-05, ""tolerance"": 0.001, ""v1_statistic_max_abs_delta"": 0.03587867319583893, ""windows_above_v1_tolerance"": 18}"
guard_G2,v1 pass / v2 pass,True/True,,,,"{""rows"": [{""fresh"": 773.8302905742938, ""published"": 773.74478325477, ""relative_delta"": 0.00011051101264180583, ""seed"": 20260908, ""system"": ""hybrid_continuous_h1""}, {""fresh"": 3893.468186598558, ""published"": 3893.706510103666, ""relative_delta"": 6.120736231390566e-05, ""seed"": 20260909, ""system"": ""hybrid_continuous_h1""}, {""fresh"": 4755.434934175932, ""published"": 4755.788769061749, ""relative_delta"": 7.44008834284674e-05, ""seed"": 20260910, ""system"": ""hybrid_continuous_h1""}, {""fresh"": 0.27025620410075557, ""published"": 0.27025373967794275, ""relative_delta"": 9.118922149817152e-06, ""seed"": 20260908, ""system"": ""hybrid_continuous_h5""}, {""fresh"": 0.2255287035726584, ""published"": 0.22553223772690845, ""relative_delta"": 1.567028414951514e-05, ""seed"": 20260909, ""system"": ""hybrid_continuous_h5""}, {""fresh"": 0.10307039227336645, ""published"": 0.10306793931298532, ""relative_delta"": 2.3799451094940973e-05, ""seed"": 20260910, ""system"": ""hybrid_continuous_h5""}, {""fresh"": 0.03820202130681047, ""published"": 0.03820153637430988, ""relative_delta"": 1.2694057533031298e-05, ""seed"": 20260908, ""system"": ""hybrid_continuous_h15""}, {""fresh"": 0.029772965944945235, ""published"": 0.02977393272941789, ""relative_delta"": 3.247083552720695e-05, ""seed"": 20260909, ""system"": ""hybrid_continuous_h15""}, {""fresh"": 0.02087889998578108, ""published"": 0.02088029522341318, ""relative_delta"": 6.682078089273356e-05, ""seed"": 20260910, ""system"": ""hybrid_continuous_h15""}, {""fresh"": 0.043495476138419836, ""published"": 0.04349516690350496, ""relative_delta"": 7.109638538971727e-06, ""seed"": 20260908, ""system"": ""hybrid_micro_h15""}, {""fresh"": 0.029889053906887196, ""published"": 0.029890109928181537, ""relative_delta"": 3.533012414065807e-05, ""seed"": 20260909, ""system"": ""hybrid_micro_h15""}, {""fresh"": 0.02058616892183916, ""published"": 0.02058726061995213, ""relative_delta"": 5.3027847323886564e-05, ""seed"": 20260910, ""system"": ""hybrid_micro_h15""}, {""fresh"": 0.046920759997402244, ""published"": 0.046918910856430344, ""relative_delta"": 3.9411421496064064e-05, ""seed"": 20260908, ""system"": ""hybrid_macro_h15""}, {""fresh"": 0.029712713019062698, ""published"": 0.029714166455400683, ""relative_delta"": 4.8913919229960105e-05, ""seed"": 20260909, ""system"": ""hybrid_macro_h15""}, {""fresh"": 0.04250165103719784, ""published"": 0.04250421919501744, ""relative_delta"": 6.042124448436222e-05, ""seed"": 20260910, ""system"": ""hybrid_macro_h15""}], ""tolerance"": 0.001, ""worst_relative_delta"": 0.00011051101264180583}"
guard_G3,v1 pass / v2 pass,False/True,,,,"{""candidates_checked"": 34242, ""coordinates_equal"": true, ""max_abs_count_cost_delta_fresh_vs_96"": 4.76837158203125e-07, ""tolerance"": 0.001, ""v1_run_max_abs_count_cost_delta"": 87.6999322772026}"
guard_G4,v1 pass / v2 pass,True/True,,,,"{""controller_lineages"": [""issue-77-n1-005"", ""issue-77-n1-010"", ""issue-77-n1-015""], ""fit_members"": [""issue-77-n1-001"", ""issue-77-n1-002"", ""issue-77-n1-003"", ""issue-77-n1-004"", ""issue-77-n1-005"", ""issue-77-n1-006"", ""issue-77-n1-009"", ""issue-77-n1-010"", ""issue-77-n1-011"", ""issue-77-n1-012"", ""issue-77-n1-013"", ""issue-77-n1-015""]}"
guard_G5,v1 pass / v2 pass,True/True,,,,"{""controllers"": 6, ""jepa_final"": [{""jepa_loss"": 0.05497863945654697, ""parser_loss"": 0.13269282134456767, ""step"": 9000}, {""jepa_loss"": 0.09990121208959156, ""parser_loss"": 0.3583387998243173, ""step"": 9000}, {""jepa_loss"": 0.1037554090221723, ""parser_loss"": 0.07853459860715602, ""step"": 9000}], ""jepa_steps"": [9000, 9000, 9000]}"
guard_G6,v1 pass / v2 pass,True/True,,,,"{""max_abs_delta"": 2.384185791015625e-05, ""tolerance"": 0.0001}"
guard_G7,v1 pass / v2 pass,True/True,,,,"{""held_out_engine_positives"": {""contact"": 25260.0, ""steady-state"": 25.0, ""structure-unstable"": 115.0, ""supports"": 25143.0}, ""minimum"": 20}"
guard_caps,v1 pass / v2 pass,True/True,,,,"{""gpu_seconds"": 12203.429438068764, ""status"": ""terminal"", ""wall_seconds"": 13571.686308379984}"
Q2_token,v1 / v2,readiness_or_precision_insufficient/not_supported_by_this_experiment,,,,[]
Q4_angle_J-D,estimate,0.05555555555555554,-0.02777777777777779,0.13888888888888887,DESCRIPTIVE,readiness_or_precision_insufficient/readiness_or_precision_insufficient
Q4_angle_J-T,estimate,0.06944444444444445,0.02777777777777779,0.1111111111111111,DESCRIPTIVE,readiness_or_precision_insufficient/supported
Q4_grid_J-D,estimate,0.19999999999999998,0.15555555555555553,0.22222222222222224,DESCRIPTIVE,readiness_or_precision_insufficient/supported
Q4_grid_J-T,estimate,0.16296296296296298,0.0888888888888889,0.24444444444444446,DESCRIPTIVE,readiness_or_precision_insufficient/supported
Q4_offset_J-D,estimate,0.15555555555555556,0.13333333333333333,0.16666666666666666,DESCRIPTIVE,readiness_or_precision_insufficient/supported
Q4_offset_J-T,estimate,0.022222222222222216,-0.06666666666666665,0.16666666666666666,DESCRIPTIVE,readiness_or_precision_insufficient/readiness_or_precision_insufficient
Q4_power_J-D,estimate,0.011695906432748543,-0.12280701754385963,0.08771929824561404,DESCRIPTIVE,readiness_or_precision_insufficient/readiness_or_precision_insufficient
Q4_power_J-T,estimate,0.05263157894736842,-0.14035087719298245,0.2280701754385965,DESCRIPTIVE,readiness_or_precision_insufficient/readiness_or_precision_insufficient
noise_F-1-continuous,max abs AUC change,0.43333333333333335,,,,"{""candidates"": 1719, ""candidates_above_cost_tolerance"": 85, ""cells_with_auc_change"": 2, ""max_abs_auc_change"": 0.43333333333333335, ""mean_abs_auc_change"": 0.004032009849184365, ""mixed_cells"": 114}"
noise_F-1-micro,max abs AUC change,0.04999999999999993,,,,"{""candidates"": 1719, ""candidates_above_cost_tolerance"": 73, ""cells_with_auc_change"": 1, ""max_abs_auc_change"": 0.04999999999999993, ""mean_abs_auc_change"": 0.0004385964912280696, ""mixed_cells"": 114}"
noise_F-1-macro,max abs AUC change,0.10526315789473684,,,,"{""candidates"": 1719, ""candidates_above_cost_tolerance"": 209, ""cells_with_auc_change"": 5, ""max_abs_auc_change"": 0.10526315789473684, ""mean_abs_auc_change"": 0.002304005628105351, ""mixed_cells"": 114}"
noise_F-5-continuous,max abs AUC change,0.08333333333333331,,,,"{""candidates"": 1719, ""candidates_above_cost_tolerance"": 19, ""cells_with_auc_change"": 2, ""max_abs_auc_change"": 0.08333333333333331, ""mean_abs_auc_change"": 0.0013157894736842103, ""mixed_cells"": 114}"
noise_F-5-micro,max abs AUC change,0.08333333333333337,,,,"{""candidates"": 1719, ""candidates_above_cost_tolerance"": 66, ""cells_with_auc_change"": 2, ""max_abs_auc_change"": 0.08333333333333337, ""mean_abs_auc_change"": 0.0011926746691289635, ""mixed_cells"": 114}"
noise_F-5-macro,max abs AUC change,0.3,,,,"{""candidates"": 1719, ""candidates_above_cost_tolerance"": 325, ""cells_with_auc_change"": 9, ""max_abs_auc_change"": 0.3, ""mean_abs_auc_change"": 0.010521319247081018, ""mixed_cells"": 114}"
noise_F-15-continuous,max abs AUC change,0.0,,,,"{""candidates"": 1719, ""candidates_above_cost_tolerance"": 499, ""cells_with_auc_change"": 0, ""max_abs_auc_change"": 0.0, ""mean_abs_auc_change"": 0.0, ""mixed_cells"": 114}"
noise_F-15-micro,max abs AUC change,0.0,,,,"{""candidates"": 1719, ""candidates_above_cost_tolerance"": 485, ""cells_with_auc_change"": 0, ""max_abs_auc_change"": 0.0, ""mean_abs_auc_change"": 0.0, ""mixed_cells"": 114}"
noise_F-15-macro,max abs AUC change,0.0,,,,"{""candidates"": 1719, ""candidates_above_cost_tolerance"": 875, ""cells_with_auc_change"": 0, ""max_abs_auc_change"": 0.0, ""mean_abs_auc_change"": 0.0, ""mixed_cells"": 114}"
noise_J,max abs AUC change,0.08333333333333331,,,,"{""candidates"": 1719, ""candidates_above_cost_tolerance"": 256, ""cells_with_auc_change"": 3, ""max_abs_auc_change"": 0.08333333333333331, ""mean_abs_auc_change"": 0.001485072329947676, ""mixed_cells"": 114}"
noise_M,max abs AUC change,0.09999999999999998,,,,"{""candidates"": 1719, ""candidates_above_cost_tolerance"": 217, ""cells_with_auc_change"": 5, ""max_abs_auc_change"": 0.09999999999999998, ""mean_abs_auc_change"": 0.0030119157542980255, ""mixed_cells"": 114}"
noise_T,max abs AUC change,0.0,,,,"{""candidates"": 1719, ""candidates_above_cost_tolerance"": 137, ""cells_with_auc_change"": 0, ""max_abs_auc_change"": 0.0, ""mean_abs_auc_change"": 0.0, ""mixed_cells"": 114}"
noise_D,max abs AUC change,0.25,,,,"{""candidates"": 1719, ""candidates_above_cost_tolerance"": 274, ""cells_with_auc_change"": 6, ""max_abs_auc_change"": 0.25, ""mean_abs_auc_change"": 0.005328013014993624, ""mixed_cells"": 114}"
