id,value,detail
S1_capture_reliability,True,"{""branches"": 168, ""classes"": {}, ""rate"": 0.0, ""typed_failures"": 0}"
S2_renderer,True,"{""mismatched"": [], ""renderer_mismatch_failures"": 0}"
S3_pixel_identity,True,"{""equal"": 8, ""replay_branches"": 8}"
S4_window_rule,True,"{""explanations"": {""censored at the cap"": 89, ""level_clear"": 3, ""level_clear inside a tail"": 6, ""level_fail"": 19, ""level_fail inside a tail"": 29, ""rest tail complete"": 22}, ""violations"": []}"
template:issue-110-smoke-type010101-normal-001,True,not_applicable
template:issue-110-smoke-type010101-novel-001,True,not_applicable
template:issue-110-smoke-type010102-normal-001,True,not_applicable
template:issue-110-smoke-type010102-novel-001,True,not_applicable
template:issue-110-smoke-type010103-normal-001,True,not_applicable
template:issue-110-smoke-type010103-novel-001,True,not_applicable
template:issue-110-smoke-type010104-normal-001,True,not_applicable
template:issue-110-smoke-type010104-novel-001,True,not_applicable
template:issue-110-smoke-type010105-normal-001,True,not_applicable
template:issue-110-smoke-type010105-novel-001,True,not_applicable
template:issue-110-smoke-type010201-normal-001,True,not_applicable
template:issue-110-smoke-type010201-novel-001,True,disagree
template:issue-110-smoke-type010202-normal-001,True,not_applicable
template:issue-110-smoke-type010202-novel-001,True,disagree
template:issue-110-smoke-type010203-normal-001,True,not_applicable
template:issue-110-smoke-type010203-novel-001,True,disagree
template:issue-110-smoke-type010204-normal-001,True,not_applicable
template:issue-110-smoke-type010204-novel-001,True,disagree
template:issue-110-smoke-type010205-normal-001,True,not_applicable
template:issue-110-smoke-type010205-novel-001,True,not_exercised
template:issue-110-smoke-type010301-normal-001,True,not_exercised
template:issue-110-smoke-type010301-novel-001,True,not_exercised
template:issue-110-smoke-type010302-normal-001,True,not_exercised
template:issue-110-smoke-type010302-novel-001,True,agree
template:issue-110-smoke-type010303-normal-001,True,not_exercised
template:issue-110-smoke-type010303-novel-001,True,not_exercised
template:issue-110-smoke-type010304-normal-001,True,not_exercised
template:issue-110-smoke-type010304-novel-001,True,not_exercised
template:issue-110-smoke-type010305-normal-001,True,not_exercised
template:issue-110-smoke-type010305-novel-001,True,agree
template:issue-110-smoke-type010401-normal-001,True,not_applicable
template:issue-110-smoke-type010401-novel-001,True,agree
template:issue-110-smoke-type010402-normal-001,True,not_applicable
template:issue-110-smoke-type010402-novel-001,True,agree
template:issue-110-smoke-type010403-normal-001,True,not_applicable
template:issue-110-smoke-type010403-novel-001,True,agree
template:issue-110-smoke-type010404-normal-001,True,not_applicable
template:issue-110-smoke-type010404-novel-001,True,agree
template:issue-110-smoke-type010405-normal-001,True,not_applicable
template:issue-110-smoke-type010405-novel-001,True,not_exercised
template:issue-110-smoke-type010501-normal-001,True,not_applicable
template:issue-110-smoke-type010501-novel-001,True,not_applicable
template:issue-110-smoke-type010502-normal-001,True,not_applicable
template:issue-110-smoke-type010502-novel-001,True,not_applicable
template:issue-110-smoke-type010503-normal-001,True,not_applicable
template:issue-110-smoke-type010503-novel-001,True,not_applicable
template:issue-110-smoke-type010504-normal-001,True,not_applicable
template:issue-110-smoke-type010504-novel-001,True,not_applicable
template:issue-110-smoke-type010505-normal-001,True,not_applicable
template:issue-110-smoke-type010505-novel-001,True,not_applicable
template:issue-110-smoke-type010601-normal-001,True,not_applicable
template:issue-110-smoke-type010601-novel-001,True,not_applicable
template:issue-110-smoke-type010602-normal-001,True,not_applicable
template:issue-110-smoke-type010602-novel-001,True,not_applicable
template:issue-110-smoke-type010603-normal-001,True,not_applicable
template:issue-110-smoke-type010603-novel-001,True,not_applicable
template:issue-110-smoke-type010604-normal-001,True,not_applicable
template:issue-110-smoke-type010604-novel-001,True,not_applicable
template:issue-110-smoke-type010605-normal-001,True,not_applicable
template:issue-110-smoke-type010605-novel-001,True,not_applicable
template:issue-110-smoke-type010701-normal-001,True,not_exercised
template:issue-110-smoke-type010701-novel-001,True,not_exercised
template:issue-110-smoke-type010702-normal-001,True,not_exercised
template:issue-110-smoke-type010702-novel-001,True,not_exercised
template:issue-110-smoke-type010703-normal-001,True,agree
template:issue-110-smoke-type010703-novel-001,True,agree
template:issue-110-smoke-type010704-normal-001,True,not_exercised
template:issue-110-smoke-type010704-novel-001,True,not_exercised
template:issue-110-smoke-type010705-normal-001,True,not_exercised
template:issue-110-smoke-type010705-novel-001,True,not_exercised
template:issue-110-smoke-type010801-normal-001,True,not_applicable
template:issue-110-smoke-type010801-novel-001,True,not_exercised
template:issue-110-smoke-type010802-normal-001,True,not_applicable
template:issue-110-smoke-type010802-novel-001,True,not_exercised
template:issue-110-smoke-type010803-normal-001,True,not_applicable
template:issue-110-smoke-type010803-novel-001,True,not_exercised
template:issue-110-smoke-type010804-normal-001,True,not_applicable
template:issue-110-smoke-type010804-novel-001,True,not_exercised
template:issue-110-smoke-type010805-normal-001,True,not_applicable
template:issue-110-smoke-type010805-novel-001,True,not_exercised
level_type:novelty_level_0,80,"{""branches"": 80, ""collapse_shots"": 23, ""complete"": 80, ""rest_frames"": 917, ""shots_with_rest"": 27, ""stop_kinds"": {""native_clear"": 2, ""native_fail"": 26, ""right_censored"": 44, ""stable_without_clear"": 8}, ""terminals"": {""level_clear"": 2, ""level_fail"": 26, ""native_time_window_limit"": 44, ""rest_tail_complete"": 8}}"
level_type:novelty_level_1,10,"{""branches"": 10, ""collapse_shots"": 1, ""complete"": 10, ""rest_frames"": 90, ""shots_with_rest"": 4, ""stop_kinds"": {""native_clear"": 1, ""native_fail"": 2, ""right_censored"": 6, ""stable_without_clear"": 1}, ""terminals"": {""level_clear"": 1, ""level_fail"": 2, ""native_time_window_limit"": 6, ""rest_tail_complete"": 1}}"
level_type:novelty_level_2,10,"{""branches"": 10, ""collapse_shots"": 2, ""complete"": 10, ""rest_frames"": 51, ""shots_with_rest"": 1, ""stop_kinds"": {""right_censored"": 9, ""stable_without_clear"": 1}, ""terminals"": {""native_time_window_limit"": 9, ""rest_tail_complete"": 1}}"
level_type:novelty_level_3,10,"{""branches"": 10, ""collapse_shots"": 4, ""complete"": 10, ""rest_frames"": 51, ""shots_with_rest"": 1, ""stop_kinds"": {""right_censored"": 9, ""stable_without_clear"": 1}, ""terminals"": {""native_time_window_limit"": 9, ""rest_tail_complete"": 1}}"
level_type:novelty_level_4,10,"{""branches"": 10, ""collapse_shots"": 4, ""complete"": 10, ""rest_frames"": 102, ""shots_with_rest"": 2, ""stop_kinds"": {""native_clear"": 3, ""native_fail"": 5, ""stable_without_clear"": 2}, ""terminals"": {""level_clear"": 3, ""level_fail"": 5, ""rest_tail_complete"": 2}}"
level_type:novelty_level_5,10,"{""branches"": 10, ""collapse_shots"": 3, ""complete"": 10, ""rest_frames"": 87, ""shots_with_rest"": 3, ""stop_kinds"": {""native_fail"": 3, ""right_censored"": 6, ""stable_without_clear"": 1}, ""terminals"": {""level_fail"": 3, ""native_time_window_limit"": 6, ""rest_tail_complete"": 1}}"
level_type:novelty_level_6,10,"{""branches"": 10, ""collapse_shots"": 2, ""complete"": 10, ""rest_frames"": 139, ""shots_with_rest"": 6, ""stop_kinds"": {""native_fail"": 5, ""right_censored"": 4, ""stable_without_clear"": 1}, ""terminals"": {""level_fail"": 5, ""native_time_window_limit"": 4, ""rest_tail_complete"": 1}}"
level_type:novelty_level_7,10,"{""branches"": 10, ""collapse_shots"": 5, ""complete"": 10, ""rest_frames"": 122, ""shots_with_rest"": 3, ""stop_kinds"": {""native_clear"": 1, ""native_fail"": 3, ""right_censored"": 5, ""stable_without_clear"": 1}, ""terminals"": {""level_clear"": 1, ""level_fail"": 3, ""native_time_window_limit"": 5, ""rest_tail_complete"": 1}}"
level_type:novelty_level_8,10,"{""branches"": 10, ""collapse_shots"": 3, ""complete"": 10, ""rest_frames"": 306, ""shots_with_rest"": 6, ""stop_kinds"": {""right_censored"": 4, ""stable_without_clear"": 6}, ""terminals"": {""native_time_window_limit"": 4, ""rest_tail_complete"": 6}}"
